customerId,transactionDate,amount,currency,sourceChannel,externalTransactionId
customer-0002,2026-04-01T00:07:00.000Z,2.01,EUR,mobile,
customer-0003,2026-04-01T00:14:00.000Z,3.02,GBP,email,
customer-0004,2026-04-01T00:21:00.000Z,4.03,UAH,pos,ext-000003
customer-0005,2026-04-01T00:28:00.000Z,5.04,USD,web,
customer-0006,2026-04-01T00:35:00.000Z,6.05,EUR,mobile,
customer-0007,2026-04-01T00:42:00.000Z,7.06,GBP,email,ext-000006
customer-0008,2026-04-01T00:49:00.000Z,8.07,UAH,pos,
customer-0009,2026-04-01T00:56:00.000Z,9.08,USD,web,
customer-0010,2026-04-01T01:03:00.000Z,10.09,EUR,mobile,ext-000009
customer-0011,2026-04-01T01:10:00.000Z,11.10,GBP,email,
customer-0012,2026-04-01T01:17:00.000Z,12.11,UAH,pos,
customer-0013,2026-04-01T01:24:00.000Z,13.12,USD,web,ext-000012
customer-0014,2026-04-01T01:31:00.000Z,14.13,EUR,mobile,
customer-0015,2026-04-01T01:38:00.000Z,15.14,GBP,email,
customer-0016,2026-04-01T01:45:00.000Z,16.15,UAH,pos,ext-000015
customer-0017,2026-04-01T01:52:00.000Z,17.16,USD,web,
customer-0018,2026-04-01T01:59:00.000Z,18.17,EUR,mobile,
customer-0019,2026-04-01T02:06:00.000Z,19.18,GBP,email,ext-000018
customer-0020,2026-04-01T02:13:00.000Z,20.19,UAH,pos,
customer-0021,2026-04-01T02:20:00.000Z,21.20,USD,web,
customer-0022,2026-04-01T02:27:00.000Z,22.21,EUR,mobile,ext-000021
customer-0023,2026-04-01T02:34:00.000Z,23.22,GBP,email,
customer-0024,2026-04-01T02:41:00.000Z,24.23,UAH,pos,
customer-0025,2026-04-01T02:48:00.000Z,25.24,USD,web,ext-000024
customer-0026,2026-04-01T02:55:00.000Z,26.25,EUR,mobile,
customer-0027,2026-04-01T03:02:00.000Z,27.26,GBP,email,
customer-0028,2026-04-01T03:09:00.000Z,28.27,UAH,pos,ext-000027
customer-0029,2026-04-01T03:16:00.000Z,29.28,USD,web,
customer-0030,2026-04-01T03:23:00.000Z,30.29,EUR,mobile,
customer-0031,2026-04-01T03:30:00.000Z,31.30,GBP,email,ext-000030
customer-0032,2026-04-01T03:37:00.000Z,32.31,UAH,pos,
customer-0033,2026-04-01T03:44:00.000Z,33.32,USD,web,
customer-0034,2026-04-01T03:51:00.000Z,34.33,EUR,mobile,ext-000033
customer-0035,2026-04-01T03:58:00.000Z,35.34,GBP,email,
customer-0036,2026-04-01T04:05:00.000Z,36.35,UAH,pos,
customer-0037,2026-04-01T04:12:00.000Z,37.36,USD,web,ext-000036
customer-0038,2026-04-01T04:19:00.000Z,38.37,EUR,mobile,
customer-0039,2026-04-01T04:26:00.000Z,39.38,GBP,email,
customer-0040,2026-04-01T04:33:00.000Z,40.39,UAH,pos,ext-000039
customer-0041,2026-04-01T04:40:00.000Z,41.40,USD,web,
customer-0042,2026-04-01T04:47:00.000Z,42.41,EUR,mobile,
customer-0043,2026-04-01T04:54:00.000Z,43.42,GBP,email,ext-000042
customer-0044,2026-04-01T05:01:00.000Z,44.43,UAH,pos,
customer-0045,2026-04-01T05:08:00.000Z,45.44,USD,web,
customer-0046,2026-04-01T05:15:00.000Z,46.45,EUR,mobile,ext-000045
customer-0047,2026-04-01T05:22:00.000Z,47.46,GBP,email,
customer-0048,2026-04-01T05:29:00.000Z,48.47,UAH,pos,
customer-0049,2026-04-01T05:36:00.000Z,49.48,USD,web,ext-000048
customer-0050,2026-04-01T05:43:00.000Z,50.49,EUR,mobile,
customer-0051,2026-04-01T05:50:00.000Z,51.50,GBP,email,
customer-0052,2026-04-01T05:57:00.000Z,52.51,UAH,pos,ext-000051
customer-0053,2026-04-01T06:04:00.000Z,53.52,USD,web,
customer-0054,2026-04-01T06:11:00.000Z,54.53,EUR,mobile,
customer-0055,2026-04-01T06:18:00.000Z,55.54,GBP,email,ext-000054
customer-0056,2026-04-01T06:25:00.000Z,56.55,UAH,pos,
customer-0057,2026-04-01T06:32:00.000Z,57.56,USD,web,
customer-0058,2026-04-01T06:39:00.000Z,58.57,EUR,mobile,ext-000057
customer-0059,2026-04-01T06:46:00.000Z,59.58,GBP,email,
customer-0060,2026-04-01T06:53:00.000Z,60.59,UAH,pos,
customer-0061,2026-04-01T07:00:00.000Z,61.60,USD,web,ext-000060
customer-0062,2026-04-01T07:07:00.000Z,62.61,EUR,mobile,
customer-0063,2026-04-01T07:14:00.000Z,63.62,GBP,email,
customer-0064,2026-04-01T07:21:00.000Z,64.63,UAH,pos,ext-000063
customer-0065,2026-04-01T07:28:00.000Z,65.64,USD,web,
customer-0066,2026-04-01T07:35:00.000Z,66.65,EUR,mobile,
customer-0067,2026-04-01T07:42:00.000Z,67.66,GBP,email,ext-000066
customer-0068,2026-04-01T07:49:00.000Z,68.67,UAH,pos,
customer-0069,2026-04-01T07:56:00.000Z,69.68,USD,web,
customer-0070,2026-04-01T08:03:00.000Z,70.69,EUR,mobile,ext-000069
customer-0071,2026-04-01T08:10:00.000Z,71.70,GBP,email,
customer-0072,2026-04-01T08:17:00.000Z,72.71,UAH,pos,
customer-0073,2026-04-01T08:24:00.000Z,73.72,USD,web,ext-000072
customer-0074,2026-04-01T08:31:00.000Z,74.73,EUR,mobile,
customer-0075,2026-04-01T08:38:00.000Z,75.74,GBP,email,
customer-0076,2026-04-01T08:45:00.000Z,76.75,UAH,pos,ext-000075
customer-0077,2026-04-01T08:52:00.000Z,77.76,USD,web,
customer-0078,2026-04-01T08:59:00.000Z,78.77,EUR,mobile,
customer-0079,2026-04-01T09:06:00.000Z,79.78,GBP,email,ext-000078
customer-0080,2026-04-01T09:13:00.000Z,80.79,UAH,pos,
customer-0081,2026-04-01T09:20:00.000Z,81.80,USD,web,
customer-0082,2026-04-01T09:27:00.000Z,82.81,EUR,mobile,ext-000081
customer-0083,2026-04-01T09:34:00.000Z,83.82,GBP,email,
customer-0084,2026-04-01T09:41:00.000Z,84.83,UAH,pos,
customer-0085,2026-04-01T09:48:00.000Z,85.84,USD,web,ext-000084
customer-0086,2026-04-01T09:55:00.000Z,86.85,EUR,mobile,
customer-0087,2026-04-01T10:02:00.000Z,87.86,GBP,email,
customer-0088,2026-04-01T10:09:00.000Z,88.87,UAH,pos,ext-000087
customer-0089,2026-04-01T10:16:00.000Z,89.88,USD,web,
customer-0090,2026-04-01T10:23:00.000Z,90.89,EUR,mobile,
customer-0091,2026-04-01T10:30:00.000Z,91.90,GBP,email,ext-000090
customer-0092,2026-04-01T10:37:00.000Z,92.91,UAH,pos,
customer-0093,2026-04-01T10:44:00.000Z,93.92,USD,web,
customer-0094,2026-04-01T10:51:00.000Z,94.93,EUR,mobile,ext-000093
customer-0095,2026-04-01T10:58:00.000Z,95.94,GBP,email,
customer-0096,2026-04-01T11:05:00.000Z,96.95,UAH,pos,
customer-0097,2026-04-01T11:12:00.000Z,97.96,USD,web,ext-000096
customer-0098,2026-04-01T11:19:00.000Z,98.97,EUR,mobile,
customer-0099,2026-04-01T11:26:00.000Z,99.98,GBP,email,
customer-0100,2026-04-01T11:33:00.000Z,100.00,UAH,pos,ext-000099
customer-0101,2026-04-01T11:40:00.000Z,101.01,USD,web,
customer-0102,2026-04-01T11:47:00.000Z,102.02,EUR,mobile,
customer-0103,2026-04-01T11:54:00.000Z,103.03,GBP,email,ext-000102
customer-0104,2026-04-01T12:01:00.000Z,104.04,UAH,pos,
customer-0105,2026-04-01T12:08:00.000Z,105.05,USD,web,
customer-0106,2026-04-01T12:15:00.000Z,106.06,EUR,mobile,ext-000105
customer-0107,2026-04-01T12:22:00.000Z,107.07,GBP,email,
customer-0108,2026-04-01T12:29:00.000Z,108.08,UAH,pos,
customer-0109,2026-04-01T12:36:00.000Z,109.09,USD,web,ext-000108
customer-0110,2026-04-01T12:43:00.000Z,110.10,EUR,mobile,
customer-0111,2026-04-01T12:50:00.000Z,111.11,GBP,email,
customer-0112,2026-04-01T12:57:00.000Z,112.12,UAH,pos,ext-000111
customer-0113,2026-04-01T13:04:00.000Z,113.13,USD,web,
customer-0114,2026-04-01T13:11:00.000Z,114.14,EUR,mobile,
customer-0115,2026-04-01T13:18:00.000Z,115.15,GBP,email,ext-000114
customer-0116,2026-04-01T13:25:00.000Z,116.16,UAH,pos,
customer-0117,2026-04-01T13:32:00.000Z,117.17,USD,web,
customer-0118,2026-04-01T13:39:00.000Z,118.18,EUR,mobile,ext-000117
customer-0119,2026-04-01T13:46:00.000Z,119.19,GBP,email,
customer-0120,2026-04-01T13:53:00.000Z,120.20,UAH,pos,
customer-0121,2026-04-01T14:00:00.000Z,121.21,USD,web,ext-000120
customer-0122,2026-04-01T14:07:00.000Z,122.22,EUR,mobile,
customer-0123,2026-04-01T14:14:00.000Z,123.23,GBP,email,
customer-0124,2026-04-01T14:21:00.000Z,124.24,UAH,pos,ext-000123
customer-0125,2026-04-01T14:28:00.000Z,125.25,USD,web,
customer-0126,2026-04-01T14:35:00.000Z,126.26,EUR,mobile,
customer-0127,2026-04-01T14:42:00.000Z,127.27,GBP,email,ext-000126
customer-0128,2026-04-01T14:49:00.000Z,128.28,UAH,pos,
customer-0129,2026-04-01T14:56:00.000Z,129.29,USD,web,
customer-0130,2026-04-01T15:03:00.000Z,130.30,EUR,mobile,ext-000129
customer-0131,2026-04-01T15:10:00.000Z,131.31,GBP,email,
customer-0132,2026-04-01T15:17:00.000Z,132.32,UAH,pos,
customer-0133,2026-04-01T15:24:00.000Z,133.33,USD,web,ext-000132
customer-0134,2026-04-01T15:31:00.000Z,134.34,EUR,mobile,
customer-0135,2026-04-01T15:38:00.000Z,135.35,GBP,email,
customer-0136,2026-04-01T15:45:00.000Z,136.36,UAH,pos,ext-000135
customer-0137,2026-04-01T15:52:00.000Z,137.37,USD,web,
customer-0138,2026-04-01T15:59:00.000Z,138.38,EUR,mobile,
customer-0139,2026-04-01T16:06:00.000Z,139.39,GBP,email,ext-000138
customer-0140,2026-04-01T16:13:00.000Z,140.40,UAH,pos,
customer-0141,2026-04-01T16:20:00.000Z,141.41,USD,web,
customer-0142,2026-04-01T16:27:00.000Z,142.42,EUR,mobile,ext-000141
customer-0143,2026-04-01T16:34:00.000Z,143.43,GBP,email,
customer-0144,2026-04-01T16:41:00.000Z,144.44,UAH,pos,
customer-0145,2026-04-01T16:48:00.000Z,145.45,USD,web,ext-000144
customer-0146,2026-04-01T16:55:00.000Z,146.46,EUR,mobile,
customer-0147,2026-04-01T17:02:00.000Z,147.47,GBP,email,
customer-0148,2026-04-01T17:09:00.000Z,148.48,UAH,pos,ext-000147
customer-0149,2026-04-01T17:16:00.000Z,149.49,USD,web,
customer-0150,2026-04-01T17:23:00.000Z,150.50,EUR,mobile,
customer-0151,2026-04-01T17:30:00.000Z,151.51,GBP,email,ext-000150
customer-0152,2026-04-01T17:37:00.000Z,152.52,UAH,pos,
customer-0153,2026-04-01T17:44:00.000Z,153.53,USD,web,
customer-0154,2026-04-01T17:51:00.000Z,154.54,EUR,mobile,ext-000153
customer-0155,2026-04-01T17:58:00.000Z,155.55,GBP,email,
customer-0156,2026-04-01T18:05:00.000Z,156.56,UAH,pos,
customer-0157,2026-04-01T18:12:00.000Z,157.57,USD,web,ext-000156
customer-0158,2026-04-01T18:19:00.000Z,158.58,EUR,mobile,
customer-0159,2026-04-01T18:26:00.000Z,159.59,GBP,email,
customer-0160,2026-04-01T18:33:00.000Z,160.60,UAH,pos,ext-000159
customer-0161,2026-04-01T18:40:00.000Z,161.61,USD,web,
customer-0162,2026-04-01T18:47:00.000Z,162.62,EUR,mobile,
customer-0163,2026-04-01T18:54:00.000Z,163.63,GBP,email,ext-000162
customer-0164,2026-04-01T19:01:00.000Z,164.64,UAH,pos,
customer-0165,2026-04-01T19:08:00.000Z,165.65,USD,web,
customer-0166,2026-04-01T19:15:00.000Z,166.66,EUR,mobile,ext-000165
customer-0167,2026-04-01T19:22:00.000Z,167.67,GBP,email,
customer-0168,2026-04-01T19:29:00.000Z,168.68,UAH,pos,
customer-0169,2026-04-01T19:36:00.000Z,169.69,USD,web,ext-000168
customer-0170,2026-04-01T19:43:00.000Z,170.70,EUR,mobile,
customer-0171,2026-04-01T19:50:00.000Z,171.71,GBP,email,
customer-0172,2026-04-01T19:57:00.000Z,172.72,UAH,pos,ext-000171
customer-0173,2026-04-01T20:04:00.000Z,173.73,USD,web,
customer-0174,2026-04-01T20:11:00.000Z,174.74,EUR,mobile,
customer-0175,2026-04-01T20:18:00.000Z,175.75,GBP,email,ext-000174
customer-0176,2026-04-01T20:25:00.000Z,176.76,UAH,pos,
customer-0177,2026-04-01T20:32:00.000Z,177.77,USD,web,
customer-0178,2026-04-01T20:39:00.000Z,178.78,EUR,mobile,ext-000177
customer-0179,2026-04-01T20:46:00.000Z,179.79,GBP,email,
customer-0180,2026-04-01T20:53:00.000Z,180.80,UAH,pos,
customer-0181,2026-04-01T21:00:00.000Z,181.81,USD,web,ext-000180
customer-0182,2026-04-01T21:07:00.000Z,182.82,EUR,mobile,
customer-0183,2026-04-01T21:14:00.000Z,183.83,GBP,email,
customer-0184,2026-04-01T21:21:00.000Z,184.84,UAH,pos,ext-000183
customer-0185,2026-04-01T21:28:00.000Z,185.85,USD,web,
customer-0186,2026-04-01T21:35:00.000Z,186.86,EUR,mobile,
customer-0187,2026-04-01T21:42:00.000Z,187.87,GBP,email,ext-000186
customer-0188,2026-04-01T21:49:00.000Z,188.88,UAH,pos,
customer-0189,2026-04-01T21:56:00.000Z,189.89,USD,web,
customer-0190,2026-04-01T22:03:00.000Z,190.90,EUR,mobile,ext-000189
customer-0191,2026-04-01T22:10:00.000Z,191.91,GBP,email,
customer-0192,2026-04-01T22:17:00.000Z,192.92,UAH,pos,
customer-0193,2026-04-01T22:24:00.000Z,193.93,USD,web,ext-000192
customer-0194,2026-04-01T22:31:00.000Z,194.94,EUR,mobile,
customer-0195,2026-04-01T22:38:00.000Z,195.95,GBP,email,
customer-0196,2026-04-01T22:45:00.000Z,196.96,UAH,pos,ext-000195
customer-0197,2026-04-01T22:52:00.000Z,197.97,USD,web,
customer-0198,2026-04-01T22:59:00.000Z,198.98,EUR,mobile,
customer-0199,2026-04-01T23:06:00.000Z,199.00,GBP,email,ext-000198
customer-0200,2026-04-01T23:13:00.000Z,200.01,UAH,pos,
customer-0201,2026-04-01T23:20:00.000Z,201.02,USD,web,
customer-0202,2026-04-01T23:27:00.000Z,202.03,EUR,mobile,ext-000201
customer-0203,2026-04-01T23:34:00.000Z,203.04,GBP,email,
customer-0204,2026-04-01T23:41:00.000Z,204.05,UAH,pos,
customer-0205,2026-04-01T23:48:00.000Z,205.06,USD,web,ext-000204
customer-0206,2026-04-01T23:55:00.000Z,206.07,EUR,mobile,
customer-0207,2026-04-02T00:02:00.000Z,207.08,GBP,email,
customer-0208,2026-04-02T00:09:00.000Z,208.09,UAH,pos,ext-000207
customer-0209,2026-04-02T00:16:00.000Z,209.10,USD,web,
customer-0210,2026-04-02T00:23:00.000Z,210.11,EUR,mobile,
customer-0211,2026-04-02T00:30:00.000Z,211.12,GBP,email,ext-000210
customer-0212,2026-04-02T00:37:00.000Z,212.13,UAH,pos,
customer-0213,2026-04-02T00:44:00.000Z,213.14,USD,web,
customer-0214,2026-04-02T00:51:00.000Z,214.15,EUR,mobile,ext-000213
customer-0215,2026-04-02T00:58:00.000Z,215.16,GBP,email,
customer-0216,2026-04-02T01:05:00.000Z,216.17,UAH,pos,
customer-0217,2026-04-02T01:12:00.000Z,217.18,USD,web,ext-000216
customer-0218,2026-04-02T01:19:00.000Z,218.19,EUR,mobile,
customer-0219,2026-04-02T01:26:00.000Z,219.20,GBP,email,
customer-0220,2026-04-02T01:33:00.000Z,220.21,UAH,pos,ext-000219
customer-0221,2026-04-02T01:40:00.000Z,221.22,USD,web,
customer-0222,2026-04-02T01:47:00.000Z,222.23,EUR,mobile,
customer-0223,2026-04-02T01:54:00.000Z,223.24,GBP,email,ext-000222
customer-0224,2026-04-02T02:01:00.000Z,224.25,UAH,pos,
customer-0225,2026-04-02T02:08:00.000Z,225.26,USD,web,
customer-0226,2026-04-02T02:15:00.000Z,226.27,EUR,mobile,ext-000225
customer-0227,2026-04-02T02:22:00.000Z,227.28,GBP,email,
customer-0228,2026-04-02T02:29:00.000Z,228.29,UAH,pos,
customer-0229,2026-04-02T02:36:00.000Z,229.30,USD,web,ext-000228
customer-0230,2026-04-02T02:43:00.000Z,230.31,EUR,mobile,
customer-0231,2026-04-02T02:50:00.000Z,231.32,GBP,email,
customer-0232,2026-04-02T02:57:00.000Z,232.33,UAH,pos,ext-000231
customer-0233,2026-04-02T03:04:00.000Z,233.34,USD,web,
customer-0234,2026-04-02T03:11:00.000Z,234.35,EUR,mobile,
customer-0235,2026-04-02T03:18:00.000Z,235.36,GBP,email,ext-000234
customer-0236,2026-04-02T03:25:00.000Z,236.37,UAH,pos,
customer-0237,2026-04-02T03:32:00.000Z,237.38,USD,web,
customer-0238,2026-04-02T03:39:00.000Z,238.39,EUR,mobile,ext-000237
customer-0239,2026-04-02T03:46:00.000Z,239.40,GBP,email,
customer-0240,2026-04-02T03:53:00.000Z,240.41,UAH,pos,
customer-0241,2026-04-02T04:00:00.000Z,241.42,USD,web,ext-000240
customer-0242,2026-04-02T04:07:00.000Z,242.43,EUR,mobile,
customer-0243,2026-04-02T04:14:00.000Z,243.44,GBP,email,
customer-0244,2026-04-02T04:21:00.000Z,244.45,UAH,pos,ext-000243
customer-0245,2026-04-02T04:28:00.000Z,245.46,USD,web,
customer-0246,2026-04-02T04:35:00.000Z,246.47,EUR,mobile,
customer-0247,2026-04-02T04:42:00.000Z,247.48,GBP,email,ext-000246
customer-0248,2026-04-02T04:49:00.000Z,248.49,UAH,pos,
customer-0249,2026-04-02T04:56:00.000Z,249.50,USD,web,
customer-0250,2026-04-02T05:03:00.000Z,250.51,EUR,mobile,ext-000249
customer-0251,2026-04-02T05:10:00.000Z,251.52,GBP,email,
customer-0252,2026-04-02T05:17:00.000Z,252.53,UAH,pos,
customer-0253,2026-04-02T05:24:00.000Z,253.54,USD,web,ext-000252
customer-0254,2026-04-02T05:31:00.000Z,254.55,EUR,mobile,
customer-0255,2026-04-02T05:38:00.000Z,255.56,GBP,email,
customer-0256,2026-04-02T05:45:00.000Z,256.57,UAH,pos,ext-000255
customer-0257,2026-04-02T05:52:00.000Z,257.58,USD,web,
customer-0258,2026-04-02T05:59:00.000Z,258.59,EUR,mobile,
customer-0259,2026-04-02T06:06:00.000Z,259.60,GBP,email,ext-000258
customer-0260,2026-04-02T06:13:00.000Z,260.61,UAH,pos,
customer-0261,2026-04-02T06:20:00.000Z,261.62,USD,web,
customer-0262,2026-04-02T06:27:00.000Z,262.63,EUR,mobile,ext-000261
customer-0263,2026-04-02T06:34:00.000Z,263.64,GBP,email,
customer-0264,2026-04-02T06:41:00.000Z,264.65,UAH,pos,
customer-0265,2026-04-02T06:48:00.000Z,265.66,USD,web,ext-000264
customer-0266,2026-04-02T06:55:00.000Z,266.67,EUR,mobile,
customer-0267,2026-04-02T07:02:00.000Z,267.68,GBP,email,
customer-0268,2026-04-02T07:09:00.000Z,268.69,UAH,pos,ext-000267
customer-0269,2026-04-02T07:16:00.000Z,269.70,USD,web,
customer-0270,2026-04-02T07:23:00.000Z,270.71,EUR,mobile,
customer-0271,2026-04-02T07:30:00.000Z,271.72,GBP,email,ext-000270
customer-0272,2026-04-02T07:37:00.000Z,272.73,UAH,pos,
customer-0273,2026-04-02T07:44:00.000Z,273.74,USD,web,
customer-0274,2026-04-02T07:51:00.000Z,274.75,EUR,mobile,ext-000273
customer-0275,2026-04-02T07:58:00.000Z,275.76,GBP,email,
customer-0276,2026-04-02T08:05:00.000Z,276.77,UAH,pos,
customer-0277,2026-04-02T08:12:00.000Z,277.78,USD,web,ext-000276
customer-0278,2026-04-02T08:19:00.000Z,278.79,EUR,mobile,
customer-0279,2026-04-02T08:26:00.000Z,279.80,GBP,email,
customer-0280,2026-04-02T08:33:00.000Z,280.81,UAH,pos,ext-000279
customer-0281,2026-04-02T08:40:00.000Z,281.82,USD,web,
customer-0282,2026-04-02T08:47:00.000Z,282.83,EUR,mobile,
customer-0283,2026-04-02T08:54:00.000Z,283.84,GBP,email,ext-000282
customer-0284,2026-04-02T09:01:00.000Z,284.85,UAH,pos,
customer-0285,2026-04-02T09:08:00.000Z,285.86,USD,web,
customer-0286,2026-04-02T09:15:00.000Z,286.87,EUR,mobile,ext-000285
customer-0287,2026-04-02T09:22:00.000Z,287.88,GBP,email,
customer-0288,2026-04-02T09:29:00.000Z,288.89,UAH,pos,
customer-0289,2026-04-02T09:36:00.000Z,289.90,USD,web,ext-000288
customer-0290,2026-04-02T09:43:00.000Z,290.91,EUR,mobile,
customer-0291,2026-04-02T09:50:00.000Z,291.92,GBP,email,
customer-0292,2026-04-02T09:57:00.000Z,292.93,UAH,pos,ext-000291
customer-0293,2026-04-02T10:04:00.000Z,293.94,USD,web,
customer-0294,2026-04-02T10:11:00.000Z,294.95,EUR,mobile,
customer-0295,2026-04-02T10:18:00.000Z,295.96,GBP,email,ext-000294
customer-0296,2026-04-02T10:25:00.000Z,296.97,UAH,pos,
customer-0297,2026-04-02T10:32:00.000Z,297.98,USD,web,
customer-0298,2026-04-02T10:39:00.000Z,298.00,EUR,mobile,ext-000297
customer-0299,2026-04-02T10:46:00.000Z,299.01,GBP,email,
customer-0300,2026-04-02T10:53:00.000Z,300.02,UAH,pos,
customer-0301,2026-04-02T11:00:00.000Z,301.03,USD,web,ext-000300
customer-0302,2026-04-02T11:07:00.000Z,302.04,EUR,mobile,
customer-0303,2026-04-02T11:14:00.000Z,303.05,GBP,email,
customer-0304,2026-04-02T11:21:00.000Z,304.06,UAH,pos,ext-000303
customer-0305,2026-04-02T11:28:00.000Z,305.07,USD,web,
customer-0306,2026-04-02T11:35:00.000Z,306.08,EUR,mobile,
customer-0307,2026-04-02T11:42:00.000Z,307.09,GBP,email,ext-000306
customer-0308,2026-04-02T11:49:00.000Z,308.10,UAH,pos,
customer-0309,2026-04-02T11:56:00.000Z,309.11,USD,web,
customer-0310,2026-04-02T12:03:00.000Z,310.12,EUR,mobile,ext-000309
customer-0311,2026-04-02T12:10:00.000Z,311.13,GBP,email,
customer-0312,2026-04-02T12:17:00.000Z,312.14,UAH,pos,
customer-0313,2026-04-02T12:24:00.000Z,313.15,USD,web,ext-000312
customer-0314,2026-04-02T12:31:00.000Z,314.16,EUR,mobile,
customer-0315,2026-04-02T12:38:00.000Z,315.17,GBP,email,
customer-0316,2026-04-02T12:45:00.000Z,316.18,UAH,pos,ext-000315
customer-0317,2026-04-02T12:52:00.000Z,317.19,USD,web,
customer-0318,2026-04-02T12:59:00.000Z,318.20,EUR,mobile,
customer-0319,2026-04-02T13:06:00.000Z,319.21,GBP,email,ext-000318
customer-0320,2026-04-02T13:13:00.000Z,320.22,UAH,pos,
customer-0321,2026-04-02T13:20:00.000Z,321.23,USD,web,
customer-0322,2026-04-02T13:27:00.000Z,322.24,EUR,mobile,ext-000321
customer-0323,2026-04-02T13:34:00.000Z,323.25,GBP,email,
customer-0324,2026-04-02T13:41:00.000Z,324.26,UAH,pos,
customer-0325,2026-04-02T13:48:00.000Z,325.27,USD,web,ext-000324
customer-0326,2026-04-02T13:55:00.000Z,326.28,EUR,mobile,
customer-0327,2026-04-02T14:02:00.000Z,327.29,GBP,email,
customer-0328,2026-04-02T14:09:00.000Z,328.30,UAH,pos,ext-000327
customer-0329,2026-04-02T14:16:00.000Z,329.31,USD,web,
customer-0330,2026-04-02T14:23:00.000Z,330.32,EUR,mobile,
customer-0331,2026-04-02T14:30:00.000Z,331.33,GBP,email,ext-000330
customer-0332,2026-04-02T14:37:00.000Z,332.34,UAH,pos,
customer-0333,2026-04-02T14:44:00.000Z,333.35,USD,web,
customer-0334,2026-04-02T14:51:00.000Z,334.36,EUR,mobile,ext-000333
customer-0335,2026-04-02T14:58:00.000Z,335.37,GBP,email,
customer-0336,2026-04-02T15:05:00.000Z,336.38,UAH,pos,
customer-0337,2026-04-02T15:12:00.000Z,337.39,USD,web,ext-000336
customer-0338,2026-04-02T15:19:00.000Z,338.40,EUR,mobile,
customer-0339,2026-04-02T15:26:00.000Z,339.41,GBP,email,
customer-0340,2026-04-02T15:33:00.000Z,340.42,UAH,pos,ext-000339
customer-0341,2026-04-02T15:40:00.000Z,341.43,USD,web,
customer-0342,2026-04-02T15:47:00.000Z,342.44,EUR,mobile,
customer-0343,2026-04-02T15:54:00.000Z,343.45,GBP,email,ext-000342
customer-0344,2026-04-02T16:01:00.000Z,344.46,UAH,pos,
customer-0345,2026-04-02T16:08:00.000Z,345.47,USD,web,
customer-0346,2026-04-02T16:15:00.000Z,346.48,EUR,mobile,ext-000345
customer-0347,2026-04-02T16:22:00.000Z,347.49,GBP,email,
customer-0348,2026-04-02T16:29:00.000Z,348.50,UAH,pos,
customer-0349,2026-04-02T16:36:00.000Z,349.51,USD,web,ext-000348
customer-0350,2026-04-02T16:43:00.000Z,350.52,EUR,mobile,
customer-0351,2026-04-02T16:50:00.000Z,351.53,GBP,email,
customer-0352,2026-04-02T16:57:00.000Z,352.54,UAH,pos,ext-000351
customer-0353,2026-04-02T17:04:00.000Z,353.55,USD,web,
customer-0354,2026-04-02T17:11:00.000Z,354.56,EUR,mobile,
customer-0355,2026-04-02T17:18:00.000Z,355.57,GBP,email,ext-000354
customer-0356,2026-04-02T17:25:00.000Z,356.58,UAH,pos,
customer-0357,2026-04-02T17:32:00.000Z,357.59,USD,web,
customer-0358,2026-04-02T17:39:00.000Z,358.60,EUR,mobile,ext-000357
customer-0359,2026-04-02T17:46:00.000Z,359.61,GBP,email,
customer-0360,2026-04-02T17:53:00.000Z,360.62,UAH,pos,
customer-0361,2026-04-02T18:00:00.000Z,361.63,USD,web,ext-000360
customer-0362,2026-04-02T18:07:00.000Z,362.64,EUR,mobile,
customer-0363,2026-04-02T18:14:00.000Z,363.65,GBP,email,
customer-0364,2026-04-02T18:21:00.000Z,364.66,UAH,pos,ext-000363
customer-0365,2026-04-02T18:28:00.000Z,365.67,USD,web,
customer-0366,2026-04-02T18:35:00.000Z,366.68,EUR,mobile,
customer-0367,2026-04-02T18:42:00.000Z,367.69,GBP,email,ext-000366
customer-0368,2026-04-02T18:49:00.000Z,368.70,UAH,pos,
customer-0369,2026-04-02T18:56:00.000Z,369.71,USD,web,
customer-0370,2026-04-02T19:03:00.000Z,370.72,EUR,mobile,ext-000369
customer-0371,2026-04-02T19:10:00.000Z,371.73,GBP,email,
customer-0372,2026-04-02T19:17:00.000Z,372.74,UAH,pos,
customer-0373,2026-04-02T19:24:00.000Z,373.75,USD,web,ext-000372
customer-0374,2026-04-02T19:31:00.000Z,374.76,EUR,mobile,
customer-0375,2026-04-02T19:38:00.000Z,375.77,GBP,email,
customer-0376,2026-04-02T19:45:00.000Z,376.78,UAH,pos,ext-000375
customer-0377,2026-04-02T19:52:00.000Z,377.79,USD,web,
customer-0378,2026-04-02T19:59:00.000Z,378.80,EUR,mobile,
customer-0379,2026-04-02T20:06:00.000Z,379.81,GBP,email,ext-000378
customer-0380,2026-04-02T20:13:00.000Z,380.82,UAH,pos,
customer-0381,2026-04-02T20:20:00.000Z,381.83,USD,web,
customer-0382,2026-04-02T20:27:00.000Z,382.84,EUR,mobile,ext-000381
customer-0383,2026-04-02T20:34:00.000Z,383.85,GBP,email,
customer-0384,2026-04-02T20:41:00.000Z,384.86,UAH,pos,
customer-0385,2026-04-02T20:48:00.000Z,385.87,USD,web,ext-000384
customer-0386,2026-04-02T20:55:00.000Z,386.88,EUR,mobile,
customer-0387,2026-04-02T21:02:00.000Z,387.89,GBP,email,
customer-0388,2026-04-02T21:09:00.000Z,388.90,UAH,pos,ext-000387
customer-0389,2026-04-02T21:16:00.000Z,389.91,USD,web,
customer-0390,2026-04-02T21:23:00.000Z,390.92,EUR,mobile,
customer-0391,2026-04-02T21:30:00.000Z,391.93,GBP,email,ext-000390
customer-0392,2026-04-02T21:37:00.000Z,392.94,UAH,pos,
customer-0393,2026-04-02T21:44:00.000Z,393.95,USD,web,
customer-0394,2026-04-02T21:51:00.000Z,394.96,EUR,mobile,ext-000393
customer-0395,2026-04-02T21:58:00.000Z,395.97,GBP,email,
customer-0396,2026-04-02T22:05:00.000Z,396.98,UAH,pos,
customer-0397,2026-04-02T22:12:00.000Z,397.00,USD,web,ext-000396
customer-0398,2026-04-02T22:19:00.000Z,398.01,EUR,mobile,
customer-0399,2026-04-02T22:26:00.000Z,399.02,GBP,email,
customer-0400,2026-04-02T22:33:00.000Z,400.03,UAH,pos,ext-000399
customer-0401,2026-04-02T22:40:00.000Z,401.04,USD,web,
customer-0402,2026-04-02T22:47:00.000Z,402.05,EUR,mobile,
customer-0403,2026-04-02T22:54:00.000Z,403.06,GBP,email,ext-000402
customer-0404,2026-04-02T23:01:00.000Z,404.07,UAH,pos,
customer-0405,2026-04-02T23:08:00.000Z,405.08,USD,web,
customer-0406,2026-04-02T23:15:00.000Z,406.09,EUR,mobile,ext-000405
customer-0407,2026-04-02T23:22:00.000Z,407.10,GBP,email,
customer-0408,2026-04-02T23:29:00.000Z,408.11,UAH,pos,
customer-0409,2026-04-02T23:36:00.000Z,409.12,USD,web,ext-000408
customer-0410,2026-04-02T23:43:00.000Z,410.13,EUR,mobile,
customer-0411,2026-04-02T23:50:00.000Z,411.14,GBP,email,
customer-0412,2026-04-02T23:57:00.000Z,412.15,UAH,pos,ext-000411
customer-0413,2026-04-03T00:04:00.000Z,413.16,USD,web,
customer-0414,2026-04-03T00:11:00.000Z,414.17,EUR,mobile,
customer-0415,2026-04-03T00:18:00.000Z,415.18,GBP,email,ext-000414
customer-0416,2026-04-03T00:25:00.000Z,416.19,UAH,pos,
customer-0417,2026-04-03T00:32:00.000Z,417.20,USD,web,
customer-0418,2026-04-03T00:39:00.000Z,418.21,EUR,mobile,ext-000417
customer-0419,2026-04-03T00:46:00.000Z,419.22,GBP,email,
customer-0420,2026-04-03T00:53:00.000Z,420.23,UAH,pos,
customer-0421,2026-04-03T01:00:00.000Z,421.24,USD,web,ext-000420
customer-0422,2026-04-03T01:07:00.000Z,422.25,EUR,mobile,
customer-0423,2026-04-03T01:14:00.000Z,423.26,GBP,email,
customer-0424,2026-04-03T01:21:00.000Z,424.27,UAH,pos,ext-000423
customer-0425,2026-04-03T01:28:00.000Z,425.28,USD,web,
customer-0426,2026-04-03T01:35:00.000Z,426.29,EUR,mobile,
customer-0427,2026-04-03T01:42:00.000Z,427.30,GBP,email,ext-000426
customer-0428,2026-04-03T01:49:00.000Z,428.31,UAH,pos,
customer-0429,2026-04-03T01:56:00.000Z,429.32,USD,web,
customer-0430,2026-04-03T02:03:00.000Z,430.33,EUR,mobile,ext-000429
customer-0431,2026-04-03T02:10:00.000Z,431.34,GBP,email,
customer-0432,2026-04-03T02:17:00.000Z,432.35,UAH,pos,
customer-0433,2026-04-03T02:24:00.000Z,433.36,USD,web,ext-000432
customer-0434,2026-04-03T02:31:00.000Z,434.37,EUR,mobile,
customer-0435,2026-04-03T02:38:00.000Z,435.38,GBP,email,
customer-0436,2026-04-03T02:45:00.000Z,436.39,UAH,pos,ext-000435
customer-0437,2026-04-03T02:52:00.000Z,437.40,USD,web,
customer-0438,2026-04-03T02:59:00.000Z,438.41,EUR,mobile,
customer-0439,2026-04-03T03:06:00.000Z,439.42,GBP,email,ext-000438
customer-0440,2026-04-03T03:13:00.000Z,440.43,UAH,pos,
customer-0441,2026-04-03T03:20:00.000Z,441.44,USD,web,
customer-0442,2026-04-03T03:27:00.000Z,442.45,EUR,mobile,ext-000441
customer-0443,2026-04-03T03:34:00.000Z,443.46,GBP,email,
customer-0444,2026-04-03T03:41:00.000Z,444.47,UAH,pos,
customer-0445,2026-04-03T03:48:00.000Z,445.48,USD,web,ext-000444
customer-0446,2026-04-03T03:55:00.000Z,446.49,EUR,mobile,
customer-0447,2026-04-03T04:02:00.000Z,447.50,GBP,email,
customer-0448,2026-04-03T04:09:00.000Z,448.51,UAH,pos,ext-000447
customer-0449,2026-04-03T04:16:00.000Z,449.52,USD,web,
customer-0450,2026-04-03T04:23:00.000Z,450.53,EUR,mobile,
customer-0451,2026-04-03T04:30:00.000Z,451.54,GBP,email,ext-000450
customer-0452,2026-04-03T04:37:00.000Z,452.55,UAH,pos,
customer-0453,2026-04-03T04:44:00.000Z,453.56,USD,web,
customer-0454,2026-04-03T04:51:00.000Z,454.57,EUR,mobile,ext-000453
customer-0455,2026-04-03T04:58:00.000Z,455.58,GBP,email,
customer-0456,2026-04-03T05:05:00.000Z,456.59,UAH,pos,
customer-0457,2026-04-03T05:12:00.000Z,457.60,USD,web,ext-000456
customer-0458,2026-04-03T05:19:00.000Z,458.61,EUR,mobile,
customer-0459,2026-04-03T05:26:00.000Z,459.62,GBP,email,
customer-0460,2026-04-03T05:33:00.000Z,460.63,UAH,pos,ext-000459
customer-0461,2026-04-03T05:40:00.000Z,461.64,USD,web,
customer-0462,2026-04-03T05:47:00.000Z,462.65,EUR,mobile,
customer-0463,2026-04-03T05:54:00.000Z,463.66,GBP,email,ext-000462
customer-0464,2026-04-03T06:01:00.000Z,464.67,UAH,pos,
customer-0465,2026-04-03T06:08:00.000Z,465.68,USD,web,
customer-0466,2026-04-03T06:15:00.000Z,466.69,EUR,mobile,ext-000465
customer-0467,2026-04-03T06:22:00.000Z,467.70,GBP,email,
customer-0468,2026-04-03T06:29:00.000Z,468.71,UAH,pos,
customer-0469,2026-04-03T06:36:00.000Z,469.72,USD,web,ext-000468
customer-0470,2026-04-03T06:43:00.000Z,470.73,EUR,mobile,
customer-0471,2026-04-03T06:50:00.000Z,471.74,GBP,email,
customer-0472,2026-04-03T06:57:00.000Z,472.75,UAH,pos,ext-000471
customer-0473,2026-04-03T07:04:00.000Z,473.76,USD,web,
customer-0474,2026-04-03T07:11:00.000Z,474.77,EUR,mobile,
customer-0475,2026-04-03T07:18:00.000Z,475.78,GBP,email,ext-000474
customer-0476,2026-04-03T07:25:00.000Z,476.79,UAH,pos,
customer-0477,2026-04-03T07:32:00.000Z,477.80,USD,web,
customer-0478,2026-04-03T07:39:00.000Z,478.81,EUR,mobile,ext-000477
customer-0479,2026-04-03T07:46:00.000Z,479.82,GBP,email,
customer-0480,2026-04-03T07:53:00.000Z,480.83,UAH,pos,
customer-0481,2026-04-03T08:00:00.000Z,481.84,USD,web,ext-000480
customer-0482,2026-04-03T08:07:00.000Z,482.85,EUR,mobile,
customer-0483,2026-04-03T08:14:00.000Z,483.86,GBP,email,
customer-0484,2026-04-03T08:21:00.000Z,484.87,UAH,pos,ext-000483
customer-0485,2026-04-03T08:28:00.000Z,485.88,USD,web,
customer-0486,2026-04-03T08:35:00.000Z,486.89,EUR,mobile,
customer-0487,2026-04-03T08:42:00.000Z,487.90,GBP,email,ext-000486
customer-0488,2026-04-03T08:49:00.000Z,488.91,UAH,pos,
customer-0489,2026-04-03T08:56:00.000Z,489.92,USD,web,
customer-0490,2026-04-03T09:03:00.000Z,490.93,EUR,mobile,ext-000489
customer-0491,2026-04-03T09:10:00.000Z,491.94,GBP,email,
customer-0492,2026-04-03T09:17:00.000Z,492.95,UAH,pos,
customer-0493,2026-04-03T09:24:00.000Z,493.96,USD,web,ext-000492
customer-0494,2026-04-03T09:31:00.000Z,494.97,EUR,mobile,
customer-0495,2026-04-03T09:38:00.000Z,495.98,GBP,email,
customer-0496,2026-04-03T09:45:00.000Z,496.00,UAH,pos,ext-000495
customer-0497,2026-04-03T09:52:00.000Z,497.01,USD,web,
customer-0498,2026-04-03T09:59:00.000Z,498.02,EUR,mobile,
customer-0499,2026-04-03T10:06:00.000Z,499.03,GBP,email,ext-000498
customer-0500,2026-04-03T10:13:00.000Z,500.04,UAH,pos,
customer-0501,2026-04-03T10:20:00.000Z,1.05,USD,web,
customer-0502,2026-04-03T10:27:00.000Z,2.06,EUR,mobile,ext-000501
customer-0503,2026-04-03T10:34:00.000Z,3.07,GBP,email,
customer-0504,2026-04-03T10:41:00.000Z,4.08,UAH,pos,
customer-0505,2026-04-03T10:48:00.000Z,5.09,USD,web,ext-000504
customer-0506,2026-04-03T10:55:00.000Z,6.10,EUR,mobile,
customer-0507,2026-04-03T11:02:00.000Z,7.11,GBP,email,
customer-0508,2026-04-03T11:09:00.000Z,8.12,UAH,pos,ext-000507
customer-0509,2026-04-03T11:16:00.000Z,9.13,USD,web,
customer-0510,2026-04-03T11:23:00.000Z,10.14,EUR,mobile,
customer-0511,2026-04-03T11:30:00.000Z,11.15,GBP,email,ext-000510
customer-0512,2026-04-03T11:37:00.000Z,12.16,UAH,pos,
customer-0513,2026-04-03T11:44:00.000Z,13.17,USD,web,
customer-0514,2026-04-03T11:51:00.000Z,14.18,EUR,mobile,ext-000513
customer-0515,2026-04-03T11:58:00.000Z,15.19,GBP,email,
customer-0516,2026-04-03T12:05:00.000Z,16.20,UAH,pos,
customer-0517,2026-04-03T12:12:00.000Z,17.21,USD,web,ext-000516
customer-0518,2026-04-03T12:19:00.000Z,18.22,EUR,mobile,
customer-0519,2026-04-03T12:26:00.000Z,19.23,GBP,email,
customer-0520,2026-04-03T12:33:00.000Z,20.24,UAH,pos,ext-000519
customer-0521,2026-04-03T12:40:00.000Z,21.25,USD,web,
customer-0522,2026-04-03T12:47:00.000Z,22.26,EUR,mobile,
customer-0523,2026-04-03T12:54:00.000Z,23.27,GBP,email,ext-000522
customer-0524,2026-04-03T13:01:00.000Z,24.28,UAH,pos,
customer-0525,2026-04-03T13:08:00.000Z,25.29,USD,web,
customer-0526,2026-04-03T13:15:00.000Z,26.30,EUR,mobile,ext-000525
customer-0527,2026-04-03T13:22:00.000Z,27.31,GBP,email,
customer-0528,2026-04-03T13:29:00.000Z,28.32,UAH,pos,
customer-0529,2026-04-03T13:36:00.000Z,29.33,USD,web,ext-000528
customer-0530,2026-04-03T13:43:00.000Z,30.34,EUR,mobile,
customer-0531,2026-04-03T13:50:00.000Z,31.35,GBP,email,
customer-0532,2026-04-03T13:57:00.000Z,32.36,UAH,pos,ext-000531
customer-0533,2026-04-03T14:04:00.000Z,33.37,USD,web,
customer-0534,2026-04-03T14:11:00.000Z,34.38,EUR,mobile,
customer-0535,2026-04-03T14:18:00.000Z,35.39,GBP,email,ext-000534
customer-0536,2026-04-03T14:25:00.000Z,36.40,UAH,pos,
customer-0537,2026-04-03T14:32:00.000Z,37.41,USD,web,
customer-0538,2026-04-03T14:39:00.000Z,38.42,EUR,mobile,ext-000537
customer-0539,2026-04-03T14:46:00.000Z,39.43,GBP,email,
customer-0540,2026-04-03T14:53:00.000Z,40.44,UAH,pos,
customer-0541,2026-04-03T15:00:00.000Z,41.45,USD,web,ext-000540
customer-0542,2026-04-03T15:07:00.000Z,42.46,EUR,mobile,
customer-0543,2026-04-03T15:14:00.000Z,43.47,GBP,email,
customer-0544,2026-04-03T15:21:00.000Z,44.48,UAH,pos,ext-000543
customer-0545,2026-04-03T15:28:00.000Z,45.49,USD,web,
customer-0546,2026-04-03T15:35:00.000Z,46.50,EUR,mobile,
customer-0547,2026-04-03T15:42:00.000Z,47.51,GBP,email,ext-000546
customer-0548,2026-04-03T15:49:00.000Z,48.52,UAH,pos,
customer-0549,2026-04-03T15:56:00.000Z,49.53,USD,web,
customer-0550,2026-04-03T16:03:00.000Z,50.54,EUR,mobile,ext-000549
customer-0551,2026-04-03T16:10:00.000Z,51.55,GBP,email,
customer-0552,2026-04-03T16:17:00.000Z,52.56,UAH,pos,
customer-0553,2026-04-03T16:24:00.000Z,53.57,USD,web,ext-000552
customer-0554,2026-04-03T16:31:00.000Z,54.58,EUR,mobile,
customer-0555,2026-04-03T16:38:00.000Z,55.59,GBP,email,
customer-0556,2026-04-03T16:45:00.000Z,56.60,UAH,pos,ext-000555
customer-0557,2026-04-03T16:52:00.000Z,57.61,USD,web,
customer-0558,2026-04-03T16:59:00.000Z,58.62,EUR,mobile,
customer-0559,2026-04-03T17:06:00.000Z,59.63,GBP,email,ext-000558
customer-0560,2026-04-03T17:13:00.000Z,60.64,UAH,pos,
customer-0561,2026-04-03T17:20:00.000Z,61.65,USD,web,
customer-0562,2026-04-03T17:27:00.000Z,62.66,EUR,mobile,ext-000561
customer-0563,2026-04-03T17:34:00.000Z,63.67,GBP,email,
customer-0564,2026-04-03T17:41:00.000Z,64.68,UAH,pos,
customer-0565,2026-04-03T17:48:00.000Z,65.69,USD,web,ext-000564
customer-0566,2026-04-03T17:55:00.000Z,66.70,EUR,mobile,
customer-0567,2026-04-03T18:02:00.000Z,67.71,GBP,email,
customer-0568,2026-04-03T18:09:00.000Z,68.72,UAH,pos,ext-000567
customer-0569,2026-04-03T18:16:00.000Z,69.73,USD,web,
customer-0570,2026-04-03T18:23:00.000Z,70.74,EUR,mobile,
customer-0571,2026-04-03T18:30:00.000Z,71.75,GBP,email,ext-000570
customer-0572,2026-04-03T18:37:00.000Z,72.76,UAH,pos,
customer-0573,2026-04-03T18:44:00.000Z,73.77,USD,web,
customer-0574,2026-04-03T18:51:00.000Z,74.78,EUR,mobile,ext-000573
customer-0575,2026-04-03T18:58:00.000Z,75.79,GBP,email,
customer-0576,2026-04-03T19:05:00.000Z,76.80,UAH,pos,
customer-0577,2026-04-03T19:12:00.000Z,77.81,USD,web,ext-000576
customer-0578,2026-04-03T19:19:00.000Z,78.82,EUR,mobile,
customer-0579,2026-04-03T19:26:00.000Z,79.83,GBP,email,
customer-0580,2026-04-03T19:33:00.000Z,80.84,UAH,pos,ext-000579
customer-0581,2026-04-03T19:40:00.000Z,81.85,USD,web,
customer-0582,2026-04-03T19:47:00.000Z,82.86,EUR,mobile,
customer-0583,2026-04-03T19:54:00.000Z,83.87,GBP,email,ext-000582
customer-0584,2026-04-03T20:01:00.000Z,84.88,UAH,pos,
customer-0585,2026-04-03T20:08:00.000Z,85.89,USD,web,
customer-0586,2026-04-03T20:15:00.000Z,86.90,EUR,mobile,ext-000585
customer-0587,2026-04-03T20:22:00.000Z,87.91,GBP,email,
customer-0588,2026-04-03T20:29:00.000Z,88.92,UAH,pos,
customer-0589,2026-04-03T20:36:00.000Z,89.93,USD,web,ext-000588
customer-0590,2026-04-03T20:43:00.000Z,90.94,EUR,mobile,
customer-0591,2026-04-03T20:50:00.000Z,91.95,GBP,email,
customer-0592,2026-04-03T20:57:00.000Z,92.96,UAH,pos,ext-000591
customer-0593,2026-04-03T21:04:00.000Z,93.97,USD,web,
customer-0594,2026-04-03T21:11:00.000Z,94.98,EUR,mobile,
customer-0595,2026-04-03T21:18:00.000Z,95.00,GBP,email,ext-000594
customer-0596,2026-04-03T21:25:00.000Z,96.01,UAH,pos,
customer-0597,2026-04-03T21:32:00.000Z,97.02,USD,web,
customer-0598,2026-04-03T21:39:00.000Z,98.03,EUR,mobile,ext-000597
customer-0599,2026-04-03T21:46:00.000Z,99.04,GBP,email,
customer-0600,2026-04-03T21:53:00.000Z,100.05,UAH,pos,
customer-0601,2026-04-03T22:00:00.000Z,101.06,USD,web,ext-000600
customer-0602,2026-04-03T22:07:00.000Z,102.07,EUR,mobile,
customer-0603,2026-04-03T22:14:00.000Z,103.08,GBP,email,
customer-0604,2026-04-03T22:21:00.000Z,104.09,UAH,pos,ext-000603
customer-0605,2026-04-03T22:28:00.000Z,105.10,USD,web,
customer-0606,2026-04-03T22:35:00.000Z,106.11,EUR,mobile,
customer-0607,2026-04-03T22:42:00.000Z,107.12,GBP,email,ext-000606
customer-0608,2026-04-03T22:49:00.000Z,108.13,UAH,pos,
customer-0609,2026-04-03T22:56:00.000Z,109.14,USD,web,
customer-0610,2026-04-03T23:03:00.000Z,110.15,EUR,mobile,ext-000609
customer-0611,2026-04-03T23:10:00.000Z,111.16,GBP,email,
customer-0612,2026-04-03T23:17:00.000Z,112.17,UAH,pos,
customer-0613,2026-04-03T23:24:00.000Z,113.18,USD,web,ext-000612
customer-0614,2026-04-03T23:31:00.000Z,114.19,EUR,mobile,
customer-0615,2026-04-03T23:38:00.000Z,115.20,GBP,email,
customer-0616,2026-04-03T23:45:00.000Z,116.21,UAH,pos,ext-000615
customer-0617,2026-04-03T23:52:00.000Z,117.22,USD,web,
customer-0618,2026-04-03T23:59:00.000Z,118.23,EUR,mobile,
customer-0619,2026-04-04T00:06:00.000Z,119.24,GBP,email,ext-000618
customer-0620,2026-04-04T00:13:00.000Z,120.25,UAH,pos,
customer-0621,2026-04-04T00:20:00.000Z,121.26,USD,web,
customer-0622,2026-04-04T00:27:00.000Z,122.27,EUR,mobile,ext-000621
customer-0623,2026-04-04T00:34:00.000Z,123.28,GBP,email,
customer-0624,2026-04-04T00:41:00.000Z,124.29,UAH,pos,
customer-0625,2026-04-04T00:48:00.000Z,125.30,USD,web,ext-000624
customer-0626,2026-04-04T00:55:00.000Z,126.31,EUR,mobile,
customer-0627,2026-04-04T01:02:00.000Z,127.32,GBP,email,
customer-0628,2026-04-04T01:09:00.000Z,128.33,UAH,pos,ext-000627
customer-0629,2026-04-04T01:16:00.000Z,129.34,USD,web,
customer-0630,2026-04-04T01:23:00.000Z,130.35,EUR,mobile,
customer-0631,2026-04-04T01:30:00.000Z,131.36,GBP,email,ext-000630
customer-0632,2026-04-04T01:37:00.000Z,132.37,UAH,pos,
customer-0633,2026-04-04T01:44:00.000Z,133.38,USD,web,
customer-0634,2026-04-04T01:51:00.000Z,134.39,EUR,mobile,ext-000633
customer-0635,2026-04-04T01:58:00.000Z,135.40,GBP,email,
customer-0636,2026-04-04T02:05:00.000Z,136.41,UAH,pos,
customer-0637,2026-04-04T02:12:00.000Z,137.42,USD,web,ext-000636
customer-0638,2026-04-04T02:19:00.000Z,138.43,EUR,mobile,
customer-0639,2026-04-04T02:26:00.000Z,139.44,GBP,email,
customer-0640,2026-04-04T02:33:00.000Z,140.45,UAH,pos,ext-000639
customer-0641,2026-04-04T02:40:00.000Z,141.46,USD,web,
customer-0642,2026-04-04T02:47:00.000Z,142.47,EUR,mobile,
customer-0643,2026-04-04T02:54:00.000Z,143.48,GBP,email,ext-000642
customer-0644,2026-04-04T03:01:00.000Z,144.49,UAH,pos,
customer-0645,2026-04-04T03:08:00.000Z,145.50,USD,web,
customer-0646,2026-04-04T03:15:00.000Z,146.51,EUR,mobile,ext-000645
customer-0647,2026-04-04T03:22:00.000Z,147.52,GBP,email,
customer-0648,2026-04-04T03:29:00.000Z,148.53,UAH,pos,
customer-0649,2026-04-04T03:36:00.000Z,149.54,USD,web,ext-000648
customer-0650,2026-04-04T03:43:00.000Z,150.55,EUR,mobile,
customer-0651,2026-04-04T03:50:00.000Z,151.56,GBP,email,
customer-0652,2026-04-04T03:57:00.000Z,152.57,UAH,pos,ext-000651
customer-0653,2026-04-04T04:04:00.000Z,153.58,USD,web,
customer-0654,2026-04-04T04:11:00.000Z,154.59,EUR,mobile,
customer-0655,2026-04-04T04:18:00.000Z,155.60,GBP,email,ext-000654
customer-0656,2026-04-04T04:25:00.000Z,156.61,UAH,pos,
customer-0657,2026-04-04T04:32:00.000Z,157.62,USD,web,
customer-0658,2026-04-04T04:39:00.000Z,158.63,EUR,mobile,ext-000657
customer-0659,2026-04-04T04:46:00.000Z,159.64,GBP,email,
customer-0660,2026-04-04T04:53:00.000Z,160.65,UAH,pos,
customer-0661,2026-04-04T05:00:00.000Z,161.66,USD,web,ext-000660
customer-0662,2026-04-04T05:07:00.000Z,162.67,EUR,mobile,
customer-0663,2026-04-04T05:14:00.000Z,163.68,GBP,email,
customer-0664,2026-04-04T05:21:00.000Z,164.69,UAH,pos,ext-000663
customer-0665,2026-04-04T05:28:00.000Z,165.70,USD,web,
customer-0666,2026-04-04T05:35:00.000Z,166.71,EUR,mobile,
customer-0667,2026-04-04T05:42:00.000Z,167.72,GBP,email,ext-000666
customer-0668,2026-04-04T05:49:00.000Z,168.73,UAH,pos,
customer-0669,2026-04-04T05:56:00.000Z,169.74,USD,web,
customer-0670,2026-04-04T06:03:00.000Z,170.75,EUR,mobile,ext-000669
customer-0671,2026-04-04T06:10:00.000Z,171.76,GBP,email,
customer-0672,2026-04-04T06:17:00.000Z,172.77,UAH,pos,
customer-0673,2026-04-04T06:24:00.000Z,173.78,USD,web,ext-000672
customer-0674,2026-04-04T06:31:00.000Z,174.79,EUR,mobile,
customer-0675,2026-04-04T06:38:00.000Z,175.80,GBP,email,
customer-0676,2026-04-04T06:45:00.000Z,176.81,UAH,pos,ext-000675
customer-0677,2026-04-04T06:52:00.000Z,177.82,USD,web,
customer-0678,2026-04-04T06:59:00.000Z,178.83,EUR,mobile,
customer-0679,2026-04-04T07:06:00.000Z,179.84,GBP,email,ext-000678
customer-0680,2026-04-04T07:13:00.000Z,180.85,UAH,pos,
customer-0681,2026-04-04T07:20:00.000Z,181.86,USD,web,
customer-0682,2026-04-04T07:27:00.000Z,182.87,EUR,mobile,ext-000681
customer-0683,2026-04-04T07:34:00.000Z,183.88,GBP,email,
customer-0684,2026-04-04T07:41:00.000Z,184.89,UAH,pos,
customer-0685,2026-04-04T07:48:00.000Z,185.90,USD,web,ext-000684
customer-0686,2026-04-04T07:55:00.000Z,186.91,EUR,mobile,
customer-0687,2026-04-04T08:02:00.000Z,187.92,GBP,email,
customer-0688,2026-04-04T08:09:00.000Z,188.93,UAH,pos,ext-000687
customer-0689,2026-04-04T08:16:00.000Z,189.94,USD,web,
customer-0690,2026-04-04T08:23:00.000Z,190.95,EUR,mobile,
customer-0691,2026-04-04T08:30:00.000Z,191.96,GBP,email,ext-000690
customer-0692,2026-04-04T08:37:00.000Z,192.97,UAH,pos,
customer-0693,2026-04-04T08:44:00.000Z,193.98,USD,web,
customer-0694,2026-04-04T08:51:00.000Z,194.00,EUR,mobile,ext-000693
customer-0695,2026-04-04T08:58:00.000Z,195.01,GBP,email,
customer-0696,2026-04-04T09:05:00.000Z,196.02,UAH,pos,
customer-0697,2026-04-04T09:12:00.000Z,197.03,USD,web,ext-000696
customer-0698,2026-04-04T09:19:00.000Z,198.04,EUR,mobile,
customer-0699,2026-04-04T09:26:00.000Z,199.05,GBP,email,
customer-0700,2026-04-04T09:33:00.000Z,200.06,UAH,pos,ext-000699
customer-0701,2026-04-04T09:40:00.000Z,201.07,USD,web,
customer-0702,2026-04-04T09:47:00.000Z,202.08,EUR,mobile,
customer-0703,2026-04-04T09:54:00.000Z,203.09,GBP,email,ext-000702
customer-0704,2026-04-04T10:01:00.000Z,204.10,UAH,pos,
customer-0705,2026-04-04T10:08:00.000Z,205.11,USD,web,
customer-0706,2026-04-04T10:15:00.000Z,206.12,EUR,mobile,ext-000705
customer-0707,2026-04-04T10:22:00.000Z,207.13,GBP,email,
customer-0708,2026-04-04T10:29:00.000Z,208.14,UAH,pos,
customer-0709,2026-04-04T10:36:00.000Z,209.15,USD,web,ext-000708
customer-0710,2026-04-04T10:43:00.000Z,210.16,EUR,mobile,
customer-0711,2026-04-04T10:50:00.000Z,211.17,GBP,email,
customer-0712,2026-04-04T10:57:00.000Z,212.18,UAH,pos,ext-000711
customer-0713,2026-04-04T11:04:00.000Z,213.19,USD,web,
customer-0714,2026-04-04T11:11:00.000Z,214.20,EUR,mobile,
customer-0715,2026-04-04T11:18:00.000Z,215.21,GBP,email,ext-000714
customer-0716,2026-04-04T11:25:00.000Z,216.22,UAH,pos,
customer-0717,2026-04-04T11:32:00.000Z,217.23,USD,web,
customer-0718,2026-04-04T11:39:00.000Z,218.24,EUR,mobile,ext-000717
customer-0719,2026-04-04T11:46:00.000Z,219.25,GBP,email,
customer-0720,2026-04-04T11:53:00.000Z,220.26,UAH,pos,
customer-0721,2026-04-04T12:00:00.000Z,221.27,USD,web,ext-000720
customer-0722,2026-04-04T12:07:00.000Z,222.28,EUR,mobile,
customer-0723,2026-04-04T12:14:00.000Z,223.29,GBP,email,
customer-0724,2026-04-04T12:21:00.000Z,224.30,UAH,pos,ext-000723
customer-0725,2026-04-04T12:28:00.000Z,225.31,USD,web,
customer-0726,2026-04-04T12:35:00.000Z,226.32,EUR,mobile,
customer-0727,2026-04-04T12:42:00.000Z,227.33,GBP,email,ext-000726
customer-0728,2026-04-04T12:49:00.000Z,228.34,UAH,pos,
customer-0729,2026-04-04T12:56:00.000Z,229.35,USD,web,
customer-0730,2026-04-04T13:03:00.000Z,230.36,EUR,mobile,ext-000729
customer-0731,2026-04-04T13:10:00.000Z,231.37,GBP,email,
customer-0732,2026-04-04T13:17:00.000Z,232.38,UAH,pos,
customer-0733,2026-04-04T13:24:00.000Z,233.39,USD,web,ext-000732
customer-0734,2026-04-04T13:31:00.000Z,234.40,EUR,mobile,
customer-0735,2026-04-04T13:38:00.000Z,235.41,GBP,email,
customer-0736,2026-04-04T13:45:00.000Z,236.42,UAH,pos,ext-000735
customer-0737,2026-04-04T13:52:00.000Z,237.43,USD,web,
customer-0738,2026-04-04T13:59:00.000Z,238.44,EUR,mobile,
customer-0739,2026-04-04T14:06:00.000Z,239.45,GBP,email,ext-000738
customer-0740,2026-04-04T14:13:00.000Z,240.46,UAH,pos,
customer-0741,2026-04-04T14:20:00.000Z,241.47,USD,web,
customer-0742,2026-04-04T14:27:00.000Z,242.48,EUR,mobile,ext-000741
customer-0743,2026-04-04T14:34:00.000Z,243.49,GBP,email,
customer-0744,2026-04-04T14:41:00.000Z,244.50,UAH,pos,
customer-0745,2026-04-04T14:48:00.000Z,245.51,USD,web,ext-000744
customer-0746,2026-04-04T14:55:00.000Z,246.52,EUR,mobile,
customer-0747,2026-04-04T15:02:00.000Z,247.53,GBP,email,
customer-0748,2026-04-04T15:09:00.000Z,248.54,UAH,pos,ext-000747
customer-0749,2026-04-04T15:16:00.000Z,249.55,USD,web,
customer-0750,2026-04-04T15:23:00.000Z,250.56,EUR,mobile,
customer-0751,2026-04-04T15:30:00.000Z,251.57,GBP,email,ext-000750
customer-0752,2026-04-04T15:37:00.000Z,252.58,UAH,pos,
customer-0753,2026-04-04T15:44:00.000Z,253.59,USD,web,
customer-0754,2026-04-04T15:51:00.000Z,254.60,EUR,mobile,ext-000753
customer-0755,2026-04-04T15:58:00.000Z,255.61,GBP,email,
customer-0756,2026-04-04T16:05:00.000Z,256.62,UAH,pos,
customer-0757,2026-04-04T16:12:00.000Z,257.63,USD,web,ext-000756
customer-0758,2026-04-04T16:19:00.000Z,258.64,EUR,mobile,
customer-0759,2026-04-04T16:26:00.000Z,259.65,GBP,email,
customer-0760,2026-04-04T16:33:00.000Z,260.66,UAH,pos,ext-000759
customer-0761,2026-04-04T16:40:00.000Z,261.67,USD,web,
customer-0762,2026-04-04T16:47:00.000Z,262.68,EUR,mobile,
customer-0763,2026-04-04T16:54:00.000Z,263.69,GBP,email,ext-000762
customer-0764,2026-04-04T17:01:00.000Z,264.70,UAH,pos,
customer-0765,2026-04-04T17:08:00.000Z,265.71,USD,web,
customer-0766,2026-04-04T17:15:00.000Z,266.72,EUR,mobile,ext-000765
customer-0767,2026-04-04T17:22:00.000Z,267.73,GBP,email,
customer-0768,2026-04-04T17:29:00.000Z,268.74,UAH,pos,
customer-0769,2026-04-04T17:36:00.000Z,269.75,USD,web,ext-000768
customer-0770,2026-04-04T17:43:00.000Z,270.76,EUR,mobile,
customer-0771,2026-04-04T17:50:00.000Z,271.77,GBP,email,
customer-0772,2026-04-04T17:57:00.000Z,272.78,UAH,pos,ext-000771
customer-0773,2026-04-04T18:04:00.000Z,273.79,USD,web,
customer-0774,2026-04-04T18:11:00.000Z,274.80,EUR,mobile,
customer-0775,2026-04-04T18:18:00.000Z,275.81,GBP,email,ext-000774
customer-0776,2026-04-04T18:25:00.000Z,276.82,UAH,pos,
customer-0777,2026-04-04T18:32:00.000Z,277.83,USD,web,
customer-0778,2026-04-04T18:39:00.000Z,278.84,EUR,mobile,ext-000777
customer-0779,2026-04-04T18:46:00.000Z,279.85,GBP,email,
customer-0780,2026-04-04T18:53:00.000Z,280.86,UAH,pos,
customer-0781,2026-04-04T19:00:00.000Z,281.87,USD,web,ext-000780
customer-0782,2026-04-04T19:07:00.000Z,282.88,EUR,mobile,
customer-0783,2026-04-04T19:14:00.000Z,283.89,GBP,email,
customer-0784,2026-04-04T19:21:00.000Z,284.90,UAH,pos,ext-000783
customer-0785,2026-04-04T19:28:00.000Z,285.91,USD,web,
customer-0786,2026-04-04T19:35:00.000Z,286.92,EUR,mobile,
customer-0787,2026-04-04T19:42:00.000Z,287.93,GBP,email,ext-000786
customer-0788,2026-04-04T19:49:00.000Z,288.94,UAH,pos,
customer-0789,2026-04-04T19:56:00.000Z,289.95,USD,web,
customer-0790,2026-04-04T20:03:00.000Z,290.96,EUR,mobile,ext-000789
customer-0791,2026-04-04T20:10:00.000Z,291.97,GBP,email,
customer-0792,2026-04-04T20:17:00.000Z,292.98,UAH,pos,
customer-0793,2026-04-04T20:24:00.000Z,293.00,USD,web,ext-000792
customer-0794,2026-04-04T20:31:00.000Z,294.01,EUR,mobile,
customer-0795,2026-04-04T20:38:00.000Z,295.02,GBP,email,
customer-0796,2026-04-04T20:45:00.000Z,296.03,UAH,pos,ext-000795
customer-0797,2026-04-04T20:52:00.000Z,297.04,USD,web,
customer-0798,2026-04-04T20:59:00.000Z,298.05,EUR,mobile,
customer-0799,2026-04-04T21:06:00.000Z,299.06,GBP,email,ext-000798
customer-0800,2026-04-04T21:13:00.000Z,300.07,UAH,pos,
customer-0801,2026-04-04T21:20:00.000Z,301.08,USD,web,
customer-0802,2026-04-04T21:27:00.000Z,302.09,EUR,mobile,ext-000801
customer-0803,2026-04-04T21:34:00.000Z,303.10,GBP,email,
customer-0804,2026-04-04T21:41:00.000Z,304.11,UAH,pos,
customer-0805,2026-04-04T21:48:00.000Z,305.12,USD,web,ext-000804
customer-0806,2026-04-04T21:55:00.000Z,306.13,EUR,mobile,
customer-0807,2026-04-04T22:02:00.000Z,307.14,GBP,email,
customer-0808,2026-04-04T22:09:00.000Z,308.15,UAH,pos,ext-000807
customer-0809,2026-04-04T22:16:00.000Z,309.16,USD,web,
customer-0810,2026-04-04T22:23:00.000Z,310.17,EUR,mobile,
customer-0811,2026-04-04T22:30:00.000Z,311.18,GBP,email,ext-000810
customer-0812,2026-04-04T22:37:00.000Z,312.19,UAH,pos,
customer-0813,2026-04-04T22:44:00.000Z,313.20,USD,web,
customer-0814,2026-04-04T22:51:00.000Z,314.21,EUR,mobile,ext-000813
customer-0815,2026-04-04T22:58:00.000Z,315.22,GBP,email,
customer-0816,2026-04-04T23:05:00.000Z,316.23,UAH,pos,
customer-0817,2026-04-04T23:12:00.000Z,317.24,USD,web,ext-000816
customer-0818,2026-04-04T23:19:00.000Z,318.25,EUR,mobile,
customer-0819,2026-04-04T23:26:00.000Z,319.26,GBP,email,
customer-0820,2026-04-04T23:33:00.000Z,320.27,UAH,pos,ext-000819
customer-0821,2026-04-04T23:40:00.000Z,321.28,USD,web,
customer-0822,2026-04-04T23:47:00.000Z,322.29,EUR,mobile,
customer-0823,2026-04-04T23:54:00.000Z,323.30,GBP,email,ext-000822
customer-0824,2026-04-05T00:01:00.000Z,324.31,UAH,pos,
customer-0825,2026-04-05T00:08:00.000Z,325.32,USD,web,
customer-0826,2026-04-05T00:15:00.000Z,326.33,EUR,mobile,ext-000825
customer-0827,2026-04-05T00:22:00.000Z,327.34,GBP,email,
customer-0828,2026-04-05T00:29:00.000Z,328.35,UAH,pos,
customer-0829,2026-04-05T00:36:00.000Z,329.36,USD,web,ext-000828
customer-0830,2026-04-05T00:43:00.000Z,330.37,EUR,mobile,
customer-0831,2026-04-05T00:50:00.000Z,331.38,GBP,email,
customer-0832,2026-04-05T00:57:00.000Z,332.39,UAH,pos,ext-000831
customer-0833,2026-04-05T01:04:00.000Z,333.40,USD,web,
customer-0834,2026-04-05T01:11:00.000Z,334.41,EUR,mobile,
customer-0835,2026-04-05T01:18:00.000Z,335.42,GBP,email,ext-000834
customer-0836,2026-04-05T01:25:00.000Z,336.43,UAH,pos,
customer-0837,2026-04-05T01:32:00.000Z,337.44,USD,web,
customer-0838,2026-04-05T01:39:00.000Z,338.45,EUR,mobile,ext-000837
customer-0839,2026-04-05T01:46:00.000Z,339.46,GBP,email,
customer-0840,2026-04-05T01:53:00.000Z,340.47,UAH,pos,
customer-0841,2026-04-05T02:00:00.000Z,341.48,USD,web,ext-000840
customer-0842,2026-04-05T02:07:00.000Z,342.49,EUR,mobile,
customer-0843,2026-04-05T02:14:00.000Z,343.50,GBP,email,
customer-0844,2026-04-05T02:21:00.000Z,344.51,UAH,pos,ext-000843
customer-0845,2026-04-05T02:28:00.000Z,345.52,USD,web,
customer-0846,2026-04-05T02:35:00.000Z,346.53,EUR,mobile,
customer-0847,2026-04-05T02:42:00.000Z,347.54,GBP,email,ext-000846
customer-0848,2026-04-05T02:49:00.000Z,348.55,UAH,pos,
customer-0849,2026-04-05T02:56:00.000Z,349.56,USD,web,
customer-0850,2026-04-05T03:03:00.000Z,350.57,EUR,mobile,ext-000849
customer-0851,2026-04-05T03:10:00.000Z,351.58,GBP,email,
customer-0852,2026-04-05T03:17:00.000Z,352.59,UAH,pos,
customer-0853,2026-04-05T03:24:00.000Z,353.60,USD,web,ext-000852
customer-0854,2026-04-05T03:31:00.000Z,354.61,EUR,mobile,
customer-0855,2026-04-05T03:38:00.000Z,355.62,GBP,email,
customer-0856,2026-04-05T03:45:00.000Z,356.63,UAH,pos,ext-000855
customer-0857,2026-04-05T03:52:00.000Z,357.64,USD,web,
customer-0858,2026-04-05T03:59:00.000Z,358.65,EUR,mobile,
customer-0859,2026-04-05T04:06:00.000Z,359.66,GBP,email,ext-000858
customer-0860,2026-04-05T04:13:00.000Z,360.67,UAH,pos,
customer-0861,2026-04-05T04:20:00.000Z,361.68,USD,web,
customer-0862,2026-04-05T04:27:00.000Z,362.69,EUR,mobile,ext-000861
customer-0863,2026-04-05T04:34:00.000Z,363.70,GBP,email,
customer-0864,2026-04-05T04:41:00.000Z,364.71,UAH,pos,
customer-0865,2026-04-05T04:48:00.000Z,365.72,USD,web,ext-000864
customer-0866,2026-04-05T04:55:00.000Z,366.73,EUR,mobile,
customer-0867,2026-04-05T05:02:00.000Z,367.74,GBP,email,
customer-0868,2026-04-05T05:09:00.000Z,368.75,UAH,pos,ext-000867
customer-0869,2026-04-05T05:16:00.000Z,369.76,USD,web,
customer-0870,2026-04-05T05:23:00.000Z,370.77,EUR,mobile,
customer-0871,2026-04-05T05:30:00.000Z,371.78,GBP,email,ext-000870
customer-0872,2026-04-05T05:37:00.000Z,372.79,UAH,pos,
customer-0873,2026-04-05T05:44:00.000Z,373.80,USD,web,
customer-0874,2026-04-05T05:51:00.000Z,374.81,EUR,mobile,ext-000873
customer-0875,2026-04-05T05:58:00.000Z,375.82,GBP,email,
customer-0876,2026-04-05T06:05:00.000Z,376.83,UAH,pos,
customer-0877,2026-04-05T06:12:00.000Z,377.84,USD,web,ext-000876
customer-0878,2026-04-05T06:19:00.000Z,378.85,EUR,mobile,
customer-0879,2026-04-05T06:26:00.000Z,379.86,GBP,email,
customer-0880,2026-04-05T06:33:00.000Z,380.87,UAH,pos,ext-000879
customer-0881,2026-04-05T06:40:00.000Z,381.88,USD,web,
customer-0882,2026-04-05T06:47:00.000Z,382.89,EUR,mobile,
customer-0883,2026-04-05T06:54:00.000Z,383.90,GBP,email,ext-000882
customer-0884,2026-04-05T07:01:00.000Z,384.91,UAH,pos,
customer-0885,2026-04-05T07:08:00.000Z,385.92,USD,web,
customer-0886,2026-04-05T07:15:00.000Z,386.93,EUR,mobile,ext-000885
customer-0887,2026-04-05T07:22:00.000Z,387.94,GBP,email,
customer-0888,2026-04-05T07:29:00.000Z,388.95,UAH,pos,
customer-0889,2026-04-05T07:36:00.000Z,389.96,USD,web,ext-000888
customer-0890,2026-04-05T07:43:00.000Z,390.97,EUR,mobile,
customer-0891,2026-04-05T07:50:00.000Z,391.98,GBP,email,
customer-0892,2026-04-05T07:57:00.000Z,392.00,UAH,pos,ext-000891
customer-0893,2026-04-05T08:04:00.000Z,393.01,USD,web,
customer-0894,2026-04-05T08:11:00.000Z,394.02,EUR,mobile,
customer-0895,2026-04-05T08:18:00.000Z,395.03,GBP,email,ext-000894
customer-0896,2026-04-05T08:25:00.000Z,396.04,UAH,pos,
customer-0897,2026-04-05T08:32:00.000Z,397.05,USD,web,
customer-0898,2026-04-05T08:39:00.000Z,398.06,EUR,mobile,ext-000897
customer-0899,2026-04-05T08:46:00.000Z,399.07,GBP,email,
customer-0900,2026-04-05T08:53:00.000Z,400.08,UAH,pos,
customer-0901,2026-04-05T09:00:00.000Z,401.09,USD,web,ext-000900
customer-0902,2026-04-05T09:07:00.000Z,402.10,EUR,mobile,
customer-0903,2026-04-05T09:14:00.000Z,403.11,GBP,email,
customer-0904,2026-04-05T09:21:00.000Z,404.12,UAH,pos,ext-000903
customer-0905,2026-04-05T09:28:00.000Z,405.13,USD,web,
customer-0906,2026-04-05T09:35:00.000Z,406.14,EUR,mobile,
customer-0907,2026-04-05T09:42:00.000Z,407.15,GBP,email,ext-000906
customer-0908,2026-04-05T09:49:00.000Z,408.16,UAH,pos,
customer-0909,2026-04-05T09:56:00.000Z,409.17,USD,web,
customer-0910,2026-04-05T10:03:00.000Z,410.18,EUR,mobile,ext-000909
customer-0911,2026-04-05T10:10:00.000Z,411.19,GBP,email,
customer-0912,2026-04-05T10:17:00.000Z,412.20,UAH,pos,
customer-0913,2026-04-05T10:24:00.000Z,413.21,USD,web,ext-000912
customer-0914,2026-04-05T10:31:00.000Z,414.22,EUR,mobile,
customer-0915,2026-04-05T10:38:00.000Z,415.23,GBP,email,
customer-0916,2026-04-05T10:45:00.000Z,416.24,UAH,pos,ext-000915
customer-0917,2026-04-05T10:52:00.000Z,417.25,USD,web,
customer-0918,2026-04-05T10:59:00.000Z,418.26,EUR,mobile,
customer-0919,2026-04-05T11:06:00.000Z,419.27,GBP,email,ext-000918
customer-0920,2026-04-05T11:13:00.000Z,420.28,UAH,pos,
customer-0921,2026-04-05T11:20:00.000Z,421.29,USD,web,
customer-0922,2026-04-05T11:27:00.000Z,422.30,EUR,mobile,ext-000921
customer-0923,2026-04-05T11:34:00.000Z,423.31,GBP,email,
customer-0924,2026-04-05T11:41:00.000Z,424.32,UAH,pos,
customer-0925,2026-04-05T11:48:00.000Z,425.33,USD,web,ext-000924
customer-0926,2026-04-05T11:55:00.000Z,426.34,EUR,mobile,
customer-0927,2026-04-05T12:02:00.000Z,427.35,GBP,email,
customer-0928,2026-04-05T12:09:00.000Z,428.36,UAH,pos,ext-000927
customer-0929,2026-04-05T12:16:00.000Z,429.37,USD,web,
customer-0930,2026-04-05T12:23:00.000Z,430.38,EUR,mobile,
customer-0931,2026-04-05T12:30:00.000Z,431.39,GBP,email,ext-000930
customer-0932,2026-04-05T12:37:00.000Z,432.40,UAH,pos,
customer-0933,2026-04-05T12:44:00.000Z,433.41,USD,web,
customer-0934,2026-04-05T12:51:00.000Z,434.42,EUR,mobile,ext-000933
customer-0935,2026-04-05T12:58:00.000Z,435.43,GBP,email,
customer-0936,2026-04-05T13:05:00.000Z,436.44,UAH,pos,
customer-0937,2026-04-05T13:12:00.000Z,437.45,USD,web,ext-000936
customer-0938,2026-04-05T13:19:00.000Z,438.46,EUR,mobile,
customer-0939,2026-04-05T13:26:00.000Z,439.47,GBP,email,
customer-0940,2026-04-05T13:33:00.000Z,440.48,UAH,pos,ext-000939
customer-0941,2026-04-05T13:40:00.000Z,441.49,USD,web,
customer-0942,2026-04-05T13:47:00.000Z,442.50,EUR,mobile,
customer-0943,2026-04-05T13:54:00.000Z,443.51,GBP,email,ext-000942
customer-0944,2026-04-05T14:01:00.000Z,444.52,UAH,pos,
customer-0945,2026-04-05T14:08:00.000Z,445.53,USD,web,
customer-0946,2026-04-05T14:15:00.000Z,446.54,EUR,mobile,ext-000945
customer-0947,2026-04-05T14:22:00.000Z,447.55,GBP,email,
customer-0948,2026-04-05T14:29:00.000Z,448.56,UAH,pos,
customer-0949,2026-04-05T14:36:00.000Z,449.57,USD,web,ext-000948
customer-0950,2026-04-05T14:43:00.000Z,450.58,EUR,mobile,
customer-0951,2026-04-05T14:50:00.000Z,451.59,GBP,email,
customer-0952,2026-04-05T14:57:00.000Z,452.60,UAH,pos,ext-000951
customer-0953,2026-04-05T15:04:00.000Z,453.61,USD,web,
customer-0954,2026-04-05T15:11:00.000Z,454.62,EUR,mobile,
customer-0955,2026-04-05T15:18:00.000Z,455.63,GBP,email,ext-000954
customer-0956,2026-04-05T15:25:00.000Z,456.64,UAH,pos,
customer-0957,2026-04-05T15:32:00.000Z,457.65,USD,web,
customer-0958,2026-04-05T15:39:00.000Z,458.66,EUR,mobile,ext-000957
customer-0959,2026-04-05T15:46:00.000Z,459.67,GBP,email,
customer-0960,2026-04-05T15:53:00.000Z,460.68,UAH,pos,
customer-0961,2026-04-05T16:00:00.000Z,461.69,USD,web,ext-000960
customer-0962,2026-04-05T16:07:00.000Z,462.70,EUR,mobile,
customer-0963,2026-04-05T16:14:00.000Z,463.71,GBP,email,
customer-0964,2026-04-05T16:21:00.000Z,464.72,UAH,pos,ext-000963
customer-0965,2026-04-05T16:28:00.000Z,465.73,USD,web,
customer-0966,2026-04-05T16:35:00.000Z,466.74,EUR,mobile,
customer-0967,2026-04-05T16:42:00.000Z,467.75,GBP,email,ext-000966
customer-0968,2026-04-05T16:49:00.000Z,468.76,UAH,pos,
customer-0969,2026-04-05T16:56:00.000Z,469.77,USD,web,
customer-0970,2026-04-05T17:03:00.000Z,470.78,EUR,mobile,ext-000969
customer-0971,2026-04-05T17:10:00.000Z,471.79,GBP,email,
customer-0972,2026-04-05T17:17:00.000Z,472.80,UAH,pos,
customer-0973,2026-04-05T17:24:00.000Z,473.81,USD,web,ext-000972
customer-0974,2026-04-05T17:31:00.000Z,474.82,EUR,mobile,
customer-0975,2026-04-05T17:38:00.000Z,475.83,GBP,email,
customer-0976,2026-04-05T17:45:00.000Z,476.84,UAH,pos,ext-000975
customer-0977,2026-04-05T17:52:00.000Z,477.85,USD,web,
customer-0978,2026-04-05T17:59:00.000Z,478.86,EUR,mobile,
customer-0979,2026-04-05T18:06:00.000Z,479.87,GBP,email,ext-000978
customer-0980,2026-04-05T18:13:00.000Z,480.88,UAH,pos,
customer-0981,2026-04-05T18:20:00.000Z,481.89,USD,web,
customer-0982,2026-04-05T18:27:00.000Z,482.90,EUR,mobile,ext-000981
customer-0983,2026-04-05T18:34:00.000Z,483.91,GBP,email,
customer-0984,2026-04-05T18:41:00.000Z,484.92,UAH,pos,
customer-0985,2026-04-05T18:48:00.000Z,485.93,USD,web,ext-000984
customer-0986,2026-04-05T18:55:00.000Z,486.94,EUR,mobile,
customer-0987,2026-04-05T19:02:00.000Z,487.95,GBP,email,
customer-0988,2026-04-05T19:09:00.000Z,488.96,UAH,pos,ext-000987
customer-0989,2026-04-05T19:16:00.000Z,489.97,USD,web,
customer-0990,2026-04-05T19:23:00.000Z,490.98,EUR,mobile,
customer-0991,2026-04-05T19:30:00.000Z,491.00,GBP,email,ext-000990
customer-0992,2026-04-05T19:37:00.000Z,492.01,UAH,pos,
customer-0993,2026-04-05T19:44:00.000Z,493.02,USD,web,
customer-0994,2026-04-05T19:51:00.000Z,494.03,EUR,mobile,ext-000993
customer-0995,2026-04-05T19:58:00.000Z,495.04,GBP,email,
customer-0996,2026-04-05T20:05:00.000Z,496.05,UAH,pos,
customer-0997,2026-04-05T20:12:00.000Z,497.06,USD,web,ext-000996
customer-0998,2026-04-05T20:19:00.000Z,498.07,EUR,mobile,
customer-0999,2026-04-05T20:26:00.000Z,499.08,GBP,email,
customer-1000,2026-04-05T20:33:00.000Z,500.09,UAH,pos,ext-000999
customer-1001,2026-04-05T20:40:00.000Z,1.10,USD,web,
customer-1002,2026-04-05T20:47:00.000Z,2.11,EUR,mobile,
customer-1003,2026-04-05T20:54:00.000Z,3.12,GBP,email,ext-001002
customer-1004,2026-04-05T21:01:00.000Z,4.13,UAH,pos,
customer-1005,2026-04-05T21:08:00.000Z,5.14,USD,web,
customer-1006,2026-04-05T21:15:00.000Z,6.15,EUR,mobile,ext-001005
customer-1007,2026-04-05T21:22:00.000Z,7.16,GBP,email,
customer-1008,2026-04-05T21:29:00.000Z,8.17,UAH,pos,
customer-1009,2026-04-05T21:36:00.000Z,9.18,USD,web,ext-001008
customer-1010,2026-04-05T21:43:00.000Z,10.19,EUR,mobile,
customer-1011,2026-04-05T21:50:00.000Z,11.20,GBP,email,
customer-1012,2026-04-05T21:57:00.000Z,12.21,UAH,pos,ext-001011
customer-1013,2026-04-05T22:04:00.000Z,13.22,USD,web,
customer-1014,2026-04-05T22:11:00.000Z,14.23,EUR,mobile,
customer-1015,2026-04-05T22:18:00.000Z,15.24,GBP,email,ext-001014
customer-1016,2026-04-05T22:25:00.000Z,16.25,UAH,pos,
customer-1017,2026-04-05T22:32:00.000Z,17.26,USD,web,
customer-1018,2026-04-05T22:39:00.000Z,18.27,EUR,mobile,ext-001017
customer-1019,2026-04-05T22:46:00.000Z,19.28,GBP,email,
customer-1020,2026-04-05T22:53:00.000Z,20.29,UAH,pos,
customer-1021,2026-04-05T23:00:00.000Z,21.30,USD,web,ext-001020
customer-1022,2026-04-05T23:07:00.000Z,22.31,EUR,mobile,
customer-1023,2026-04-05T23:14:00.000Z,23.32,GBP,email,
customer-1024,2026-04-05T23:21:00.000Z,24.33,UAH,pos,ext-001023
customer-1025,2026-04-05T23:28:00.000Z,25.34,USD,web,
customer-1026,2026-04-05T23:35:00.000Z,26.35,EUR,mobile,
customer-1027,2026-04-05T23:42:00.000Z,27.36,GBP,email,ext-001026
customer-1028,2026-04-05T23:49:00.000Z,28.37,UAH,pos,
customer-1029,2026-04-05T23:56:00.000Z,29.38,USD,web,
customer-1030,2026-04-06T00:03:00.000Z,30.39,EUR,mobile,ext-001029
customer-1031,2026-04-06T00:10:00.000Z,31.40,GBP,email,
customer-1032,2026-04-06T00:17:00.000Z,32.41,UAH,pos,
customer-1033,2026-04-06T00:24:00.000Z,33.42,USD,web,ext-001032
customer-1034,2026-04-06T00:31:00.000Z,34.43,EUR,mobile,
customer-1035,2026-04-06T00:38:00.000Z,35.44,GBP,email,
customer-1036,2026-04-06T00:45:00.000Z,36.45,UAH,pos,ext-001035
customer-1037,2026-04-06T00:52:00.000Z,37.46,USD,web,
customer-1038,2026-04-06T00:59:00.000Z,38.47,EUR,mobile,
customer-1039,2026-04-06T01:06:00.000Z,39.48,GBP,email,ext-001038
customer-1040,2026-04-06T01:13:00.000Z,40.49,UAH,pos,
customer-1041,2026-04-06T01:20:00.000Z,41.50,USD,web,
customer-1042,2026-04-06T01:27:00.000Z,42.51,EUR,mobile,ext-001041
customer-1043,2026-04-06T01:34:00.000Z,43.52,GBP,email,
customer-1044,2026-04-06T01:41:00.000Z,44.53,UAH,pos,
customer-1045,2026-04-06T01:48:00.000Z,45.54,USD,web,ext-001044
customer-1046,2026-04-06T01:55:00.000Z,46.55,EUR,mobile,
customer-1047,2026-04-06T02:02:00.000Z,47.56,GBP,email,
customer-1048,2026-04-06T02:09:00.000Z,48.57,UAH,pos,ext-001047
customer-1049,2026-04-06T02:16:00.000Z,49.58,USD,web,
customer-1050,2026-04-06T02:23:00.000Z,50.59,EUR,mobile,
customer-1051,2026-04-06T02:30:00.000Z,51.60,GBP,email,ext-001050
customer-1052,2026-04-06T02:37:00.000Z,52.61,UAH,pos,
customer-1053,2026-04-06T02:44:00.000Z,53.62,USD,web,
customer-1054,2026-04-06T02:51:00.000Z,54.63,EUR,mobile,ext-001053
customer-1055,2026-04-06T02:58:00.000Z,55.64,GBP,email,
customer-1056,2026-04-06T03:05:00.000Z,56.65,UAH,pos,
customer-1057,2026-04-06T03:12:00.000Z,57.66,USD,web,ext-001056
customer-1058,2026-04-06T03:19:00.000Z,58.67,EUR,mobile,
customer-1059,2026-04-06T03:26:00.000Z,59.68,GBP,email,
customer-1060,2026-04-06T03:33:00.000Z,60.69,UAH,pos,ext-001059
customer-1061,2026-04-06T03:40:00.000Z,61.70,USD,web,
customer-1062,2026-04-06T03:47:00.000Z,62.71,EUR,mobile,
customer-1063,2026-04-06T03:54:00.000Z,63.72,GBP,email,ext-001062
customer-1064,2026-04-06T04:01:00.000Z,64.73,UAH,pos,
customer-1065,2026-04-06T04:08:00.000Z,65.74,USD,web,
customer-1066,2026-04-06T04:15:00.000Z,66.75,EUR,mobile,ext-001065
customer-1067,2026-04-06T04:22:00.000Z,67.76,GBP,email,
customer-1068,2026-04-06T04:29:00.000Z,68.77,UAH,pos,
customer-1069,2026-04-06T04:36:00.000Z,69.78,USD,web,ext-001068
customer-1070,2026-04-06T04:43:00.000Z,70.79,EUR,mobile,
customer-1071,2026-04-06T04:50:00.000Z,71.80,GBP,email,
customer-1072,2026-04-06T04:57:00.000Z,72.81,UAH,pos,ext-001071
customer-1073,2026-04-06T05:04:00.000Z,73.82,USD,web,
customer-1074,2026-04-06T05:11:00.000Z,74.83,EUR,mobile,
customer-1075,2026-04-06T05:18:00.000Z,75.84,GBP,email,ext-001074
customer-1076,2026-04-06T05:25:00.000Z,76.85,UAH,pos,
customer-1077,2026-04-06T05:32:00.000Z,77.86,USD,web,
customer-1078,2026-04-06T05:39:00.000Z,78.87,EUR,mobile,ext-001077
customer-1079,2026-04-06T05:46:00.000Z,79.88,GBP,email,
customer-1080,2026-04-06T05:53:00.000Z,80.89,UAH,pos,
customer-1081,2026-04-06T06:00:00.000Z,81.90,USD,web,ext-001080
customer-1082,2026-04-06T06:07:00.000Z,82.91,EUR,mobile,
customer-1083,2026-04-06T06:14:00.000Z,83.92,GBP,email,
customer-1084,2026-04-06T06:21:00.000Z,84.93,UAH,pos,ext-001083
customer-1085,2026-04-06T06:28:00.000Z,85.94,USD,web,
customer-1086,2026-04-06T06:35:00.000Z,86.95,EUR,mobile,
customer-1087,2026-04-06T06:42:00.000Z,87.96,GBP,email,ext-001086
customer-1088,2026-04-06T06:49:00.000Z,88.97,UAH,pos,
customer-1089,2026-04-06T06:56:00.000Z,89.98,USD,web,
customer-1090,2026-04-06T07:03:00.000Z,90.00,EUR,mobile,ext-001089
customer-1091,2026-04-06T07:10:00.000Z,91.01,GBP,email,
customer-1092,2026-04-06T07:17:00.000Z,92.02,UAH,pos,
customer-1093,2026-04-06T07:24:00.000Z,93.03,USD,web,ext-001092
customer-1094,2026-04-06T07:31:00.000Z,94.04,EUR,mobile,
customer-1095,2026-04-06T07:38:00.000Z,95.05,GBP,email,
customer-1096,2026-04-06T07:45:00.000Z,96.06,UAH,pos,ext-001095
customer-1097,2026-04-06T07:52:00.000Z,97.07,USD,web,
customer-1098,2026-04-06T07:59:00.000Z,98.08,EUR,mobile,
customer-1099,2026-04-06T08:06:00.000Z,99.09,GBP,email,ext-001098
customer-1100,2026-04-06T08:13:00.000Z,100.10,UAH,pos,
customer-1101,2026-04-06T08:20:00.000Z,101.11,USD,web,
customer-1102,2026-04-06T08:27:00.000Z,102.12,EUR,mobile,ext-001101
customer-1103,2026-04-06T08:34:00.000Z,103.13,GBP,email,
customer-1104,2026-04-06T08:41:00.000Z,104.14,UAH,pos,
customer-1105,2026-04-06T08:48:00.000Z,105.15,USD,web,ext-001104
customer-1106,2026-04-06T08:55:00.000Z,106.16,EUR,mobile,
customer-1107,2026-04-06T09:02:00.000Z,107.17,GBP,email,
customer-1108,2026-04-06T09:09:00.000Z,108.18,UAH,pos,ext-001107
customer-1109,2026-04-06T09:16:00.000Z,109.19,USD,web,
customer-1110,2026-04-06T09:23:00.000Z,110.20,EUR,mobile,
customer-1111,2026-04-06T09:30:00.000Z,111.21,GBP,email,ext-001110
customer-1112,2026-04-06T09:37:00.000Z,112.22,UAH,pos,
customer-1113,2026-04-06T09:44:00.000Z,113.23,USD,web,
customer-1114,2026-04-06T09:51:00.000Z,114.24,EUR,mobile,ext-001113
customer-1115,2026-04-06T09:58:00.000Z,115.25,GBP,email,
customer-1116,2026-04-06T10:05:00.000Z,116.26,UAH,pos,
customer-1117,2026-04-06T10:12:00.000Z,117.27,USD,web,ext-001116
customer-1118,2026-04-06T10:19:00.000Z,118.28,EUR,mobile,
customer-1119,2026-04-06T10:26:00.000Z,119.29,GBP,email,
customer-1120,2026-04-06T10:33:00.000Z,120.30,UAH,pos,ext-001119
customer-1121,2026-04-06T10:40:00.000Z,121.31,USD,web,
customer-1122,2026-04-06T10:47:00.000Z,122.32,EUR,mobile,
customer-1123,2026-04-06T10:54:00.000Z,123.33,GBP,email,ext-001122
customer-1124,2026-04-06T11:01:00.000Z,124.34,UAH,pos,
customer-1125,2026-04-06T11:08:00.000Z,125.35,USD,web,
customer-1126,2026-04-06T11:15:00.000Z,126.36,EUR,mobile,ext-001125
customer-1127,2026-04-06T11:22:00.000Z,127.37,GBP,email,
customer-1128,2026-04-06T11:29:00.000Z,128.38,UAH,pos,
customer-1129,2026-04-06T11:36:00.000Z,129.39,USD,web,ext-001128
customer-1130,2026-04-06T11:43:00.000Z,130.40,EUR,mobile,
customer-1131,2026-04-06T11:50:00.000Z,131.41,GBP,email,
customer-1132,2026-04-06T11:57:00.000Z,132.42,UAH,pos,ext-001131
customer-1133,2026-04-06T12:04:00.000Z,133.43,USD,web,
customer-1134,2026-04-06T12:11:00.000Z,134.44,EUR,mobile,
customer-1135,2026-04-06T12:18:00.000Z,135.45,GBP,email,ext-001134
customer-1136,2026-04-06T12:25:00.000Z,136.46,UAH,pos,
customer-1137,2026-04-06T12:32:00.000Z,137.47,USD,web,
customer-1138,2026-04-06T12:39:00.000Z,138.48,EUR,mobile,ext-001137
customer-1139,2026-04-06T12:46:00.000Z,139.49,GBP,email,
customer-1140,2026-04-06T12:53:00.000Z,140.50,UAH,pos,
customer-1141,2026-04-06T13:00:00.000Z,141.51,USD,web,ext-001140
customer-1142,2026-04-06T13:07:00.000Z,142.52,EUR,mobile,
customer-1143,2026-04-06T13:14:00.000Z,143.53,GBP,email,
customer-1144,2026-04-06T13:21:00.000Z,144.54,UAH,pos,ext-001143
customer-1145,2026-04-06T13:28:00.000Z,145.55,USD,web,
customer-1146,2026-04-06T13:35:00.000Z,146.56,EUR,mobile,
customer-1147,2026-04-06T13:42:00.000Z,147.57,GBP,email,ext-001146
customer-1148,2026-04-06T13:49:00.000Z,148.58,UAH,pos,
customer-1149,2026-04-06T13:56:00.000Z,149.59,USD,web,
customer-1150,2026-04-06T14:03:00.000Z,150.60,EUR,mobile,ext-001149
customer-1151,2026-04-06T14:10:00.000Z,151.61,GBP,email,
customer-1152,2026-04-06T14:17:00.000Z,152.62,UAH,pos,
customer-1153,2026-04-06T14:24:00.000Z,153.63,USD,web,ext-001152
customer-1154,2026-04-06T14:31:00.000Z,154.64,EUR,mobile,
customer-1155,2026-04-06T14:38:00.000Z,155.65,GBP,email,
customer-1156,2026-04-06T14:45:00.000Z,156.66,UAH,pos,ext-001155
customer-1157,2026-04-06T14:52:00.000Z,157.67,USD,web,
customer-1158,2026-04-06T14:59:00.000Z,158.68,EUR,mobile,
customer-1159,2026-04-06T15:06:00.000Z,159.69,GBP,email,ext-001158
customer-1160,2026-04-06T15:13:00.000Z,160.70,UAH,pos,
customer-1161,2026-04-06T15:20:00.000Z,161.71,USD,web,
customer-1162,2026-04-06T15:27:00.000Z,162.72,EUR,mobile,ext-001161
customer-1163,2026-04-06T15:34:00.000Z,163.73,GBP,email,
customer-1164,2026-04-06T15:41:00.000Z,164.74,UAH,pos,
customer-1165,2026-04-06T15:48:00.000Z,165.75,USD,web,ext-001164
customer-1166,2026-04-06T15:55:00.000Z,166.76,EUR,mobile,
customer-1167,2026-04-06T16:02:00.000Z,167.77,GBP,email,
customer-1168,2026-04-06T16:09:00.000Z,168.78,UAH,pos,ext-001167
customer-1169,2026-04-06T16:16:00.000Z,169.79,USD,web,
customer-1170,2026-04-06T16:23:00.000Z,170.80,EUR,mobile,
customer-1171,2026-04-06T16:30:00.000Z,171.81,GBP,email,ext-001170
customer-1172,2026-04-06T16:37:00.000Z,172.82,UAH,pos,
customer-1173,2026-04-06T16:44:00.000Z,173.83,USD,web,
customer-1174,2026-04-06T16:51:00.000Z,174.84,EUR,mobile,ext-001173
customer-1175,2026-04-06T16:58:00.000Z,175.85,GBP,email,
customer-1176,2026-04-06T17:05:00.000Z,176.86,UAH,pos,
customer-1177,2026-04-06T17:12:00.000Z,177.87,USD,web,ext-001176
customer-1178,2026-04-06T17:19:00.000Z,178.88,EUR,mobile,
customer-1179,2026-04-06T17:26:00.000Z,179.89,GBP,email,
customer-1180,2026-04-06T17:33:00.000Z,180.90,UAH,pos,ext-001179
customer-1181,2026-04-06T17:40:00.000Z,181.91,USD,web,
customer-1182,2026-04-06T17:47:00.000Z,182.92,EUR,mobile,
customer-1183,2026-04-06T17:54:00.000Z,183.93,GBP,email,ext-001182
customer-1184,2026-04-06T18:01:00.000Z,184.94,UAH,pos,
customer-1185,2026-04-06T18:08:00.000Z,185.95,USD,web,
customer-1186,2026-04-06T18:15:00.000Z,186.96,EUR,mobile,ext-001185
customer-1187,2026-04-06T18:22:00.000Z,187.97,GBP,email,
customer-1188,2026-04-06T18:29:00.000Z,188.98,UAH,pos,
customer-1189,2026-04-06T18:36:00.000Z,189.00,USD,web,ext-001188
customer-1190,2026-04-06T18:43:00.000Z,190.01,EUR,mobile,
customer-1191,2026-04-06T18:50:00.000Z,191.02,GBP,email,
customer-1192,2026-04-06T18:57:00.000Z,192.03,UAH,pos,ext-001191
customer-1193,2026-04-06T19:04:00.000Z,193.04,USD,web,
customer-1194,2026-04-06T19:11:00.000Z,194.05,EUR,mobile,
customer-1195,2026-04-06T19:18:00.000Z,195.06,GBP,email,ext-001194
customer-1196,2026-04-06T19:25:00.000Z,196.07,UAH,pos,
customer-1197,2026-04-06T19:32:00.000Z,197.08,USD,web,
customer-1198,2026-04-06T19:39:00.000Z,198.09,EUR,mobile,ext-001197
customer-1199,2026-04-06T19:46:00.000Z,199.10,GBP,email,
customer-1200,2026-04-06T19:53:00.000Z,200.11,UAH,pos,
customer-0001,2026-04-06T20:00:00.000Z,201.12,USD,web,ext-001200
customer-0002,2026-04-06T20:07:00.000Z,202.13,EUR,mobile,
customer-0003,2026-04-06T20:14:00.000Z,203.14,GBP,email,
customer-0004,2026-04-06T20:21:00.000Z,204.15,UAH,pos,ext-001203
customer-0005,2026-04-06T20:28:00.000Z,205.16,USD,web,
customer-0006,2026-04-06T20:35:00.000Z,206.17,EUR,mobile,
customer-0007,2026-04-06T20:42:00.000Z,207.18,GBP,email,ext-001206
customer-0008,2026-04-06T20:49:00.000Z,208.19,UAH,pos,
customer-0009,2026-04-06T20:56:00.000Z,209.20,USD,web,
customer-0010,2026-04-06T21:03:00.000Z,210.21,EUR,mobile,ext-001209
customer-0011,2026-04-06T21:10:00.000Z,211.22,GBP,email,
customer-0012,2026-04-06T21:17:00.000Z,212.23,UAH,pos,
customer-0013,2026-04-06T21:24:00.000Z,213.24,USD,web,ext-001212
customer-0014,2026-04-06T21:31:00.000Z,214.25,EUR,mobile,
customer-0015,2026-04-06T21:38:00.000Z,215.26,GBP,email,
customer-0016,2026-04-06T21:45:00.000Z,216.27,UAH,pos,ext-001215
customer-0017,2026-04-06T21:52:00.000Z,217.28,USD,web,
customer-0018,2026-04-06T21:59:00.000Z,218.29,EUR,mobile,
customer-0019,2026-04-06T22:06:00.000Z,219.30,GBP,email,ext-001218
customer-0020,2026-04-06T22:13:00.000Z,220.31,UAH,pos,
customer-0021,2026-04-06T22:20:00.000Z,221.32,USD,web,
customer-0022,2026-04-06T22:27:00.000Z,222.33,EUR,mobile,ext-001221
customer-0023,2026-04-06T22:34:00.000Z,223.34,GBP,email,
customer-0024,2026-04-06T22:41:00.000Z,224.35,UAH,pos,
customer-0025,2026-04-06T22:48:00.000Z,225.36,USD,web,ext-001224
customer-0026,2026-04-06T22:55:00.000Z,226.37,EUR,mobile,
customer-0027,2026-04-06T23:02:00.000Z,227.38,GBP,email,
customer-0028,2026-04-06T23:09:00.000Z,228.39,UAH,pos,ext-001227
customer-0029,2026-04-06T23:16:00.000Z,229.40,USD,web,
customer-0030,2026-04-06T23:23:00.000Z,230.41,EUR,mobile,
customer-0031,2026-04-06T23:30:00.000Z,231.42,GBP,email,ext-001230
customer-0032,2026-04-06T23:37:00.000Z,232.43,UAH,pos,
customer-0033,2026-04-06T23:44:00.000Z,233.44,USD,web,
customer-0034,2026-04-06T23:51:00.000Z,234.45,EUR,mobile,ext-001233
customer-0035,2026-04-06T23:58:00.000Z,235.46,GBP,email,
customer-0036,2026-04-07T00:05:00.000Z,236.47,UAH,pos,
customer-0037,2026-04-07T00:12:00.000Z,237.48,USD,web,ext-001236
customer-0038,2026-04-07T00:19:00.000Z,238.49,EUR,mobile,
customer-0039,2026-04-07T00:26:00.000Z,239.50,GBP,email,
customer-0040,2026-04-07T00:33:00.000Z,240.51,UAH,pos,ext-001239
customer-0041,2026-04-07T00:40:00.000Z,241.52,USD,web,
customer-0042,2026-04-07T00:47:00.000Z,242.53,EUR,mobile,
customer-0043,2026-04-07T00:54:00.000Z,243.54,GBP,email,ext-001242
customer-0044,2026-04-07T01:01:00.000Z,244.55,UAH,pos,
customer-0045,2026-04-07T01:08:00.000Z,245.56,USD,web,
customer-0046,2026-04-07T01:15:00.000Z,246.57,EUR,mobile,ext-001245
customer-0047,2026-04-07T01:22:00.000Z,247.58,GBP,email,
customer-0048,2026-04-07T01:29:00.000Z,248.59,UAH,pos,
customer-0049,2026-04-07T01:36:00.000Z,249.60,USD,web,ext-001248
customer-0050,2026-04-07T01:43:00.000Z,250.61,EUR,mobile,
customer-0051,2026-04-07T01:50:00.000Z,251.62,GBP,email,
customer-0052,2026-04-07T01:57:00.000Z,252.63,UAH,pos,ext-001251
customer-0053,2026-04-07T02:04:00.000Z,253.64,USD,web,
customer-0054,2026-04-07T02:11:00.000Z,254.65,EUR,mobile,
customer-0055,2026-04-07T02:18:00.000Z,255.66,GBP,email,ext-001254
customer-0056,2026-04-07T02:25:00.000Z,256.67,UAH,pos,
customer-0057,2026-04-07T02:32:00.000Z,257.68,USD,web,
customer-0058,2026-04-07T02:39:00.000Z,258.69,EUR,mobile,ext-001257
customer-0059,2026-04-07T02:46:00.000Z,259.70,GBP,email,
customer-0060,2026-04-07T02:53:00.000Z,260.71,UAH,pos,
customer-0061,2026-04-07T03:00:00.000Z,261.72,USD,web,ext-001260
customer-0062,2026-04-07T03:07:00.000Z,262.73,EUR,mobile,
customer-0063,2026-04-07T03:14:00.000Z,263.74,GBP,email,
customer-0064,2026-04-07T03:21:00.000Z,264.75,UAH,pos,ext-001263
customer-0065,2026-04-07T03:28:00.000Z,265.76,USD,web,
customer-0066,2026-04-07T03:35:00.000Z,266.77,EUR,mobile,
customer-0067,2026-04-07T03:42:00.000Z,267.78,GBP,email,ext-001266
customer-0068,2026-04-07T03:49:00.000Z,268.79,UAH,pos,
customer-0069,2026-04-07T03:56:00.000Z,269.80,USD,web,
customer-0070,2026-04-07T04:03:00.000Z,270.81,EUR,mobile,ext-001269
customer-0071,2026-04-07T04:10:00.000Z,271.82,GBP,email,
customer-0072,2026-04-07T04:17:00.000Z,272.83,UAH,pos,
customer-0073,2026-04-07T04:24:00.000Z,273.84,USD,web,ext-001272
customer-0074,2026-04-07T04:31:00.000Z,274.85,EUR,mobile,
customer-0075,2026-04-07T04:38:00.000Z,275.86,GBP,email,
customer-0076,2026-04-07T04:45:00.000Z,276.87,UAH,pos,ext-001275
customer-0077,2026-04-07T04:52:00.000Z,277.88,USD,web,
customer-0078,2026-04-07T04:59:00.000Z,278.89,EUR,mobile,
customer-0079,2026-04-07T05:06:00.000Z,279.90,GBP,email,ext-001278
customer-0080,2026-04-07T05:13:00.000Z,280.91,UAH,pos,
customer-0081,2026-04-07T05:20:00.000Z,281.92,USD,web,
customer-0082,2026-04-07T05:27:00.000Z,282.93,EUR,mobile,ext-001281
customer-0083,2026-04-07T05:34:00.000Z,283.94,GBP,email,
customer-0084,2026-04-07T05:41:00.000Z,284.95,UAH,pos,
customer-0085,2026-04-07T05:48:00.000Z,285.96,USD,web,ext-001284
customer-0086,2026-04-07T05:55:00.000Z,286.97,EUR,mobile,
customer-0087,2026-04-07T06:02:00.000Z,287.98,GBP,email,
customer-0088,2026-04-07T06:09:00.000Z,288.00,UAH,pos,ext-001287
customer-0089,2026-04-07T06:16:00.000Z,289.01,USD,web,
customer-0090,2026-04-07T06:23:00.000Z,290.02,EUR,mobile,
customer-0091,2026-04-07T06:30:00.000Z,291.03,GBP,email,ext-001290
customer-0092,2026-04-07T06:37:00.000Z,292.04,UAH,pos,
customer-0093,2026-04-07T06:44:00.000Z,293.05,USD,web,
customer-0094,2026-04-07T06:51:00.000Z,294.06,EUR,mobile,ext-001293
customer-0095,2026-04-07T06:58:00.000Z,295.07,GBP,email,
customer-0096,2026-04-07T07:05:00.000Z,296.08,UAH,pos,
customer-0097,2026-04-07T07:12:00.000Z,297.09,USD,web,ext-001296
customer-0098,2026-04-07T07:19:00.000Z,298.10,EUR,mobile,
customer-0099,2026-04-07T07:26:00.000Z,299.11,GBP,email,
customer-0100,2026-04-07T07:33:00.000Z,300.12,UAH,pos,ext-001299
customer-0101,2026-04-07T07:40:00.000Z,301.13,USD,web,
customer-0102,2026-04-07T07:47:00.000Z,302.14,EUR,mobile,
customer-0103,2026-04-07T07:54:00.000Z,303.15,GBP,email,ext-001302
customer-0104,2026-04-07T08:01:00.000Z,304.16,UAH,pos,
customer-0105,2026-04-07T08:08:00.000Z,305.17,USD,web,
customer-0106,2026-04-07T08:15:00.000Z,306.18,EUR,mobile,ext-001305
customer-0107,2026-04-07T08:22:00.000Z,307.19,GBP,email,
customer-0108,2026-04-07T08:29:00.000Z,308.20,UAH,pos,
customer-0109,2026-04-07T08:36:00.000Z,309.21,USD,web,ext-001308
customer-0110,2026-04-07T08:43:00.000Z,310.22,EUR,mobile,
customer-0111,2026-04-07T08:50:00.000Z,311.23,GBP,email,
customer-0112,2026-04-07T08:57:00.000Z,312.24,UAH,pos,ext-001311
customer-0113,2026-04-07T09:04:00.000Z,313.25,USD,web,
customer-0114,2026-04-07T09:11:00.000Z,314.26,EUR,mobile,
customer-0115,2026-04-07T09:18:00.000Z,315.27,GBP,email,ext-001314
customer-0116,2026-04-07T09:25:00.000Z,316.28,UAH,pos,
customer-0117,2026-04-07T09:32:00.000Z,317.29,USD,web,
customer-0118,2026-04-07T09:39:00.000Z,318.30,EUR,mobile,ext-001317
customer-0119,2026-04-07T09:46:00.000Z,319.31,GBP,email,
customer-0120,2026-04-07T09:53:00.000Z,320.32,UAH,pos,
customer-0121,2026-04-07T10:00:00.000Z,321.33,USD,web,ext-001320
customer-0122,2026-04-07T10:07:00.000Z,322.34,EUR,mobile,
customer-0123,2026-04-07T10:14:00.000Z,323.35,GBP,email,
customer-0124,2026-04-07T10:21:00.000Z,324.36,UAH,pos,ext-001323
customer-0125,2026-04-07T10:28:00.000Z,325.37,USD,web,
customer-0126,2026-04-07T10:35:00.000Z,326.38,EUR,mobile,
customer-0127,2026-04-07T10:42:00.000Z,327.39,GBP,email,ext-001326
customer-0128,2026-04-07T10:49:00.000Z,328.40,UAH,pos,
customer-0129,2026-04-07T10:56:00.000Z,329.41,USD,web,
customer-0130,2026-04-07T11:03:00.000Z,330.42,EUR,mobile,ext-001329
customer-0131,2026-04-07T11:10:00.000Z,331.43,GBP,email,
customer-0132,2026-04-07T11:17:00.000Z,332.44,UAH,pos,
customer-0133,2026-04-07T11:24:00.000Z,333.45,USD,web,ext-001332
customer-0134,2026-04-07T11:31:00.000Z,334.46,EUR,mobile,
customer-0135,2026-04-07T11:38:00.000Z,335.47,GBP,email,
customer-0136,2026-04-07T11:45:00.000Z,336.48,UAH,pos,ext-001335
customer-0137,2026-04-07T11:52:00.000Z,337.49,USD,web,
customer-0138,2026-04-07T11:59:00.000Z,338.50,EUR,mobile,
customer-0139,2026-04-07T12:06:00.000Z,339.51,GBP,email,ext-001338
customer-0140,2026-04-07T12:13:00.000Z,340.52,UAH,pos,
customer-0141,2026-04-07T12:20:00.000Z,341.53,USD,web,
customer-0142,2026-04-07T12:27:00.000Z,342.54,EUR,mobile,ext-001341
customer-0143,2026-04-07T12:34:00.000Z,343.55,GBP,email,
customer-0144,2026-04-07T12:41:00.000Z,344.56,UAH,pos,
customer-0145,2026-04-07T12:48:00.000Z,345.57,USD,web,ext-001344
customer-0146,2026-04-07T12:55:00.000Z,346.58,EUR,mobile,
customer-0147,2026-04-07T13:02:00.000Z,347.59,GBP,email,
customer-0148,2026-04-07T13:09:00.000Z,348.60,UAH,pos,ext-001347
customer-0149,2026-04-07T13:16:00.000Z,349.61,USD,web,
customer-0150,2026-04-07T13:23:00.000Z,350.62,EUR,mobile,
customer-0151,2026-04-07T13:30:00.000Z,351.63,GBP,email,ext-001350
customer-0152,2026-04-07T13:37:00.000Z,352.64,UAH,pos,
customer-0153,2026-04-07T13:44:00.000Z,353.65,USD,web,
customer-0154,2026-04-07T13:51:00.000Z,354.66,EUR,mobile,ext-001353
customer-0155,2026-04-07T13:58:00.000Z,355.67,GBP,email,
customer-0156,2026-04-07T14:05:00.000Z,356.68,UAH,pos,
customer-0157,2026-04-07T14:12:00.000Z,357.69,USD,web,ext-001356
customer-0158,2026-04-07T14:19:00.000Z,358.70,EUR,mobile,
customer-0159,2026-04-07T14:26:00.000Z,359.71,GBP,email,
customer-0160,2026-04-07T14:33:00.000Z,360.72,UAH,pos,ext-001359
customer-0161,2026-04-07T14:40:00.000Z,361.73,USD,web,
customer-0162,2026-04-07T14:47:00.000Z,362.74,EUR,mobile,
customer-0163,2026-04-07T14:54:00.000Z,363.75,GBP,email,ext-001362
customer-0164,2026-04-07T15:01:00.000Z,364.76,UAH,pos,
customer-0165,2026-04-07T15:08:00.000Z,365.77,USD,web,
customer-0166,2026-04-07T15:15:00.000Z,366.78,EUR,mobile,ext-001365
customer-0167,2026-04-07T15:22:00.000Z,367.79,GBP,email,
customer-0168,2026-04-07T15:29:00.000Z,368.80,UAH,pos,
customer-0169,2026-04-07T15:36:00.000Z,369.81,USD,web,ext-001368
customer-0170,2026-04-07T15:43:00.000Z,370.82,EUR,mobile,
customer-0171,2026-04-07T15:50:00.000Z,371.83,GBP,email,
customer-0172,2026-04-07T15:57:00.000Z,372.84,UAH,pos,ext-001371
customer-0173,2026-04-07T16:04:00.000Z,373.85,USD,web,
customer-0174,2026-04-07T16:11:00.000Z,374.86,EUR,mobile,
customer-0175,2026-04-07T16:18:00.000Z,375.87,GBP,email,ext-001374
customer-0176,2026-04-07T16:25:00.000Z,376.88,UAH,pos,
customer-0177,2026-04-07T16:32:00.000Z,377.89,USD,web,
customer-0178,2026-04-07T16:39:00.000Z,378.90,EUR,mobile,ext-001377
customer-0179,2026-04-07T16:46:00.000Z,379.91,GBP,email,
customer-0180,2026-04-07T16:53:00.000Z,380.92,UAH,pos,
customer-0181,2026-04-07T17:00:00.000Z,381.93,USD,web,ext-001380
customer-0182,2026-04-07T17:07:00.000Z,382.94,EUR,mobile,
customer-0183,2026-04-07T17:14:00.000Z,383.95,GBP,email,
customer-0184,2026-04-07T17:21:00.000Z,384.96,UAH,pos,ext-001383
customer-0185,2026-04-07T17:28:00.000Z,385.97,USD,web,
customer-0186,2026-04-07T17:35:00.000Z,386.98,EUR,mobile,
customer-0187,2026-04-07T17:42:00.000Z,387.00,GBP,email,ext-001386
customer-0188,2026-04-07T17:49:00.000Z,388.01,UAH,pos,
customer-0189,2026-04-07T17:56:00.000Z,389.02,USD,web,
customer-0190,2026-04-07T18:03:00.000Z,390.03,EUR,mobile,ext-001389
customer-0191,2026-04-07T18:10:00.000Z,391.04,GBP,email,
customer-0192,2026-04-07T18:17:00.000Z,392.05,UAH,pos,
customer-0193,2026-04-07T18:24:00.000Z,393.06,USD,web,ext-001392
customer-0194,2026-04-07T18:31:00.000Z,394.07,EUR,mobile,
customer-0195,2026-04-07T18:38:00.000Z,395.08,GBP,email,
customer-0196,2026-04-07T18:45:00.000Z,396.09,UAH,pos,ext-001395
customer-0197,2026-04-07T18:52:00.000Z,397.10,USD,web,
customer-0198,2026-04-07T18:59:00.000Z,398.11,EUR,mobile,
customer-0199,2026-04-07T19:06:00.000Z,399.12,GBP,email,ext-001398
customer-0200,2026-04-07T19:13:00.000Z,400.13,UAH,pos,
customer-0201,2026-04-07T19:20:00.000Z,401.14,USD,web,
customer-0202,2026-04-07T19:27:00.000Z,402.15,EUR,mobile,ext-001401
customer-0203,2026-04-07T19:34:00.000Z,403.16,GBP,email,
customer-0204,2026-04-07T19:41:00.000Z,404.17,UAH,pos,
customer-0205,2026-04-07T19:48:00.000Z,405.18,USD,web,ext-001404
customer-0206,2026-04-07T19:55:00.000Z,406.19,EUR,mobile,
customer-0207,2026-04-07T20:02:00.000Z,407.20,GBP,email,
customer-0208,2026-04-07T20:09:00.000Z,408.21,UAH,pos,ext-001407
customer-0209,2026-04-07T20:16:00.000Z,409.22,USD,web,
customer-0210,2026-04-07T20:23:00.000Z,410.23,EUR,mobile,
customer-0211,2026-04-07T20:30:00.000Z,411.24,GBP,email,ext-001410
customer-0212,2026-04-07T20:37:00.000Z,412.25,UAH,pos,
customer-0213,2026-04-07T20:44:00.000Z,413.26,USD,web,
customer-0214,2026-04-07T20:51:00.000Z,414.27,EUR,mobile,ext-001413
customer-0215,2026-04-07T20:58:00.000Z,415.28,GBP,email,
customer-0216,2026-04-07T21:05:00.000Z,416.29,UAH,pos,
customer-0217,2026-04-07T21:12:00.000Z,417.30,USD,web,ext-001416
customer-0218,2026-04-07T21:19:00.000Z,418.31,EUR,mobile,
customer-0219,2026-04-07T21:26:00.000Z,419.32,GBP,email,
customer-0220,2026-04-07T21:33:00.000Z,420.33,UAH,pos,ext-001419
customer-0221,2026-04-07T21:40:00.000Z,421.34,USD,web,
customer-0222,2026-04-07T21:47:00.000Z,422.35,EUR,mobile,
customer-0223,2026-04-07T21:54:00.000Z,423.36,GBP,email,ext-001422
customer-0224,2026-04-07T22:01:00.000Z,424.37,UAH,pos,
customer-0225,2026-04-07T22:08:00.000Z,425.38,USD,web,
customer-0226,2026-04-07T22:15:00.000Z,426.39,EUR,mobile,ext-001425
customer-0227,2026-04-07T22:22:00.000Z,427.40,GBP,email,
customer-0228,2026-04-07T22:29:00.000Z,428.41,UAH,pos,
customer-0229,2026-04-07T22:36:00.000Z,429.42,USD,web,ext-001428
customer-0230,2026-04-07T22:43:00.000Z,430.43,EUR,mobile,
customer-0231,2026-04-07T22:50:00.000Z,431.44,GBP,email,
customer-0232,2026-04-07T22:57:00.000Z,432.45,UAH,pos,ext-001431
customer-0233,2026-04-07T23:04:00.000Z,433.46,USD,web,
customer-0234,2026-04-07T23:11:00.000Z,434.47,EUR,mobile,
customer-0235,2026-04-07T23:18:00.000Z,435.48,GBP,email,ext-001434
customer-0236,2026-04-07T23:25:00.000Z,436.49,UAH,pos,
customer-0237,2026-04-07T23:32:00.000Z,437.50,USD,web,
customer-0238,2026-04-07T23:39:00.000Z,438.51,EUR,mobile,ext-001437
customer-0239,2026-04-07T23:46:00.000Z,439.52,GBP,email,
customer-0240,2026-04-07T23:53:00.000Z,440.53,UAH,pos,
customer-0241,2026-04-08T00:00:00.000Z,441.54,USD,web,ext-001440
customer-0242,2026-04-08T00:07:00.000Z,442.55,EUR,mobile,
customer-0243,2026-04-08T00:14:00.000Z,443.56,GBP,email,
customer-0244,2026-04-08T00:21:00.000Z,444.57,UAH,pos,ext-001443
customer-0245,2026-04-08T00:28:00.000Z,445.58,USD,web,
customer-0246,2026-04-08T00:35:00.000Z,446.59,EUR,mobile,
customer-0247,2026-04-08T00:42:00.000Z,447.60,GBP,email,ext-001446
customer-0248,2026-04-08T00:49:00.000Z,448.61,UAH,pos,
customer-0249,2026-04-08T00:56:00.000Z,449.62,USD,web,
customer-0250,2026-04-08T01:03:00.000Z,450.63,EUR,mobile,ext-001449
customer-0251,2026-04-08T01:10:00.000Z,451.64,GBP,email,
customer-0252,2026-04-08T01:17:00.000Z,452.65,UAH,pos,
customer-0253,2026-04-08T01:24:00.000Z,453.66,USD,web,ext-001452
customer-0254,2026-04-08T01:31:00.000Z,454.67,EUR,mobile,
customer-0255,2026-04-08T01:38:00.000Z,455.68,GBP,email,
customer-0256,2026-04-08T01:45:00.000Z,456.69,UAH,pos,ext-001455
customer-0257,2026-04-08T01:52:00.000Z,457.70,USD,web,
customer-0258,2026-04-08T01:59:00.000Z,458.71,EUR,mobile,
customer-0259,2026-04-08T02:06:00.000Z,459.72,GBP,email,ext-001458
customer-0260,2026-04-08T02:13:00.000Z,460.73,UAH,pos,
customer-0261,2026-04-08T02:20:00.000Z,461.74,USD,web,
customer-0262,2026-04-08T02:27:00.000Z,462.75,EUR,mobile,ext-001461
customer-0263,2026-04-08T02:34:00.000Z,463.76,GBP,email,
customer-0264,2026-04-08T02:41:00.000Z,464.77,UAH,pos,
customer-0265,2026-04-08T02:48:00.000Z,465.78,USD,web,ext-001464
customer-0266,2026-04-08T02:55:00.000Z,466.79,EUR,mobile,
customer-0267,2026-04-08T03:02:00.000Z,467.80,GBP,email,
customer-0268,2026-04-08T03:09:00.000Z,468.81,UAH,pos,ext-001467
customer-0269,2026-04-08T03:16:00.000Z,469.82,USD,web,
customer-0270,2026-04-08T03:23:00.000Z,470.83,EUR,mobile,
customer-0271,2026-04-08T03:30:00.000Z,471.84,GBP,email,ext-001470
customer-0272,2026-04-08T03:37:00.000Z,472.85,UAH,pos,
customer-0273,2026-04-08T03:44:00.000Z,473.86,USD,web,
customer-0274,2026-04-08T03:51:00.000Z,474.87,EUR,mobile,ext-001473
customer-0275,2026-04-08T03:58:00.000Z,475.88,GBP,email,
customer-0276,2026-04-08T04:05:00.000Z,476.89,UAH,pos,
customer-0277,2026-04-08T04:12:00.000Z,477.90,USD,web,ext-001476
customer-0278,2026-04-08T04:19:00.000Z,478.91,EUR,mobile,
customer-0279,2026-04-08T04:26:00.000Z,479.92,GBP,email,
customer-0280,2026-04-08T04:33:00.000Z,480.93,UAH,pos,ext-001479
customer-0281,2026-04-08T04:40:00.000Z,481.94,USD,web,
customer-0282,2026-04-08T04:47:00.000Z,482.95,EUR,mobile,
customer-0283,2026-04-08T04:54:00.000Z,483.96,GBP,email,ext-001482
customer-0284,2026-04-08T05:01:00.000Z,484.97,UAH,pos,
customer-0285,2026-04-08T05:08:00.000Z,485.98,USD,web,
customer-0286,2026-04-08T05:15:00.000Z,486.00,EUR,mobile,ext-001485
customer-0287,2026-04-08T05:22:00.000Z,487.01,GBP,email,
customer-0288,2026-04-08T05:29:00.000Z,488.02,UAH,pos,
customer-0289,2026-04-08T05:36:00.000Z,489.03,USD,web,ext-001488
customer-0290,2026-04-08T05:43:00.000Z,490.04,EUR,mobile,
customer-0291,2026-04-08T05:50:00.000Z,491.05,GBP,email,
customer-0292,2026-04-08T05:57:00.000Z,492.06,UAH,pos,ext-001491
customer-0293,2026-04-08T06:04:00.000Z,493.07,USD,web,
customer-0294,2026-04-08T06:11:00.000Z,494.08,EUR,mobile,
customer-0295,2026-04-08T06:18:00.000Z,495.09,GBP,email,ext-001494
customer-0296,2026-04-08T06:25:00.000Z,496.10,UAH,pos,
customer-0297,2026-04-08T06:32:00.000Z,497.11,USD,web,
customer-0298,2026-04-08T06:39:00.000Z,498.12,EUR,mobile,ext-001497
customer-0299,2026-04-08T06:46:00.000Z,499.13,GBP,email,
customer-0300,2026-04-08T06:53:00.000Z,500.14,UAH,pos,
customer-0301,2026-04-08T07:00:00.000Z,1.15,USD,web,ext-001500
customer-0302,2026-04-08T07:07:00.000Z,2.16,EUR,mobile,
customer-0303,2026-04-08T07:14:00.000Z,3.17,GBP,email,
customer-0304,2026-04-08T07:21:00.000Z,4.18,UAH,pos,ext-001503
customer-0305,2026-04-08T07:28:00.000Z,5.19,USD,web,
customer-0306,2026-04-08T07:35:00.000Z,6.20,EUR,mobile,
customer-0307,2026-04-08T07:42:00.000Z,7.21,GBP,email,ext-001506
customer-0308,2026-04-08T07:49:00.000Z,8.22,UAH,pos,
customer-0309,2026-04-08T07:56:00.000Z,9.23,USD,web,
customer-0310,2026-04-08T08:03:00.000Z,10.24,EUR,mobile,ext-001509
customer-0311,2026-04-08T08:10:00.000Z,11.25,GBP,email,
customer-0312,2026-04-08T08:17:00.000Z,12.26,UAH,pos,
customer-0313,2026-04-08T08:24:00.000Z,13.27,USD,web,ext-001512
customer-0314,2026-04-08T08:31:00.000Z,14.28,EUR,mobile,
customer-0315,2026-04-08T08:38:00.000Z,15.29,GBP,email,
customer-0316,2026-04-08T08:45:00.000Z,16.30,UAH,pos,ext-001515
customer-0317,2026-04-08T08:52:00.000Z,17.31,USD,web,
customer-0318,2026-04-08T08:59:00.000Z,18.32,EUR,mobile,
customer-0319,2026-04-08T09:06:00.000Z,19.33,GBP,email,ext-001518
customer-0320,2026-04-08T09:13:00.000Z,20.34,UAH,pos,
customer-0321,2026-04-08T09:20:00.000Z,21.35,USD,web,
customer-0322,2026-04-08T09:27:00.000Z,22.36,EUR,mobile,ext-001521
customer-0323,2026-04-08T09:34:00.000Z,23.37,GBP,email,
customer-0324,2026-04-08T09:41:00.000Z,24.38,UAH,pos,
customer-0325,2026-04-08T09:48:00.000Z,25.39,USD,web,ext-001524
customer-0326,2026-04-08T09:55:00.000Z,26.40,EUR,mobile,
customer-0327,2026-04-08T10:02:00.000Z,27.41,GBP,email,
customer-0328,2026-04-08T10:09:00.000Z,28.42,UAH,pos,ext-001527
customer-0329,2026-04-08T10:16:00.000Z,29.43,USD,web,
customer-0330,2026-04-08T10:23:00.000Z,30.44,EUR,mobile,
customer-0331,2026-04-08T10:30:00.000Z,31.45,GBP,email,ext-001530
customer-0332,2026-04-08T10:37:00.000Z,32.46,UAH,pos,
customer-0333,2026-04-08T10:44:00.000Z,33.47,USD,web,
customer-0334,2026-04-08T10:51:00.000Z,34.48,EUR,mobile,ext-001533
customer-0335,2026-04-08T10:58:00.000Z,35.49,GBP,email,
customer-0336,2026-04-08T11:05:00.000Z,36.50,UAH,pos,
customer-0337,2026-04-08T11:12:00.000Z,37.51,USD,web,ext-001536
customer-0338,2026-04-08T11:19:00.000Z,38.52,EUR,mobile,
customer-0339,2026-04-08T11:26:00.000Z,39.53,GBP,email,
customer-0340,2026-04-08T11:33:00.000Z,40.54,UAH,pos,ext-001539
customer-0341,2026-04-08T11:40:00.000Z,41.55,USD,web,
customer-0342,2026-04-08T11:47:00.000Z,42.56,EUR,mobile,
customer-0343,2026-04-08T11:54:00.000Z,43.57,GBP,email,ext-001542
customer-0344,2026-04-08T12:01:00.000Z,44.58,UAH,pos,
customer-0345,2026-04-08T12:08:00.000Z,45.59,USD,web,
customer-0346,2026-04-08T12:15:00.000Z,46.60,EUR,mobile,ext-001545
customer-0347,2026-04-08T12:22:00.000Z,47.61,GBP,email,
customer-0348,2026-04-08T12:29:00.000Z,48.62,UAH,pos,
customer-0349,2026-04-08T12:36:00.000Z,49.63,USD,web,ext-001548
customer-0350,2026-04-08T12:43:00.000Z,50.64,EUR,mobile,
customer-0351,2026-04-08T12:50:00.000Z,51.65,GBP,email,
customer-0352,2026-04-08T12:57:00.000Z,52.66,UAH,pos,ext-001551
customer-0353,2026-04-08T13:04:00.000Z,53.67,USD,web,
customer-0354,2026-04-08T13:11:00.000Z,54.68,EUR,mobile,
customer-0355,2026-04-08T13:18:00.000Z,55.69,GBP,email,ext-001554
customer-0356,2026-04-08T13:25:00.000Z,56.70,UAH,pos,
customer-0357,2026-04-08T13:32:00.000Z,57.71,USD,web,
customer-0358,2026-04-08T13:39:00.000Z,58.72,EUR,mobile,ext-001557
customer-0359,2026-04-08T13:46:00.000Z,59.73,GBP,email,
customer-0360,2026-04-08T13:53:00.000Z,60.74,UAH,pos,
customer-0361,2026-04-08T14:00:00.000Z,61.75,USD,web,ext-001560
customer-0362,2026-04-08T14:07:00.000Z,62.76,EUR,mobile,
customer-0363,2026-04-08T14:14:00.000Z,63.77,GBP,email,
customer-0364,2026-04-08T14:21:00.000Z,64.78,UAH,pos,ext-001563
customer-0365,2026-04-08T14:28:00.000Z,65.79,USD,web,
customer-0366,2026-04-08T14:35:00.000Z,66.80,EUR,mobile,
customer-0367,2026-04-08T14:42:00.000Z,67.81,GBP,email,ext-001566
customer-0368,2026-04-08T14:49:00.000Z,68.82,UAH,pos,
customer-0369,2026-04-08T14:56:00.000Z,69.83,USD,web,
customer-0370,2026-04-08T15:03:00.000Z,70.84,EUR,mobile,ext-001569
customer-0371,2026-04-08T15:10:00.000Z,71.85,GBP,email,
customer-0372,2026-04-08T15:17:00.000Z,72.86,UAH,pos,
customer-0373,2026-04-08T15:24:00.000Z,73.87,USD,web,ext-001572
customer-0374,2026-04-08T15:31:00.000Z,74.88,EUR,mobile,
customer-0375,2026-04-08T15:38:00.000Z,75.89,GBP,email,
customer-0376,2026-04-08T15:45:00.000Z,76.90,UAH,pos,ext-001575
customer-0377,2026-04-08T15:52:00.000Z,77.91,USD,web,
customer-0378,2026-04-08T15:59:00.000Z,78.92,EUR,mobile,
customer-0379,2026-04-08T16:06:00.000Z,79.93,GBP,email,ext-001578
customer-0380,2026-04-08T16:13:00.000Z,80.94,UAH,pos,
customer-0381,2026-04-08T16:20:00.000Z,81.95,USD,web,
customer-0382,2026-04-08T16:27:00.000Z,82.96,EUR,mobile,ext-001581
customer-0383,2026-04-08T16:34:00.000Z,83.97,GBP,email,
customer-0384,2026-04-08T16:41:00.000Z,84.98,UAH,pos,
customer-0385,2026-04-08T16:48:00.000Z,85.00,USD,web,ext-001584
customer-0386,2026-04-08T16:55:00.000Z,86.01,EUR,mobile,
customer-0387,2026-04-08T17:02:00.000Z,87.02,GBP,email,
customer-0388,2026-04-08T17:09:00.000Z,88.03,UAH,pos,ext-001587
customer-0389,2026-04-08T17:16:00.000Z,89.04,USD,web,
customer-0390,2026-04-08T17:23:00.000Z,90.05,EUR,mobile,
customer-0391,2026-04-08T17:30:00.000Z,91.06,GBP,email,ext-001590
customer-0392,2026-04-08T17:37:00.000Z,92.07,UAH,pos,
customer-0393,2026-04-08T17:44:00.000Z,93.08,USD,web,
customer-0394,2026-04-08T17:51:00.000Z,94.09,EUR,mobile,ext-001593
customer-0395,2026-04-08T17:58:00.000Z,95.10,GBP,email,
customer-0396,2026-04-08T18:05:00.000Z,96.11,UAH,pos,
customer-0397,2026-04-08T18:12:00.000Z,97.12,USD,web,ext-001596
customer-0398,2026-04-08T18:19:00.000Z,98.13,EUR,mobile,
customer-0399,2026-04-08T18:26:00.000Z,99.14,GBP,email,
customer-0400,2026-04-08T18:33:00.000Z,100.15,UAH,pos,ext-001599
customer-0401,2026-04-08T18:40:00.000Z,101.16,USD,web,
customer-0402,2026-04-08T18:47:00.000Z,102.17,EUR,mobile,
customer-0403,2026-04-08T18:54:00.000Z,103.18,GBP,email,ext-001602
customer-0404,2026-04-08T19:01:00.000Z,104.19,UAH,pos,
customer-0405,2026-04-08T19:08:00.000Z,105.20,USD,web,
customer-0406,2026-04-08T19:15:00.000Z,106.21,EUR,mobile,ext-001605
customer-0407,2026-04-08T19:22:00.000Z,107.22,GBP,email,
customer-0408,2026-04-08T19:29:00.000Z,108.23,UAH,pos,
customer-0409,2026-04-08T19:36:00.000Z,109.24,USD,web,ext-001608
customer-0410,2026-04-08T19:43:00.000Z,110.25,EUR,mobile,
customer-0411,2026-04-08T19:50:00.000Z,111.26,GBP,email,
customer-0412,2026-04-08T19:57:00.000Z,112.27,UAH,pos,ext-001611
customer-0413,2026-04-08T20:04:00.000Z,113.28,USD,web,
customer-0414,2026-04-08T20:11:00.000Z,114.29,EUR,mobile,
customer-0415,2026-04-08T20:18:00.000Z,115.30,GBP,email,ext-001614
customer-0416,2026-04-08T20:25:00.000Z,116.31,UAH,pos,
customer-0417,2026-04-08T20:32:00.000Z,117.32,USD,web,
customer-0418,2026-04-08T20:39:00.000Z,118.33,EUR,mobile,ext-001617
customer-0419,2026-04-08T20:46:00.000Z,119.34,GBP,email,
customer-0420,2026-04-08T20:53:00.000Z,120.35,UAH,pos,
customer-0421,2026-04-08T21:00:00.000Z,121.36,USD,web,ext-001620
customer-0422,2026-04-08T21:07:00.000Z,122.37,EUR,mobile,
customer-0423,2026-04-08T21:14:00.000Z,123.38,GBP,email,
customer-0424,2026-04-08T21:21:00.000Z,124.39,UAH,pos,ext-001623
customer-0425,2026-04-08T21:28:00.000Z,125.40,USD,web,
customer-0426,2026-04-08T21:35:00.000Z,126.41,EUR,mobile,
customer-0427,2026-04-08T21:42:00.000Z,127.42,GBP,email,ext-001626
customer-0428,2026-04-08T21:49:00.000Z,128.43,UAH,pos,
customer-0429,2026-04-08T21:56:00.000Z,129.44,USD,web,
customer-0430,2026-04-08T22:03:00.000Z,130.45,EUR,mobile,ext-001629
customer-0431,2026-04-08T22:10:00.000Z,131.46,GBP,email,
customer-0432,2026-04-08T22:17:00.000Z,132.47,UAH,pos,
customer-0433,2026-04-08T22:24:00.000Z,133.48,USD,web,ext-001632
customer-0434,2026-04-08T22:31:00.000Z,134.49,EUR,mobile,
customer-0435,2026-04-08T22:38:00.000Z,135.50,GBP,email,
customer-0436,2026-04-08T22:45:00.000Z,136.51,UAH,pos,ext-001635
customer-0437,2026-04-08T22:52:00.000Z,137.52,USD,web,
customer-0438,2026-04-08T22:59:00.000Z,138.53,EUR,mobile,
customer-0439,2026-04-08T23:06:00.000Z,139.54,GBP,email,ext-001638
customer-0440,2026-04-08T23:13:00.000Z,140.55,UAH,pos,
customer-0441,2026-04-08T23:20:00.000Z,141.56,USD,web,
customer-0442,2026-04-08T23:27:00.000Z,142.57,EUR,mobile,ext-001641
customer-0443,2026-04-08T23:34:00.000Z,143.58,GBP,email,
customer-0444,2026-04-08T23:41:00.000Z,144.59,UAH,pos,
customer-0445,2026-04-08T23:48:00.000Z,145.60,USD,web,ext-001644
customer-0446,2026-04-08T23:55:00.000Z,146.61,EUR,mobile,
customer-0447,2026-04-09T00:02:00.000Z,147.62,GBP,email,
customer-0448,2026-04-09T00:09:00.000Z,148.63,UAH,pos,ext-001647
customer-0449,2026-04-09T00:16:00.000Z,149.64,USD,web,
customer-0450,2026-04-09T00:23:00.000Z,150.65,EUR,mobile,
customer-0451,2026-04-09T00:30:00.000Z,151.66,GBP,email,ext-001650
customer-0452,2026-04-09T00:37:00.000Z,152.67,UAH,pos,
customer-0453,2026-04-09T00:44:00.000Z,153.68,USD,web,
customer-0454,2026-04-09T00:51:00.000Z,154.69,EUR,mobile,ext-001653
customer-0455,2026-04-09T00:58:00.000Z,155.70,GBP,email,
customer-0456,2026-04-09T01:05:00.000Z,156.71,UAH,pos,
customer-0457,2026-04-09T01:12:00.000Z,157.72,USD,web,ext-001656
customer-0458,2026-04-09T01:19:00.000Z,158.73,EUR,mobile,
customer-0459,2026-04-09T01:26:00.000Z,159.74,GBP,email,
customer-0460,2026-04-09T01:33:00.000Z,160.75,UAH,pos,ext-001659
customer-0461,2026-04-09T01:40:00.000Z,161.76,USD,web,
customer-0462,2026-04-09T01:47:00.000Z,162.77,EUR,mobile,
customer-0463,2026-04-09T01:54:00.000Z,163.78,GBP,email,ext-001662
customer-0464,2026-04-09T02:01:00.000Z,164.79,UAH,pos,
customer-0465,2026-04-09T02:08:00.000Z,165.80,USD,web,
customer-0466,2026-04-09T02:15:00.000Z,166.81,EUR,mobile,ext-001665
customer-0467,2026-04-09T02:22:00.000Z,167.82,GBP,email,
customer-0468,2026-04-09T02:29:00.000Z,168.83,UAH,pos,
customer-0469,2026-04-09T02:36:00.000Z,169.84,USD,web,ext-001668
customer-0470,2026-04-09T02:43:00.000Z,170.85,EUR,mobile,
customer-0471,2026-04-09T02:50:00.000Z,171.86,GBP,email,
customer-0472,2026-04-09T02:57:00.000Z,172.87,UAH,pos,ext-001671
customer-0473,2026-04-09T03:04:00.000Z,173.88,USD,web,
customer-0474,2026-04-09T03:11:00.000Z,174.89,EUR,mobile,
customer-0475,2026-04-09T03:18:00.000Z,175.90,GBP,email,ext-001674
customer-0476,2026-04-09T03:25:00.000Z,176.91,UAH,pos,
customer-0477,2026-04-09T03:32:00.000Z,177.92,USD,web,
customer-0478,2026-04-09T03:39:00.000Z,178.93,EUR,mobile,ext-001677
customer-0479,2026-04-09T03:46:00.000Z,179.94,GBP,email,
customer-0480,2026-04-09T03:53:00.000Z,180.95,UAH,pos,
customer-0481,2026-04-09T04:00:00.000Z,181.96,USD,web,ext-001680
customer-0482,2026-04-09T04:07:00.000Z,182.97,EUR,mobile,
customer-0483,2026-04-09T04:14:00.000Z,183.98,GBP,email,
customer-0484,2026-04-09T04:21:00.000Z,184.00,UAH,pos,ext-001683
customer-0485,2026-04-09T04:28:00.000Z,185.01,USD,web,
customer-0486,2026-04-09T04:35:00.000Z,186.02,EUR,mobile,
customer-0487,2026-04-09T04:42:00.000Z,187.03,GBP,email,ext-001686
customer-0488,2026-04-09T04:49:00.000Z,188.04,UAH,pos,
customer-0489,2026-04-09T04:56:00.000Z,189.05,USD,web,
customer-0490,2026-04-09T05:03:00.000Z,190.06,EUR,mobile,ext-001689
customer-0491,2026-04-09T05:10:00.000Z,191.07,GBP,email,
customer-0492,2026-04-09T05:17:00.000Z,192.08,UAH,pos,
customer-0493,2026-04-09T05:24:00.000Z,193.09,USD,web,ext-001692
customer-0494,2026-04-09T05:31:00.000Z,194.10,EUR,mobile,
customer-0495,2026-04-09T05:38:00.000Z,195.11,GBP,email,
customer-0496,2026-04-09T05:45:00.000Z,196.12,UAH,pos,ext-001695
customer-0497,2026-04-09T05:52:00.000Z,197.13,USD,web,
customer-0498,2026-04-09T05:59:00.000Z,198.14,EUR,mobile,
customer-0499,2026-04-09T06:06:00.000Z,199.15,GBP,email,ext-001698
customer-0500,2026-04-09T06:13:00.000Z,200.16,UAH,pos,
customer-0501,2026-04-09T06:20:00.000Z,201.17,USD,web,
customer-0502,2026-04-09T06:27:00.000Z,202.18,EUR,mobile,ext-001701
customer-0503,2026-04-09T06:34:00.000Z,203.19,GBP,email,
customer-0504,2026-04-09T06:41:00.000Z,204.20,UAH,pos,
customer-0505,2026-04-09T06:48:00.000Z,205.21,USD,web,ext-001704
customer-0506,2026-04-09T06:55:00.000Z,206.22,EUR,mobile,
customer-0507,2026-04-09T07:02:00.000Z,207.23,GBP,email,
customer-0508,2026-04-09T07:09:00.000Z,208.24,UAH,pos,ext-001707
customer-0509,2026-04-09T07:16:00.000Z,209.25,USD,web,
customer-0510,2026-04-09T07:23:00.000Z,210.26,EUR,mobile,
customer-0511,2026-04-09T07:30:00.000Z,211.27,GBP,email,ext-001710
customer-0512,2026-04-09T07:37:00.000Z,212.28,UAH,pos,
customer-0513,2026-04-09T07:44:00.000Z,213.29,USD,web,
customer-0514,2026-04-09T07:51:00.000Z,214.30,EUR,mobile,ext-001713
customer-0515,2026-04-09T07:58:00.000Z,215.31,GBP,email,
customer-0516,2026-04-09T08:05:00.000Z,216.32,UAH,pos,
customer-0517,2026-04-09T08:12:00.000Z,217.33,USD,web,ext-001716
customer-0518,2026-04-09T08:19:00.000Z,218.34,EUR,mobile,
customer-0519,2026-04-09T08:26:00.000Z,219.35,GBP,email,
customer-0520,2026-04-09T08:33:00.000Z,220.36,UAH,pos,ext-001719
customer-0521,2026-04-09T08:40:00.000Z,221.37,USD,web,
customer-0522,2026-04-09T08:47:00.000Z,222.38,EUR,mobile,
customer-0523,2026-04-09T08:54:00.000Z,223.39,GBP,email,ext-001722
customer-0524,2026-04-09T09:01:00.000Z,224.40,UAH,pos,
customer-0525,2026-04-09T09:08:00.000Z,225.41,USD,web,
customer-0526,2026-04-09T09:15:00.000Z,226.42,EUR,mobile,ext-001725
customer-0527,2026-04-09T09:22:00.000Z,227.43,GBP,email,
customer-0528,2026-04-09T09:29:00.000Z,228.44,UAH,pos,
customer-0529,2026-04-09T09:36:00.000Z,229.45,USD,web,ext-001728
customer-0530,2026-04-09T09:43:00.000Z,230.46,EUR,mobile,
customer-0531,2026-04-09T09:50:00.000Z,231.47,GBP,email,
customer-0532,2026-04-09T09:57:00.000Z,232.48,UAH,pos,ext-001731
customer-0533,2026-04-09T10:04:00.000Z,233.49,USD,web,
customer-0534,2026-04-09T10:11:00.000Z,234.50,EUR,mobile,
customer-0535,2026-04-09T10:18:00.000Z,235.51,GBP,email,ext-001734
customer-0536,2026-04-09T10:25:00.000Z,236.52,UAH,pos,
customer-0537,2026-04-09T10:32:00.000Z,237.53,USD,web,
customer-0538,2026-04-09T10:39:00.000Z,238.54,EUR,mobile,ext-001737
customer-0539,2026-04-09T10:46:00.000Z,239.55,GBP,email,
customer-0540,2026-04-09T10:53:00.000Z,240.56,UAH,pos,
customer-0541,2026-04-09T11:00:00.000Z,241.57,USD,web,ext-001740
customer-0542,2026-04-09T11:07:00.000Z,242.58,EUR,mobile,
customer-0543,2026-04-09T11:14:00.000Z,243.59,GBP,email,
customer-0544,2026-04-09T11:21:00.000Z,244.60,UAH,pos,ext-001743
customer-0545,2026-04-09T11:28:00.000Z,245.61,USD,web,
customer-0546,2026-04-09T11:35:00.000Z,246.62,EUR,mobile,
customer-0547,2026-04-09T11:42:00.000Z,247.63,GBP,email,ext-001746
customer-0548,2026-04-09T11:49:00.000Z,248.64,UAH,pos,
customer-0549,2026-04-09T11:56:00.000Z,249.65,USD,web,
customer-0550,2026-04-09T12:03:00.000Z,250.66,EUR,mobile,ext-001749
customer-0551,2026-04-09T12:10:00.000Z,251.67,GBP,email,
customer-0552,2026-04-09T12:17:00.000Z,252.68,UAH,pos,
customer-0553,2026-04-09T12:24:00.000Z,253.69,USD,web,ext-001752
customer-0554,2026-04-09T12:31:00.000Z,254.70,EUR,mobile,
customer-0555,2026-04-09T12:38:00.000Z,255.71,GBP,email,
customer-0556,2026-04-09T12:45:00.000Z,256.72,UAH,pos,ext-001755
customer-0557,2026-04-09T12:52:00.000Z,257.73,USD,web,
customer-0558,2026-04-09T12:59:00.000Z,258.74,EUR,mobile,
customer-0559,2026-04-09T13:06:00.000Z,259.75,GBP,email,ext-001758
customer-0560,2026-04-09T13:13:00.000Z,260.76,UAH,pos,
customer-0561,2026-04-09T13:20:00.000Z,261.77,USD,web,
customer-0562,2026-04-09T13:27:00.000Z,262.78,EUR,mobile,ext-001761
customer-0563,2026-04-09T13:34:00.000Z,263.79,GBP,email,
customer-0564,2026-04-09T13:41:00.000Z,264.80,UAH,pos,
customer-0565,2026-04-09T13:48:00.000Z,265.81,USD,web,ext-001764
customer-0566,2026-04-09T13:55:00.000Z,266.82,EUR,mobile,
customer-0567,2026-04-09T14:02:00.000Z,267.83,GBP,email,
customer-0568,2026-04-09T14:09:00.000Z,268.84,UAH,pos,ext-001767
customer-0569,2026-04-09T14:16:00.000Z,269.85,USD,web,
customer-0570,2026-04-09T14:23:00.000Z,270.86,EUR,mobile,
customer-0571,2026-04-09T14:30:00.000Z,271.87,GBP,email,ext-001770
customer-0572,2026-04-09T14:37:00.000Z,272.88,UAH,pos,
customer-0573,2026-04-09T14:44:00.000Z,273.89,USD,web,
customer-0574,2026-04-09T14:51:00.000Z,274.90,EUR,mobile,ext-001773
customer-0575,2026-04-09T14:58:00.000Z,275.91,GBP,email,
customer-0576,2026-04-09T15:05:00.000Z,276.92,UAH,pos,
customer-0577,2026-04-09T15:12:00.000Z,277.93,USD,web,ext-001776
customer-0578,2026-04-09T15:19:00.000Z,278.94,EUR,mobile,
customer-0579,2026-04-09T15:26:00.000Z,279.95,GBP,email,
customer-0580,2026-04-09T15:33:00.000Z,280.96,UAH,pos,ext-001779
customer-0581,2026-04-09T15:40:00.000Z,281.97,USD,web,
customer-0582,2026-04-09T15:47:00.000Z,282.98,EUR,mobile,
customer-0583,2026-04-09T15:54:00.000Z,283.00,GBP,email,ext-001782
customer-0584,2026-04-09T16:01:00.000Z,284.01,UAH,pos,
customer-0585,2026-04-09T16:08:00.000Z,285.02,USD,web,
customer-0586,2026-04-09T16:15:00.000Z,286.03,EUR,mobile,ext-001785
customer-0587,2026-04-09T16:22:00.000Z,287.04,GBP,email,
customer-0588,2026-04-09T16:29:00.000Z,288.05,UAH,pos,
customer-0589,2026-04-09T16:36:00.000Z,289.06,USD,web,ext-001788
customer-0590,2026-04-09T16:43:00.000Z,290.07,EUR,mobile,
customer-0591,2026-04-09T16:50:00.000Z,291.08,GBP,email,
customer-0592,2026-04-09T16:57:00.000Z,292.09,UAH,pos,ext-001791
customer-0593,2026-04-09T17:04:00.000Z,293.10,USD,web,
customer-0594,2026-04-09T17:11:00.000Z,294.11,EUR,mobile,
customer-0595,2026-04-09T17:18:00.000Z,295.12,GBP,email,ext-001794
customer-0596,2026-04-09T17:25:00.000Z,296.13,UAH,pos,
customer-0597,2026-04-09T17:32:00.000Z,297.14,USD,web,
customer-0598,2026-04-09T17:39:00.000Z,298.15,EUR,mobile,ext-001797
customer-0599,2026-04-09T17:46:00.000Z,299.16,GBP,email,
customer-0600,2026-04-09T17:53:00.000Z,300.17,UAH,pos,
customer-0601,2026-04-09T18:00:00.000Z,301.18,USD,web,ext-001800
customer-0602,2026-04-09T18:07:00.000Z,302.19,EUR,mobile,
customer-0603,2026-04-09T18:14:00.000Z,303.20,GBP,email,
customer-0604,2026-04-09T18:21:00.000Z,304.21,UAH,pos,ext-001803
customer-0605,2026-04-09T18:28:00.000Z,305.22,USD,web,
customer-0606,2026-04-09T18:35:00.000Z,306.23,EUR,mobile,
customer-0607,2026-04-09T18:42:00.000Z,307.24,GBP,email,ext-001806
customer-0608,2026-04-09T18:49:00.000Z,308.25,UAH,pos,
customer-0609,2026-04-09T18:56:00.000Z,309.26,USD,web,
customer-0610,2026-04-09T19:03:00.000Z,310.27,EUR,mobile,ext-001809
customer-0611,2026-04-09T19:10:00.000Z,311.28,GBP,email,
customer-0612,2026-04-09T19:17:00.000Z,312.29,UAH,pos,
customer-0613,2026-04-09T19:24:00.000Z,313.30,USD,web,ext-001812
customer-0614,2026-04-09T19:31:00.000Z,314.31,EUR,mobile,
customer-0615,2026-04-09T19:38:00.000Z,315.32,GBP,email,
customer-0616,2026-04-09T19:45:00.000Z,316.33,UAH,pos,ext-001815
customer-0617,2026-04-09T19:52:00.000Z,317.34,USD,web,
customer-0618,2026-04-09T19:59:00.000Z,318.35,EUR,mobile,
customer-0619,2026-04-09T20:06:00.000Z,319.36,GBP,email,ext-001818
customer-0620,2026-04-09T20:13:00.000Z,320.37,UAH,pos,
customer-0621,2026-04-09T20:20:00.000Z,321.38,USD,web,
customer-0622,2026-04-09T20:27:00.000Z,322.39,EUR,mobile,ext-001821
customer-0623,2026-04-09T20:34:00.000Z,323.40,GBP,email,
customer-0624,2026-04-09T20:41:00.000Z,324.41,UAH,pos,
customer-0625,2026-04-09T20:48:00.000Z,325.42,USD,web,ext-001824
customer-0626,2026-04-09T20:55:00.000Z,326.43,EUR,mobile,
customer-0627,2026-04-09T21:02:00.000Z,327.44,GBP,email,
customer-0628,2026-04-09T21:09:00.000Z,328.45,UAH,pos,ext-001827
customer-0629,2026-04-09T21:16:00.000Z,329.46,USD,web,
customer-0630,2026-04-09T21:23:00.000Z,330.47,EUR,mobile,
customer-0631,2026-04-09T21:30:00.000Z,331.48,GBP,email,ext-001830
customer-0632,2026-04-09T21:37:00.000Z,332.49,UAH,pos,
customer-0633,2026-04-09T21:44:00.000Z,333.50,USD,web,
customer-0634,2026-04-09T21:51:00.000Z,334.51,EUR,mobile,ext-001833
customer-0635,2026-04-09T21:58:00.000Z,335.52,GBP,email,
customer-0636,2026-04-09T22:05:00.000Z,336.53,UAH,pos,
customer-0637,2026-04-09T22:12:00.000Z,337.54,USD,web,ext-001836
customer-0638,2026-04-09T22:19:00.000Z,338.55,EUR,mobile,
customer-0639,2026-04-09T22:26:00.000Z,339.56,GBP,email,
customer-0640,2026-04-09T22:33:00.000Z,340.57,UAH,pos,ext-001839
customer-0641,2026-04-09T22:40:00.000Z,341.58,USD,web,
customer-0642,2026-04-09T22:47:00.000Z,342.59,EUR,mobile,
customer-0643,2026-04-09T22:54:00.000Z,343.60,GBP,email,ext-001842
customer-0644,2026-04-09T23:01:00.000Z,344.61,UAH,pos,
customer-0645,2026-04-09T23:08:00.000Z,345.62,USD,web,
customer-0646,2026-04-09T23:15:00.000Z,346.63,EUR,mobile,ext-001845
customer-0647,2026-04-09T23:22:00.000Z,347.64,GBP,email,
customer-0648,2026-04-09T23:29:00.000Z,348.65,UAH,pos,
customer-0649,2026-04-09T23:36:00.000Z,349.66,USD,web,ext-001848
customer-0650,2026-04-09T23:43:00.000Z,350.67,EUR,mobile,
customer-0651,2026-04-09T23:50:00.000Z,351.68,GBP,email,
customer-0652,2026-04-09T23:57:00.000Z,352.69,UAH,pos,ext-001851
customer-0653,2026-04-10T00:04:00.000Z,353.70,USD,web,
customer-0654,2026-04-10T00:11:00.000Z,354.71,EUR,mobile,
customer-0655,2026-04-10T00:18:00.000Z,355.72,GBP,email,ext-001854
customer-0656,2026-04-10T00:25:00.000Z,356.73,UAH,pos,
customer-0657,2026-04-10T00:32:00.000Z,357.74,USD,web,
customer-0658,2026-04-10T00:39:00.000Z,358.75,EUR,mobile,ext-001857
customer-0659,2026-04-10T00:46:00.000Z,359.76,GBP,email,
customer-0660,2026-04-10T00:53:00.000Z,360.77,UAH,pos,
customer-0661,2026-04-10T01:00:00.000Z,361.78,USD,web,ext-001860
customer-0662,2026-04-10T01:07:00.000Z,362.79,EUR,mobile,
customer-0663,2026-04-10T01:14:00.000Z,363.80,GBP,email,
customer-0664,2026-04-10T01:21:00.000Z,364.81,UAH,pos,ext-001863
customer-0665,2026-04-10T01:28:00.000Z,365.82,USD,web,
customer-0666,2026-04-10T01:35:00.000Z,366.83,EUR,mobile,
customer-0667,2026-04-10T01:42:00.000Z,367.84,GBP,email,ext-001866
customer-0668,2026-04-10T01:49:00.000Z,368.85,UAH,pos,
customer-0669,2026-04-10T01:56:00.000Z,369.86,USD,web,
customer-0670,2026-04-10T02:03:00.000Z,370.87,EUR,mobile,ext-001869
customer-0671,2026-04-10T02:10:00.000Z,371.88,GBP,email,
customer-0672,2026-04-10T02:17:00.000Z,372.89,UAH,pos,
customer-0673,2026-04-10T02:24:00.000Z,373.90,USD,web,ext-001872
customer-0674,2026-04-10T02:31:00.000Z,374.91,EUR,mobile,
customer-0675,2026-04-10T02:38:00.000Z,375.92,GBP,email,
customer-0676,2026-04-10T02:45:00.000Z,376.93,UAH,pos,ext-001875
customer-0677,2026-04-10T02:52:00.000Z,377.94,USD,web,
customer-0678,2026-04-10T02:59:00.000Z,378.95,EUR,mobile,
customer-0679,2026-04-10T03:06:00.000Z,379.96,GBP,email,ext-001878
customer-0680,2026-04-10T03:13:00.000Z,380.97,UAH,pos,
customer-0681,2026-04-10T03:20:00.000Z,381.98,USD,web,
customer-0682,2026-04-10T03:27:00.000Z,382.00,EUR,mobile,ext-001881
customer-0683,2026-04-10T03:34:00.000Z,383.01,GBP,email,
customer-0684,2026-04-10T03:41:00.000Z,384.02,UAH,pos,
customer-0685,2026-04-10T03:48:00.000Z,385.03,USD,web,ext-001884
customer-0686,2026-04-10T03:55:00.000Z,386.04,EUR,mobile,
customer-0687,2026-04-10T04:02:00.000Z,387.05,GBP,email,
customer-0688,2026-04-10T04:09:00.000Z,388.06,UAH,pos,ext-001887
customer-0689,2026-04-10T04:16:00.000Z,389.07,USD,web,
customer-0690,2026-04-10T04:23:00.000Z,390.08,EUR,mobile,
customer-0691,2026-04-10T04:30:00.000Z,391.09,GBP,email,ext-001890
customer-0692,2026-04-10T04:37:00.000Z,392.10,UAH,pos,
customer-0693,2026-04-10T04:44:00.000Z,393.11,USD,web,
customer-0694,2026-04-10T04:51:00.000Z,394.12,EUR,mobile,ext-001893
customer-0695,2026-04-10T04:58:00.000Z,395.13,GBP,email,
customer-0696,2026-04-10T05:05:00.000Z,396.14,UAH,pos,
customer-0697,2026-04-10T05:12:00.000Z,397.15,USD,web,ext-001896
customer-0698,2026-04-10T05:19:00.000Z,398.16,EUR,mobile,
customer-0699,2026-04-10T05:26:00.000Z,399.17,GBP,email,
customer-0700,2026-04-10T05:33:00.000Z,400.18,UAH,pos,ext-001899
customer-0701,2026-04-10T05:40:00.000Z,401.19,USD,web,
customer-0702,2026-04-10T05:47:00.000Z,402.20,EUR,mobile,
customer-0703,2026-04-10T05:54:00.000Z,403.21,GBP,email,ext-001902
customer-0704,2026-04-10T06:01:00.000Z,404.22,UAH,pos,
customer-0705,2026-04-10T06:08:00.000Z,405.23,USD,web,
customer-0706,2026-04-10T06:15:00.000Z,406.24,EUR,mobile,ext-001905
customer-0707,2026-04-10T06:22:00.000Z,407.25,GBP,email,
customer-0708,2026-04-10T06:29:00.000Z,408.26,UAH,pos,
customer-0709,2026-04-10T06:36:00.000Z,409.27,USD,web,ext-001908
customer-0710,2026-04-10T06:43:00.000Z,410.28,EUR,mobile,
customer-0711,2026-04-10T06:50:00.000Z,411.29,GBP,email,
customer-0712,2026-04-10T06:57:00.000Z,412.30,UAH,pos,ext-001911
customer-0713,2026-04-10T07:04:00.000Z,413.31,USD,web,
customer-0714,2026-04-10T07:11:00.000Z,414.32,EUR,mobile,
customer-0715,2026-04-10T07:18:00.000Z,415.33,GBP,email,ext-001914
customer-0716,2026-04-10T07:25:00.000Z,416.34,UAH,pos,
customer-0717,2026-04-10T07:32:00.000Z,417.35,USD,web,
customer-0718,2026-04-10T07:39:00.000Z,418.36,EUR,mobile,ext-001917
customer-0719,2026-04-10T07:46:00.000Z,419.37,GBP,email,
customer-0720,2026-04-10T07:53:00.000Z,420.38,UAH,pos,
customer-0721,2026-04-10T08:00:00.000Z,421.39,USD,web,ext-001920
customer-0722,2026-04-10T08:07:00.000Z,422.40,EUR,mobile,
customer-0723,2026-04-10T08:14:00.000Z,423.41,GBP,email,
customer-0724,2026-04-10T08:21:00.000Z,424.42,UAH,pos,ext-001923
customer-0725,2026-04-10T08:28:00.000Z,425.43,USD,web,
customer-0726,2026-04-10T08:35:00.000Z,426.44,EUR,mobile,
customer-0727,2026-04-10T08:42:00.000Z,427.45,GBP,email,ext-001926
customer-0728,2026-04-10T08:49:00.000Z,428.46,UAH,pos,
customer-0729,2026-04-10T08:56:00.000Z,429.47,USD,web,
customer-0730,2026-04-10T09:03:00.000Z,430.48,EUR,mobile,ext-001929
customer-0731,2026-04-10T09:10:00.000Z,431.49,GBP,email,
customer-0732,2026-04-10T09:17:00.000Z,432.50,UAH,pos,
customer-0733,2026-04-10T09:24:00.000Z,433.51,USD,web,ext-001932
customer-0734,2026-04-10T09:31:00.000Z,434.52,EUR,mobile,
customer-0735,2026-04-10T09:38:00.000Z,435.53,GBP,email,
customer-0736,2026-04-10T09:45:00.000Z,436.54,UAH,pos,ext-001935
customer-0737,2026-04-10T09:52:00.000Z,437.55,USD,web,
customer-0738,2026-04-10T09:59:00.000Z,438.56,EUR,mobile,
customer-0739,2026-04-10T10:06:00.000Z,439.57,GBP,email,ext-001938
customer-0740,2026-04-10T10:13:00.000Z,440.58,UAH,pos,
customer-0741,2026-04-10T10:20:00.000Z,441.59,USD,web,
customer-0742,2026-04-10T10:27:00.000Z,442.60,EUR,mobile,ext-001941
customer-0743,2026-04-10T10:34:00.000Z,443.61,GBP,email,
customer-0744,2026-04-10T10:41:00.000Z,444.62,UAH,pos,
customer-0745,2026-04-10T10:48:00.000Z,445.63,USD,web,ext-001944
customer-0746,2026-04-10T10:55:00.000Z,446.64,EUR,mobile,
customer-0747,2026-04-10T11:02:00.000Z,447.65,GBP,email,
customer-0748,2026-04-10T11:09:00.000Z,448.66,UAH,pos,ext-001947
customer-0749,2026-04-10T11:16:00.000Z,449.67,USD,web,
customer-0750,2026-04-10T11:23:00.000Z,450.68,EUR,mobile,
customer-0751,2026-04-10T11:30:00.000Z,451.69,GBP,email,ext-001950
customer-0752,2026-04-10T11:37:00.000Z,452.70,UAH,pos,
customer-0753,2026-04-10T11:44:00.000Z,453.71,USD,web,
customer-0754,2026-04-10T11:51:00.000Z,454.72,EUR,mobile,ext-001953
customer-0755,2026-04-10T11:58:00.000Z,455.73,GBP,email,
customer-0756,2026-04-10T12:05:00.000Z,456.74,UAH,pos,
customer-0757,2026-04-10T12:12:00.000Z,457.75,USD,web,ext-001956
customer-0758,2026-04-10T12:19:00.000Z,458.76,EUR,mobile,
customer-0759,2026-04-10T12:26:00.000Z,459.77,GBP,email,
customer-0760,2026-04-10T12:33:00.000Z,460.78,UAH,pos,ext-001959
customer-0761,2026-04-10T12:40:00.000Z,461.79,USD,web,
customer-0762,2026-04-10T12:47:00.000Z,462.80,EUR,mobile,
customer-0763,2026-04-10T12:54:00.000Z,463.81,GBP,email,ext-001962
customer-0764,2026-04-10T13:01:00.000Z,464.82,UAH,pos,
customer-0765,2026-04-10T13:08:00.000Z,465.83,USD,web,
customer-0766,2026-04-10T13:15:00.000Z,466.84,EUR,mobile,ext-001965
customer-0767,2026-04-10T13:22:00.000Z,467.85,GBP,email,
customer-0768,2026-04-10T13:29:00.000Z,468.86,UAH,pos,
customer-0769,2026-04-10T13:36:00.000Z,469.87,USD,web,ext-001968
customer-0770,2026-04-10T13:43:00.000Z,470.88,EUR,mobile,
customer-0771,2026-04-10T13:50:00.000Z,471.89,GBP,email,
customer-0772,2026-04-10T13:57:00.000Z,472.90,UAH,pos,ext-001971
customer-0773,2026-04-10T14:04:00.000Z,473.91,USD,web,
customer-0774,2026-04-10T14:11:00.000Z,474.92,EUR,mobile,
customer-0775,2026-04-10T14:18:00.000Z,475.93,GBP,email,ext-001974
customer-0776,2026-04-10T14:25:00.000Z,476.94,UAH,pos,
customer-0777,2026-04-10T14:32:00.000Z,477.95,USD,web,
customer-0778,2026-04-10T14:39:00.000Z,478.96,EUR,mobile,ext-001977
customer-0779,2026-04-10T14:46:00.000Z,479.97,GBP,email,
customer-0780,2026-04-10T14:53:00.000Z,480.98,UAH,pos,
customer-0781,2026-04-10T15:00:00.000Z,481.00,USD,web,ext-001980
customer-0782,2026-04-10T15:07:00.000Z,482.01,EUR,mobile,
customer-0783,2026-04-10T15:14:00.000Z,483.02,GBP,email,
customer-0784,2026-04-10T15:21:00.000Z,484.03,UAH,pos,ext-001983
customer-0785,2026-04-10T15:28:00.000Z,485.04,USD,web,
customer-0786,2026-04-10T15:35:00.000Z,486.05,EUR,mobile,
customer-0787,2026-04-10T15:42:00.000Z,487.06,GBP,email,ext-001986
customer-0788,2026-04-10T15:49:00.000Z,488.07,UAH,pos,
customer-0789,2026-04-10T15:56:00.000Z,489.08,USD,web,
customer-0790,2026-04-10T16:03:00.000Z,490.09,EUR,mobile,ext-001989
customer-0791,2026-04-10T16:10:00.000Z,491.10,GBP,email,
customer-0792,2026-04-10T16:17:00.000Z,492.11,UAH,pos,
customer-0793,2026-04-10T16:24:00.000Z,493.12,USD,web,ext-001992
customer-0794,2026-04-10T16:31:00.000Z,494.13,EUR,mobile,
customer-0795,2026-04-10T16:38:00.000Z,495.14,GBP,email,
customer-0796,2026-04-10T16:45:00.000Z,496.15,UAH,pos,ext-001995
customer-0797,2026-04-10T16:52:00.000Z,497.16,USD,web,
customer-0798,2026-04-10T16:59:00.000Z,498.17,EUR,mobile,
customer-0799,2026-04-10T17:06:00.000Z,499.18,GBP,email,ext-001998
customer-0800,2026-04-10T17:13:00.000Z,500.19,UAH,pos,
customer-0801,2026-04-10T17:20:00.000Z,1.20,USD,web,
customer-0802,2026-04-10T17:27:00.000Z,2.21,EUR,mobile,ext-002001
customer-0803,2026-04-10T17:34:00.000Z,3.22,GBP,email,
customer-0804,2026-04-10T17:41:00.000Z,4.23,UAH,pos,
customer-0805,2026-04-10T17:48:00.000Z,5.24,USD,web,ext-002004
customer-0806,2026-04-10T17:55:00.000Z,6.25,EUR,mobile,
customer-0807,2026-04-10T18:02:00.000Z,7.26,GBP,email,
customer-0808,2026-04-10T18:09:00.000Z,8.27,UAH,pos,ext-002007
customer-0809,2026-04-10T18:16:00.000Z,9.28,USD,web,
customer-0810,2026-04-10T18:23:00.000Z,10.29,EUR,mobile,
customer-0811,2026-04-10T18:30:00.000Z,11.30,GBP,email,ext-002010
customer-0812,2026-04-10T18:37:00.000Z,12.31,UAH,pos,
customer-0813,2026-04-10T18:44:00.000Z,13.32,USD,web,
customer-0814,2026-04-10T18:51:00.000Z,14.33,EUR,mobile,ext-002013
customer-0815,2026-04-10T18:58:00.000Z,15.34,GBP,email,
customer-0816,2026-04-10T19:05:00.000Z,16.35,UAH,pos,
customer-0817,2026-04-10T19:12:00.000Z,17.36,USD,web,ext-002016
customer-0818,2026-04-10T19:19:00.000Z,18.37,EUR,mobile,
customer-0819,2026-04-10T19:26:00.000Z,19.38,GBP,email,
customer-0820,2026-04-10T19:33:00.000Z,20.39,UAH,pos,ext-002019
customer-0821,2026-04-10T19:40:00.000Z,21.40,USD,web,
customer-0822,2026-04-10T19:47:00.000Z,22.41,EUR,mobile,
customer-0823,2026-04-10T19:54:00.000Z,23.42,GBP,email,ext-002022
customer-0824,2026-04-10T20:01:00.000Z,24.43,UAH,pos,
customer-0825,2026-04-10T20:08:00.000Z,25.44,USD,web,
customer-0826,2026-04-10T20:15:00.000Z,26.45,EUR,mobile,ext-002025
customer-0827,2026-04-10T20:22:00.000Z,27.46,GBP,email,
customer-0828,2026-04-10T20:29:00.000Z,28.47,UAH,pos,
customer-0829,2026-04-10T20:36:00.000Z,29.48,USD,web,ext-002028
customer-0830,2026-04-10T20:43:00.000Z,30.49,EUR,mobile,
customer-0831,2026-04-10T20:50:00.000Z,31.50,GBP,email,
customer-0832,2026-04-10T20:57:00.000Z,32.51,UAH,pos,ext-002031
customer-0833,2026-04-10T21:04:00.000Z,33.52,USD,web,
customer-0834,2026-04-10T21:11:00.000Z,34.53,EUR,mobile,
customer-0835,2026-04-10T21:18:00.000Z,35.54,GBP,email,ext-002034
customer-0836,2026-04-10T21:25:00.000Z,36.55,UAH,pos,
customer-0837,2026-04-10T21:32:00.000Z,37.56,USD,web,
customer-0838,2026-04-10T21:39:00.000Z,38.57,EUR,mobile,ext-002037
customer-0839,2026-04-10T21:46:00.000Z,39.58,GBP,email,
customer-0840,2026-04-10T21:53:00.000Z,40.59,UAH,pos,
customer-0841,2026-04-10T22:00:00.000Z,41.60,USD,web,ext-002040
customer-0842,2026-04-10T22:07:00.000Z,42.61,EUR,mobile,
customer-0843,2026-04-10T22:14:00.000Z,43.62,GBP,email,
customer-0844,2026-04-10T22:21:00.000Z,44.63,UAH,pos,ext-002043
customer-0845,2026-04-10T22:28:00.000Z,45.64,USD,web,
customer-0846,2026-04-10T22:35:00.000Z,46.65,EUR,mobile,
customer-0847,2026-04-10T22:42:00.000Z,47.66,GBP,email,ext-002046
customer-0848,2026-04-10T22:49:00.000Z,48.67,UAH,pos,
customer-0849,2026-04-10T22:56:00.000Z,49.68,USD,web,
customer-0850,2026-04-10T23:03:00.000Z,50.69,EUR,mobile,ext-002049
customer-0851,2026-04-10T23:10:00.000Z,51.70,GBP,email,
customer-0852,2026-04-10T23:17:00.000Z,52.71,UAH,pos,
customer-0853,2026-04-10T23:24:00.000Z,53.72,USD,web,ext-002052
customer-0854,2026-04-10T23:31:00.000Z,54.73,EUR,mobile,
customer-0855,2026-04-10T23:38:00.000Z,55.74,GBP,email,
customer-0856,2026-04-10T23:45:00.000Z,56.75,UAH,pos,ext-002055
customer-0857,2026-04-10T23:52:00.000Z,57.76,USD,web,
customer-0858,2026-04-10T23:59:00.000Z,58.77,EUR,mobile,
customer-0859,2026-04-11T00:06:00.000Z,59.78,GBP,email,ext-002058
customer-0860,2026-04-11T00:13:00.000Z,60.79,UAH,pos,
customer-0861,2026-04-11T00:20:00.000Z,61.80,USD,web,
customer-0862,2026-04-11T00:27:00.000Z,62.81,EUR,mobile,ext-002061
customer-0863,2026-04-11T00:34:00.000Z,63.82,GBP,email,
customer-0864,2026-04-11T00:41:00.000Z,64.83,UAH,pos,
customer-0865,2026-04-11T00:48:00.000Z,65.84,USD,web,ext-002064
customer-0866,2026-04-11T00:55:00.000Z,66.85,EUR,mobile,
customer-0867,2026-04-11T01:02:00.000Z,67.86,GBP,email,
customer-0868,2026-04-11T01:09:00.000Z,68.87,UAH,pos,ext-002067
customer-0869,2026-04-11T01:16:00.000Z,69.88,USD,web,
customer-0870,2026-04-11T01:23:00.000Z,70.89,EUR,mobile,
customer-0871,2026-04-11T01:30:00.000Z,71.90,GBP,email,ext-002070
customer-0872,2026-04-11T01:37:00.000Z,72.91,UAH,pos,
customer-0873,2026-04-11T01:44:00.000Z,73.92,USD,web,
customer-0874,2026-04-11T01:51:00.000Z,74.93,EUR,mobile,ext-002073
customer-0875,2026-04-11T01:58:00.000Z,75.94,GBP,email,
customer-0876,2026-04-11T02:05:00.000Z,76.95,UAH,pos,
customer-0877,2026-04-11T02:12:00.000Z,77.96,USD,web,ext-002076
customer-0878,2026-04-11T02:19:00.000Z,78.97,EUR,mobile,
customer-0879,2026-04-11T02:26:00.000Z,79.98,GBP,email,
customer-0880,2026-04-11T02:33:00.000Z,80.00,UAH,pos,ext-002079
customer-0881,2026-04-11T02:40:00.000Z,81.01,USD,web,
customer-0882,2026-04-11T02:47:00.000Z,82.02,EUR,mobile,
customer-0883,2026-04-11T02:54:00.000Z,83.03,GBP,email,ext-002082
customer-0884,2026-04-11T03:01:00.000Z,84.04,UAH,pos,
customer-0885,2026-04-11T03:08:00.000Z,85.05,USD,web,
customer-0886,2026-04-11T03:15:00.000Z,86.06,EUR,mobile,ext-002085
customer-0887,2026-04-11T03:22:00.000Z,87.07,GBP,email,
customer-0888,2026-04-11T03:29:00.000Z,88.08,UAH,pos,
customer-0889,2026-04-11T03:36:00.000Z,89.09,USD,web,ext-002088
customer-0890,2026-04-11T03:43:00.000Z,90.10,EUR,mobile,
customer-0891,2026-04-11T03:50:00.000Z,91.11,GBP,email,
customer-0892,2026-04-11T03:57:00.000Z,92.12,UAH,pos,ext-002091
customer-0893,2026-04-11T04:04:00.000Z,93.13,USD,web,
customer-0894,2026-04-11T04:11:00.000Z,94.14,EUR,mobile,
customer-0895,2026-04-11T04:18:00.000Z,95.15,GBP,email,ext-002094
customer-0896,2026-04-11T04:25:00.000Z,96.16,UAH,pos,
customer-0897,2026-04-11T04:32:00.000Z,97.17,USD,web,
customer-0898,2026-04-11T04:39:00.000Z,98.18,EUR,mobile,ext-002097
customer-0899,2026-04-11T04:46:00.000Z,99.19,GBP,email,
customer-0900,2026-04-11T04:53:00.000Z,100.20,UAH,pos,
customer-0901,2026-04-11T05:00:00.000Z,101.21,USD,web,ext-002100
customer-0902,2026-04-11T05:07:00.000Z,102.22,EUR,mobile,
customer-0903,2026-04-11T05:14:00.000Z,103.23,GBP,email,
customer-0904,2026-04-11T05:21:00.000Z,104.24,UAH,pos,ext-002103
customer-0905,2026-04-11T05:28:00.000Z,105.25,USD,web,
customer-0906,2026-04-11T05:35:00.000Z,106.26,EUR,mobile,
customer-0907,2026-04-11T05:42:00.000Z,107.27,GBP,email,ext-002106
customer-0908,2026-04-11T05:49:00.000Z,108.28,UAH,pos,
customer-0909,2026-04-11T05:56:00.000Z,109.29,USD,web,
customer-0910,2026-04-11T06:03:00.000Z,110.30,EUR,mobile,ext-002109
customer-0911,2026-04-11T06:10:00.000Z,111.31,GBP,email,
customer-0912,2026-04-11T06:17:00.000Z,112.32,UAH,pos,
customer-0913,2026-04-11T06:24:00.000Z,113.33,USD,web,ext-002112
customer-0914,2026-04-11T06:31:00.000Z,114.34,EUR,mobile,
customer-0915,2026-04-11T06:38:00.000Z,115.35,GBP,email,
customer-0916,2026-04-11T06:45:00.000Z,116.36,UAH,pos,ext-002115
customer-0917,2026-04-11T06:52:00.000Z,117.37,USD,web,
customer-0918,2026-04-11T06:59:00.000Z,118.38,EUR,mobile,
customer-0919,2026-04-11T07:06:00.000Z,119.39,GBP,email,ext-002118
customer-0920,2026-04-11T07:13:00.000Z,120.40,UAH,pos,
customer-0921,2026-04-11T07:20:00.000Z,121.41,USD,web,
customer-0922,2026-04-11T07:27:00.000Z,122.42,EUR,mobile,ext-002121
customer-0923,2026-04-11T07:34:00.000Z,123.43,GBP,email,
customer-0924,2026-04-11T07:41:00.000Z,124.44,UAH,pos,
customer-0925,2026-04-11T07:48:00.000Z,125.45,USD,web,ext-002124
customer-0926,2026-04-11T07:55:00.000Z,126.46,EUR,mobile,
customer-0927,2026-04-11T08:02:00.000Z,127.47,GBP,email,
customer-0928,2026-04-11T08:09:00.000Z,128.48,UAH,pos,ext-002127
customer-0929,2026-04-11T08:16:00.000Z,129.49,USD,web,
customer-0930,2026-04-11T08:23:00.000Z,130.50,EUR,mobile,
customer-0931,2026-04-11T08:30:00.000Z,131.51,GBP,email,ext-002130
customer-0932,2026-04-11T08:37:00.000Z,132.52,UAH,pos,
customer-0933,2026-04-11T08:44:00.000Z,133.53,USD,web,
customer-0934,2026-04-11T08:51:00.000Z,134.54,EUR,mobile,ext-002133
customer-0935,2026-04-11T08:58:00.000Z,135.55,GBP,email,
customer-0936,2026-04-11T09:05:00.000Z,136.56,UAH,pos,
customer-0937,2026-04-11T09:12:00.000Z,137.57,USD,web,ext-002136
customer-0938,2026-04-11T09:19:00.000Z,138.58,EUR,mobile,
customer-0939,2026-04-11T09:26:00.000Z,139.59,GBP,email,
customer-0940,2026-04-11T09:33:00.000Z,140.60,UAH,pos,ext-002139
customer-0941,2026-04-11T09:40:00.000Z,141.61,USD,web,
customer-0942,2026-04-11T09:47:00.000Z,142.62,EUR,mobile,
customer-0943,2026-04-11T09:54:00.000Z,143.63,GBP,email,ext-002142
customer-0944,2026-04-11T10:01:00.000Z,144.64,UAH,pos,
customer-0945,2026-04-11T10:08:00.000Z,145.65,USD,web,
customer-0946,2026-04-11T10:15:00.000Z,146.66,EUR,mobile,ext-002145
customer-0947,2026-04-11T10:22:00.000Z,147.67,GBP,email,
customer-0948,2026-04-11T10:29:00.000Z,148.68,UAH,pos,
customer-0949,2026-04-11T10:36:00.000Z,149.69,USD,web,ext-002148
customer-0950,2026-04-11T10:43:00.000Z,150.70,EUR,mobile,
customer-0951,2026-04-11T10:50:00.000Z,151.71,GBP,email,
customer-0952,2026-04-11T10:57:00.000Z,152.72,UAH,pos,ext-002151
customer-0953,2026-04-11T11:04:00.000Z,153.73,USD,web,
customer-0954,2026-04-11T11:11:00.000Z,154.74,EUR,mobile,
customer-0955,2026-04-11T11:18:00.000Z,155.75,GBP,email,ext-002154
customer-0956,2026-04-11T11:25:00.000Z,156.76,UAH,pos,
customer-0957,2026-04-11T11:32:00.000Z,157.77,USD,web,
customer-0958,2026-04-11T11:39:00.000Z,158.78,EUR,mobile,ext-002157
customer-0959,2026-04-11T11:46:00.000Z,159.79,GBP,email,
customer-0960,2026-04-11T11:53:00.000Z,160.80,UAH,pos,
customer-0961,2026-04-11T12:00:00.000Z,161.81,USD,web,ext-002160
customer-0962,2026-04-11T12:07:00.000Z,162.82,EUR,mobile,
customer-0963,2026-04-11T12:14:00.000Z,163.83,GBP,email,
customer-0964,2026-04-11T12:21:00.000Z,164.84,UAH,pos,ext-002163
customer-0965,2026-04-11T12:28:00.000Z,165.85,USD,web,
customer-0966,2026-04-11T12:35:00.000Z,166.86,EUR,mobile,
customer-0967,2026-04-11T12:42:00.000Z,167.87,GBP,email,ext-002166
customer-0968,2026-04-11T12:49:00.000Z,168.88,UAH,pos,
customer-0969,2026-04-11T12:56:00.000Z,169.89,USD,web,
customer-0970,2026-04-11T13:03:00.000Z,170.90,EUR,mobile,ext-002169
customer-0971,2026-04-11T13:10:00.000Z,171.91,GBP,email,
customer-0972,2026-04-11T13:17:00.000Z,172.92,UAH,pos,
customer-0973,2026-04-11T13:24:00.000Z,173.93,USD,web,ext-002172
customer-0974,2026-04-11T13:31:00.000Z,174.94,EUR,mobile,
customer-0975,2026-04-11T13:38:00.000Z,175.95,GBP,email,
customer-0976,2026-04-11T13:45:00.000Z,176.96,UAH,pos,ext-002175
customer-0977,2026-04-11T13:52:00.000Z,177.97,USD,web,
customer-0978,2026-04-11T13:59:00.000Z,178.98,EUR,mobile,
customer-0979,2026-04-11T14:06:00.000Z,179.00,GBP,email,ext-002178
customer-0980,2026-04-11T14:13:00.000Z,180.01,UAH,pos,
customer-0981,2026-04-11T14:20:00.000Z,181.02,USD,web,
customer-0982,2026-04-11T14:27:00.000Z,182.03,EUR,mobile,ext-002181
customer-0983,2026-04-11T14:34:00.000Z,183.04,GBP,email,
customer-0984,2026-04-11T14:41:00.000Z,184.05,UAH,pos,
customer-0985,2026-04-11T14:48:00.000Z,185.06,USD,web,ext-002184
customer-0986,2026-04-11T14:55:00.000Z,186.07,EUR,mobile,
customer-0987,2026-04-11T15:02:00.000Z,187.08,GBP,email,
customer-0988,2026-04-11T15:09:00.000Z,188.09,UAH,pos,ext-002187
customer-0989,2026-04-11T15:16:00.000Z,189.10,USD,web,
customer-0990,2026-04-11T15:23:00.000Z,190.11,EUR,mobile,
customer-0991,2026-04-11T15:30:00.000Z,191.12,GBP,email,ext-002190
customer-0992,2026-04-11T15:37:00.000Z,192.13,UAH,pos,
customer-0993,2026-04-11T15:44:00.000Z,193.14,USD,web,
customer-0994,2026-04-11T15:51:00.000Z,194.15,EUR,mobile,ext-002193
customer-0995,2026-04-11T15:58:00.000Z,195.16,GBP,email,
customer-0996,2026-04-11T16:05:00.000Z,196.17,UAH,pos,
customer-0997,2026-04-11T16:12:00.000Z,197.18,USD,web,ext-002196
customer-0998,2026-04-11T16:19:00.000Z,198.19,EUR,mobile,
customer-0999,2026-04-11T16:26:00.000Z,199.20,GBP,email,
customer-1000,2026-04-11T16:33:00.000Z,200.21,UAH,pos,ext-002199
customer-1001,2026-04-11T16:40:00.000Z,201.22,USD,web,
customer-1002,2026-04-11T16:47:00.000Z,202.23,EUR,mobile,
customer-1003,2026-04-11T16:54:00.000Z,203.24,GBP,email,ext-002202
customer-1004,2026-04-11T17:01:00.000Z,204.25,UAH,pos,
customer-1005,2026-04-11T17:08:00.000Z,205.26,USD,web,
customer-1006,2026-04-11T17:15:00.000Z,206.27,EUR,mobile,ext-002205
customer-1007,2026-04-11T17:22:00.000Z,207.28,GBP,email,
customer-1008,2026-04-11T17:29:00.000Z,208.29,UAH,pos,
customer-1009,2026-04-11T17:36:00.000Z,209.30,USD,web,ext-002208
customer-1010,2026-04-11T17:43:00.000Z,210.31,EUR,mobile,
customer-1011,2026-04-11T17:50:00.000Z,211.32,GBP,email,
customer-1012,2026-04-11T17:57:00.000Z,212.33,UAH,pos,ext-002211
customer-1013,2026-04-11T18:04:00.000Z,213.34,USD,web,
customer-1014,2026-04-11T18:11:00.000Z,214.35,EUR,mobile,
customer-1015,2026-04-11T18:18:00.000Z,215.36,GBP,email,ext-002214
customer-1016,2026-04-11T18:25:00.000Z,216.37,UAH,pos,
customer-1017,2026-04-11T18:32:00.000Z,217.38,USD,web,
customer-1018,2026-04-11T18:39:00.000Z,218.39,EUR,mobile,ext-002217
customer-1019,2026-04-11T18:46:00.000Z,219.40,GBP,email,
customer-1020,2026-04-11T18:53:00.000Z,220.41,UAH,pos,
customer-1021,2026-04-11T19:00:00.000Z,221.42,USD,web,ext-002220
customer-1022,2026-04-11T19:07:00.000Z,222.43,EUR,mobile,
customer-1023,2026-04-11T19:14:00.000Z,223.44,GBP,email,
customer-1024,2026-04-11T19:21:00.000Z,224.45,UAH,pos,ext-002223
customer-1025,2026-04-11T19:28:00.000Z,225.46,USD,web,
customer-1026,2026-04-11T19:35:00.000Z,226.47,EUR,mobile,
customer-1027,2026-04-11T19:42:00.000Z,227.48,GBP,email,ext-002226
customer-1028,2026-04-11T19:49:00.000Z,228.49,UAH,pos,
customer-1029,2026-04-11T19:56:00.000Z,229.50,USD,web,
customer-1030,2026-04-11T20:03:00.000Z,230.51,EUR,mobile,ext-002229
customer-1031,2026-04-11T20:10:00.000Z,231.52,GBP,email,
customer-1032,2026-04-11T20:17:00.000Z,232.53,UAH,pos,
customer-1033,2026-04-11T20:24:00.000Z,233.54,USD,web,ext-002232
customer-1034,2026-04-11T20:31:00.000Z,234.55,EUR,mobile,
customer-1035,2026-04-11T20:38:00.000Z,235.56,GBP,email,
customer-1036,2026-04-11T20:45:00.000Z,236.57,UAH,pos,ext-002235
customer-1037,2026-04-11T20:52:00.000Z,237.58,USD,web,
customer-1038,2026-04-11T20:59:00.000Z,238.59,EUR,mobile,
customer-1039,2026-04-11T21:06:00.000Z,239.60,GBP,email,ext-002238
customer-1040,2026-04-11T21:13:00.000Z,240.61,UAH,pos,
customer-1041,2026-04-11T21:20:00.000Z,241.62,USD,web,
customer-1042,2026-04-11T21:27:00.000Z,242.63,EUR,mobile,ext-002241
customer-1043,2026-04-11T21:34:00.000Z,243.64,GBP,email,
customer-1044,2026-04-11T21:41:00.000Z,244.65,UAH,pos,
customer-1045,2026-04-11T21:48:00.000Z,245.66,USD,web,ext-002244
customer-1046,2026-04-11T21:55:00.000Z,246.67,EUR,mobile,
customer-1047,2026-04-11T22:02:00.000Z,247.68,GBP,email,
customer-1048,2026-04-11T22:09:00.000Z,248.69,UAH,pos,ext-002247
customer-1049,2026-04-11T22:16:00.000Z,249.70,USD,web,
customer-1050,2026-04-11T22:23:00.000Z,250.71,EUR,mobile,
customer-1051,2026-04-11T22:30:00.000Z,251.72,GBP,email,ext-002250
customer-1052,2026-04-11T22:37:00.000Z,252.73,UAH,pos,
customer-1053,2026-04-11T22:44:00.000Z,253.74,USD,web,
customer-1054,2026-04-11T22:51:00.000Z,254.75,EUR,mobile,ext-002253
customer-1055,2026-04-11T22:58:00.000Z,255.76,GBP,email,
customer-1056,2026-04-11T23:05:00.000Z,256.77,UAH,pos,
customer-1057,2026-04-11T23:12:00.000Z,257.78,USD,web,ext-002256
customer-1058,2026-04-11T23:19:00.000Z,258.79,EUR,mobile,
customer-1059,2026-04-11T23:26:00.000Z,259.80,GBP,email,
customer-1060,2026-04-11T23:33:00.000Z,260.81,UAH,pos,ext-002259
customer-1061,2026-04-11T23:40:00.000Z,261.82,USD,web,
customer-1062,2026-04-11T23:47:00.000Z,262.83,EUR,mobile,
customer-1063,2026-04-11T23:54:00.000Z,263.84,GBP,email,ext-002262
customer-1064,2026-04-12T00:01:00.000Z,264.85,UAH,pos,
customer-1065,2026-04-12T00:08:00.000Z,265.86,USD,web,
customer-1066,2026-04-12T00:15:00.000Z,266.87,EUR,mobile,ext-002265
customer-1067,2026-04-12T00:22:00.000Z,267.88,GBP,email,
customer-1068,2026-04-12T00:29:00.000Z,268.89,UAH,pos,
customer-1069,2026-04-12T00:36:00.000Z,269.90,USD,web,ext-002268
customer-1070,2026-04-12T00:43:00.000Z,270.91,EUR,mobile,
customer-1071,2026-04-12T00:50:00.000Z,271.92,GBP,email,
customer-1072,2026-04-12T00:57:00.000Z,272.93,UAH,pos,ext-002271
customer-1073,2026-04-12T01:04:00.000Z,273.94,USD,web,
customer-1074,2026-04-12T01:11:00.000Z,274.95,EUR,mobile,
customer-1075,2026-04-12T01:18:00.000Z,275.96,GBP,email,ext-002274
customer-1076,2026-04-12T01:25:00.000Z,276.97,UAH,pos,
customer-1077,2026-04-12T01:32:00.000Z,277.98,USD,web,
customer-1078,2026-04-12T01:39:00.000Z,278.00,EUR,mobile,ext-002277
customer-1079,2026-04-12T01:46:00.000Z,279.01,GBP,email,
customer-1080,2026-04-12T01:53:00.000Z,280.02,UAH,pos,
customer-1081,2026-04-12T02:00:00.000Z,281.03,USD,web,ext-002280
customer-1082,2026-04-12T02:07:00.000Z,282.04,EUR,mobile,
customer-1083,2026-04-12T02:14:00.000Z,283.05,GBP,email,
customer-1084,2026-04-12T02:21:00.000Z,284.06,UAH,pos,ext-002283
customer-1085,2026-04-12T02:28:00.000Z,285.07,USD,web,
customer-1086,2026-04-12T02:35:00.000Z,286.08,EUR,mobile,
customer-1087,2026-04-12T02:42:00.000Z,287.09,GBP,email,ext-002286
customer-1088,2026-04-12T02:49:00.000Z,288.10,UAH,pos,
customer-1089,2026-04-12T02:56:00.000Z,289.11,USD,web,
customer-1090,2026-04-12T03:03:00.000Z,290.12,EUR,mobile,ext-002289
customer-1091,2026-04-12T03:10:00.000Z,291.13,GBP,email,
customer-1092,2026-04-12T03:17:00.000Z,292.14,UAH,pos,
customer-1093,2026-04-12T03:24:00.000Z,293.15,USD,web,ext-002292
customer-1094,2026-04-12T03:31:00.000Z,294.16,EUR,mobile,
customer-1095,2026-04-12T03:38:00.000Z,295.17,GBP,email,
customer-1096,2026-04-12T03:45:00.000Z,296.18,UAH,pos,ext-002295
customer-1097,2026-04-12T03:52:00.000Z,297.19,USD,web,
customer-1098,2026-04-12T03:59:00.000Z,298.20,EUR,mobile,
customer-1099,2026-04-12T04:06:00.000Z,299.21,GBP,email,ext-002298
customer-1100,2026-04-12T04:13:00.000Z,300.22,UAH,pos,
customer-1101,2026-04-12T04:20:00.000Z,301.23,USD,web,
customer-1102,2026-04-12T04:27:00.000Z,302.24,EUR,mobile,ext-002301
customer-1103,2026-04-12T04:34:00.000Z,303.25,GBP,email,
customer-1104,2026-04-12T04:41:00.000Z,304.26,UAH,pos,
customer-1105,2026-04-12T04:48:00.000Z,305.27,USD,web,ext-002304
customer-1106,2026-04-12T04:55:00.000Z,306.28,EUR,mobile,
customer-1107,2026-04-12T05:02:00.000Z,307.29,GBP,email,
customer-1108,2026-04-12T05:09:00.000Z,308.30,UAH,pos,ext-002307
customer-1109,2026-04-12T05:16:00.000Z,309.31,USD,web,
customer-1110,2026-04-12T05:23:00.000Z,310.32,EUR,mobile,
customer-1111,2026-04-12T05:30:00.000Z,311.33,GBP,email,ext-002310
customer-1112,2026-04-12T05:37:00.000Z,312.34,UAH,pos,
customer-1113,2026-04-12T05:44:00.000Z,313.35,USD,web,
customer-1114,2026-04-12T05:51:00.000Z,314.36,EUR,mobile,ext-002313
customer-1115,2026-04-12T05:58:00.000Z,315.37,GBP,email,
customer-1116,2026-04-12T06:05:00.000Z,316.38,UAH,pos,
customer-1117,2026-04-12T06:12:00.000Z,317.39,USD,web,ext-002316
customer-1118,2026-04-12T06:19:00.000Z,318.40,EUR,mobile,
customer-1119,2026-04-12T06:26:00.000Z,319.41,GBP,email,
customer-1120,2026-04-12T06:33:00.000Z,320.42,UAH,pos,ext-002319
customer-1121,2026-04-12T06:40:00.000Z,321.43,USD,web,
customer-1122,2026-04-12T06:47:00.000Z,322.44,EUR,mobile,
customer-1123,2026-04-12T06:54:00.000Z,323.45,GBP,email,ext-002322
customer-1124,2026-04-12T07:01:00.000Z,324.46,UAH,pos,
customer-1125,2026-04-12T07:08:00.000Z,325.47,USD,web,
customer-1126,2026-04-12T07:15:00.000Z,326.48,EUR,mobile,ext-002325
customer-1127,2026-04-12T07:22:00.000Z,327.49,GBP,email,
customer-1128,2026-04-12T07:29:00.000Z,328.50,UAH,pos,
customer-1129,2026-04-12T07:36:00.000Z,329.51,USD,web,ext-002328
customer-1130,2026-04-12T07:43:00.000Z,330.52,EUR,mobile,
customer-1131,2026-04-12T07:50:00.000Z,331.53,GBP,email,
customer-1132,2026-04-12T07:57:00.000Z,332.54,UAH,pos,ext-002331
customer-1133,2026-04-12T08:04:00.000Z,333.55,USD,web,
customer-1134,2026-04-12T08:11:00.000Z,334.56,EUR,mobile,
customer-1135,2026-04-12T08:18:00.000Z,335.57,GBP,email,ext-002334
customer-1136,2026-04-12T08:25:00.000Z,336.58,UAH,pos,
customer-1137,2026-04-12T08:32:00.000Z,337.59,USD,web,
customer-1138,2026-04-12T08:39:00.000Z,338.60,EUR,mobile,ext-002337
customer-1139,2026-04-12T08:46:00.000Z,339.61,GBP,email,
customer-1140,2026-04-12T08:53:00.000Z,340.62,UAH,pos,
customer-1141,2026-04-12T09:00:00.000Z,341.63,USD,web,ext-002340
customer-1142,2026-04-12T09:07:00.000Z,342.64,EUR,mobile,
customer-1143,2026-04-12T09:14:00.000Z,343.65,GBP,email,
customer-1144,2026-04-12T09:21:00.000Z,344.66,UAH,pos,ext-002343
customer-1145,2026-04-12T09:28:00.000Z,345.67,USD,web,
customer-1146,2026-04-12T09:35:00.000Z,346.68,EUR,mobile,
customer-1147,2026-04-12T09:42:00.000Z,347.69,GBP,email,ext-002346
customer-1148,2026-04-12T09:49:00.000Z,348.70,UAH,pos,
customer-1149,2026-04-12T09:56:00.000Z,349.71,USD,web,
customer-1150,2026-04-12T10:03:00.000Z,350.72,EUR,mobile,ext-002349
customer-1151,2026-04-12T10:10:00.000Z,351.73,GBP,email,
customer-1152,2026-04-12T10:17:00.000Z,352.74,UAH,pos,
customer-1153,2026-04-12T10:24:00.000Z,353.75,USD,web,ext-002352
customer-1154,2026-04-12T10:31:00.000Z,354.76,EUR,mobile,
customer-1155,2026-04-12T10:38:00.000Z,355.77,GBP,email,
customer-1156,2026-04-12T10:45:00.000Z,356.78,UAH,pos,ext-002355
customer-1157,2026-04-12T10:52:00.000Z,357.79,USD,web,
customer-1158,2026-04-12T10:59:00.000Z,358.80,EUR,mobile,
customer-1159,2026-04-12T11:06:00.000Z,359.81,GBP,email,ext-002358
customer-1160,2026-04-12T11:13:00.000Z,360.82,UAH,pos,
customer-1161,2026-04-12T11:20:00.000Z,361.83,USD,web,
customer-1162,2026-04-12T11:27:00.000Z,362.84,EUR,mobile,ext-002361
customer-1163,2026-04-12T11:34:00.000Z,363.85,GBP,email,
customer-1164,2026-04-12T11:41:00.000Z,364.86,UAH,pos,
customer-1165,2026-04-12T11:48:00.000Z,365.87,USD,web,ext-002364
customer-1166,2026-04-12T11:55:00.000Z,366.88,EUR,mobile,
customer-1167,2026-04-12T12:02:00.000Z,367.89,GBP,email,
customer-1168,2026-04-12T12:09:00.000Z,368.90,UAH,pos,ext-002367
customer-1169,2026-04-12T12:16:00.000Z,369.91,USD,web,
customer-1170,2026-04-12T12:23:00.000Z,370.92,EUR,mobile,
customer-1171,2026-04-12T12:30:00.000Z,371.93,GBP,email,ext-002370
customer-1172,2026-04-12T12:37:00.000Z,372.94,UAH,pos,
customer-1173,2026-04-12T12:44:00.000Z,373.95,USD,web,
customer-1174,2026-04-12T12:51:00.000Z,374.96,EUR,mobile,ext-002373
customer-1175,2026-04-12T12:58:00.000Z,375.97,GBP,email,
customer-1176,2026-04-12T13:05:00.000Z,376.98,UAH,pos,
customer-1177,2026-04-12T13:12:00.000Z,377.00,USD,web,ext-002376
customer-1178,2026-04-12T13:19:00.000Z,378.01,EUR,mobile,
customer-1179,2026-04-12T13:26:00.000Z,379.02,GBP,email,
customer-1180,2026-04-12T13:33:00.000Z,380.03,UAH,pos,ext-002379
customer-1181,2026-04-12T13:40:00.000Z,381.04,USD,web,
customer-1182,2026-04-12T13:47:00.000Z,382.05,EUR,mobile,
customer-1183,2026-04-12T13:54:00.000Z,383.06,GBP,email,ext-002382
customer-1184,2026-04-12T14:01:00.000Z,384.07,UAH,pos,
customer-1185,2026-04-12T14:08:00.000Z,385.08,USD,web,
customer-1186,2026-04-12T14:15:00.000Z,386.09,EUR,mobile,ext-002385
customer-1187,2026-04-12T14:22:00.000Z,387.10,GBP,email,
customer-1188,2026-04-12T14:29:00.000Z,388.11,UAH,pos,
customer-1189,2026-04-12T14:36:00.000Z,389.12,USD,web,ext-002388
customer-1190,2026-04-12T14:43:00.000Z,390.13,EUR,mobile,
customer-1191,2026-04-12T14:50:00.000Z,391.14,GBP,email,
customer-1192,2026-04-12T14:57:00.000Z,392.15,UAH,pos,ext-002391
customer-1193,2026-04-12T15:04:00.000Z,393.16,USD,web,
customer-1194,2026-04-12T15:11:00.000Z,394.17,EUR,mobile,
customer-1195,2026-04-12T15:18:00.000Z,395.18,GBP,email,ext-002394
customer-1196,2026-04-12T15:25:00.000Z,396.19,UAH,pos,
customer-1197,2026-04-12T15:32:00.000Z,397.20,USD,web,
customer-1198,2026-04-12T15:39:00.000Z,398.21,EUR,mobile,ext-002397
customer-1199,2026-04-12T15:46:00.000Z,399.22,GBP,email,
customer-1200,2026-04-12T15:53:00.000Z,400.23,UAH,pos,
customer-0001,2026-04-12T16:00:00.000Z,401.24,USD,web,ext-002400
customer-0002,2026-04-12T16:07:00.000Z,402.25,EUR,mobile,
customer-0003,2026-04-12T16:14:00.000Z,403.26,GBP,email,
customer-0004,2026-04-12T16:21:00.000Z,404.27,UAH,pos,ext-002403
customer-0005,2026-04-12T16:28:00.000Z,405.28,USD,web,
customer-0006,2026-04-12T16:35:00.000Z,406.29,EUR,mobile,
customer-0007,2026-04-12T16:42:00.000Z,407.30,GBP,email,ext-002406
customer-0008,2026-04-12T16:49:00.000Z,408.31,UAH,pos,
customer-0009,2026-04-12T16:56:00.000Z,409.32,USD,web,
customer-0010,2026-04-12T17:03:00.000Z,410.33,EUR,mobile,ext-002409
customer-0011,2026-04-12T17:10:00.000Z,411.34,GBP,email,
customer-0012,2026-04-12T17:17:00.000Z,412.35,UAH,pos,
customer-0013,2026-04-12T17:24:00.000Z,413.36,USD,web,ext-002412
customer-0014,2026-04-12T17:31:00.000Z,414.37,EUR,mobile,
customer-0015,2026-04-12T17:38:00.000Z,415.38,GBP,email,
customer-0016,2026-04-12T17:45:00.000Z,416.39,UAH,pos,ext-002415
customer-0017,2026-04-12T17:52:00.000Z,417.40,USD,web,
customer-0018,2026-04-12T17:59:00.000Z,418.41,EUR,mobile,
customer-0019,2026-04-12T18:06:00.000Z,419.42,GBP,email,ext-002418
customer-0020,2026-04-12T18:13:00.000Z,420.43,UAH,pos,
customer-0021,2026-04-12T18:20:00.000Z,421.44,USD,web,
customer-0022,2026-04-12T18:27:00.000Z,422.45,EUR,mobile,ext-002421
customer-0023,2026-04-12T18:34:00.000Z,423.46,GBP,email,
customer-0024,2026-04-12T18:41:00.000Z,424.47,UAH,pos,
customer-0025,2026-04-12T18:48:00.000Z,425.48,USD,web,ext-002424
customer-0026,2026-04-12T18:55:00.000Z,426.49,EUR,mobile,
customer-0027,2026-04-12T19:02:00.000Z,427.50,GBP,email,
customer-0028,2026-04-12T19:09:00.000Z,428.51,UAH,pos,ext-002427
customer-0029,2026-04-12T19:16:00.000Z,429.52,USD,web,
customer-0030,2026-04-12T19:23:00.000Z,430.53,EUR,mobile,
customer-0031,2026-04-12T19:30:00.000Z,431.54,GBP,email,ext-002430
customer-0032,2026-04-12T19:37:00.000Z,432.55,UAH,pos,
customer-0033,2026-04-12T19:44:00.000Z,433.56,USD,web,
customer-0034,2026-04-12T19:51:00.000Z,434.57,EUR,mobile,ext-002433
customer-0035,2026-04-12T19:58:00.000Z,435.58,GBP,email,
customer-0036,2026-04-12T20:05:00.000Z,436.59,UAH,pos,
customer-0037,2026-04-12T20:12:00.000Z,437.60,USD,web,ext-002436
customer-0038,2026-04-12T20:19:00.000Z,438.61,EUR,mobile,
customer-0039,2026-04-12T20:26:00.000Z,439.62,GBP,email,
customer-0040,2026-04-12T20:33:00.000Z,440.63,UAH,pos,ext-002439
customer-0041,2026-04-12T20:40:00.000Z,441.64,USD,web,
customer-0042,2026-04-12T20:47:00.000Z,442.65,EUR,mobile,
customer-0043,2026-04-12T20:54:00.000Z,443.66,GBP,email,ext-002442
customer-0044,2026-04-12T21:01:00.000Z,444.67,UAH,pos,
customer-0045,2026-04-12T21:08:00.000Z,445.68,USD,web,
customer-0046,2026-04-12T21:15:00.000Z,446.69,EUR,mobile,ext-002445
customer-0047,2026-04-12T21:22:00.000Z,447.70,GBP,email,
customer-0048,2026-04-12T21:29:00.000Z,448.71,UAH,pos,
customer-0049,2026-04-12T21:36:00.000Z,449.72,USD,web,ext-002448
customer-0050,2026-04-12T21:43:00.000Z,450.73,EUR,mobile,
customer-0051,2026-04-12T21:50:00.000Z,451.74,GBP,email,
customer-0052,2026-04-12T21:57:00.000Z,452.75,UAH,pos,ext-002451
customer-0053,2026-04-12T22:04:00.000Z,453.76,USD,web,
customer-0054,2026-04-12T22:11:00.000Z,454.77,EUR,mobile,
customer-0055,2026-04-12T22:18:00.000Z,455.78,GBP,email,ext-002454
customer-0056,2026-04-12T22:25:00.000Z,456.79,UAH,pos,
customer-0057,2026-04-12T22:32:00.000Z,457.80,USD,web,
customer-0058,2026-04-12T22:39:00.000Z,458.81,EUR,mobile,ext-002457
customer-0059,2026-04-12T22:46:00.000Z,459.82,GBP,email,
customer-0060,2026-04-12T22:53:00.000Z,460.83,UAH,pos,
customer-0061,2026-04-12T23:00:00.000Z,461.84,USD,web,ext-002460
customer-0062,2026-04-12T23:07:00.000Z,462.85,EUR,mobile,
customer-0063,2026-04-12T23:14:00.000Z,463.86,GBP,email,
customer-0064,2026-04-12T23:21:00.000Z,464.87,UAH,pos,ext-002463
customer-0065,2026-04-12T23:28:00.000Z,465.88,USD,web,
customer-0066,2026-04-12T23:35:00.000Z,466.89,EUR,mobile,
customer-0067,2026-04-12T23:42:00.000Z,467.90,GBP,email,ext-002466
customer-0068,2026-04-12T23:49:00.000Z,468.91,UAH,pos,
customer-0069,2026-04-12T23:56:00.000Z,469.92,USD,web,
customer-0070,2026-04-13T00:03:00.000Z,470.93,EUR,mobile,ext-002469
customer-0071,2026-04-13T00:10:00.000Z,471.94,GBP,email,
customer-0072,2026-04-13T00:17:00.000Z,472.95,UAH,pos,
customer-0073,2026-04-13T00:24:00.000Z,473.96,USD,web,ext-002472
customer-0074,2026-04-13T00:31:00.000Z,474.97,EUR,mobile,
customer-0075,2026-04-13T00:38:00.000Z,475.98,GBP,email,
customer-0076,2026-04-13T00:45:00.000Z,476.00,UAH,pos,ext-002475
customer-0077,2026-04-13T00:52:00.000Z,477.01,USD,web,
customer-0078,2026-04-13T00:59:00.000Z,478.02,EUR,mobile,
customer-0079,2026-04-13T01:06:00.000Z,479.03,GBP,email,ext-002478
customer-0080,2026-04-13T01:13:00.000Z,480.04,UAH,pos,
customer-0081,2026-04-13T01:20:00.000Z,481.05,USD,web,
customer-0082,2026-04-13T01:27:00.000Z,482.06,EUR,mobile,ext-002481
customer-0083,2026-04-13T01:34:00.000Z,483.07,GBP,email,
customer-0084,2026-04-13T01:41:00.000Z,484.08,UAH,pos,
customer-0085,2026-04-13T01:48:00.000Z,485.09,USD,web,ext-002484
customer-0086,2026-04-13T01:55:00.000Z,486.10,EUR,mobile,
customer-0087,2026-04-13T02:02:00.000Z,487.11,GBP,email,
customer-0088,2026-04-13T02:09:00.000Z,488.12,UAH,pos,ext-002487
customer-0089,2026-04-13T02:16:00.000Z,489.13,USD,web,
customer-0090,2026-04-13T02:23:00.000Z,490.14,EUR,mobile,
customer-0091,2026-04-13T02:30:00.000Z,491.15,GBP,email,ext-002490
customer-0092,2026-04-13T02:37:00.000Z,492.16,UAH,pos,
customer-0093,2026-04-13T02:44:00.000Z,493.17,USD,web,
customer-0094,2026-04-13T02:51:00.000Z,494.18,EUR,mobile,ext-002493
customer-0095,2026-04-13T02:58:00.000Z,495.19,GBP,email,
customer-0096,2026-04-13T03:05:00.000Z,496.20,UAH,pos,
customer-0097,2026-04-13T03:12:00.000Z,497.21,USD,web,ext-002496
customer-0098,2026-04-13T03:19:00.000Z,498.22,EUR,mobile,
customer-0099,2026-04-13T03:26:00.000Z,499.23,GBP,email,
customer-0100,2026-04-13T03:33:00.000Z,500.24,UAH,pos,ext-002499
customer-0101,2026-04-13T03:40:00.000Z,1.25,USD,web,
customer-0102,2026-04-13T03:47:00.000Z,2.26,EUR,mobile,
customer-0103,2026-04-13T03:54:00.000Z,3.27,GBP,email,ext-002502
customer-0104,2026-04-13T04:01:00.000Z,4.28,UAH,pos,
customer-0105,2026-04-13T04:08:00.000Z,5.29,USD,web,
customer-0106,2026-04-13T04:15:00.000Z,6.30,EUR,mobile,ext-002505
customer-0107,2026-04-13T04:22:00.000Z,7.31,GBP,email,
customer-0108,2026-04-13T04:29:00.000Z,8.32,UAH,pos,
customer-0109,2026-04-13T04:36:00.000Z,9.33,USD,web,ext-002508
customer-0110,2026-04-13T04:43:00.000Z,10.34,EUR,mobile,
customer-0111,2026-04-13T04:50:00.000Z,11.35,GBP,email,
customer-0112,2026-04-13T04:57:00.000Z,12.36,UAH,pos,ext-002511
customer-0113,2026-04-13T05:04:00.000Z,13.37,USD,web,
customer-0114,2026-04-13T05:11:00.000Z,14.38,EUR,mobile,
customer-0115,2026-04-13T05:18:00.000Z,15.39,GBP,email,ext-002514
customer-0116,2026-04-13T05:25:00.000Z,16.40,UAH,pos,
customer-0117,2026-04-13T05:32:00.000Z,17.41,USD,web,
customer-0118,2026-04-13T05:39:00.000Z,18.42,EUR,mobile,ext-002517
customer-0119,2026-04-13T05:46:00.000Z,19.43,GBP,email,
customer-0120,2026-04-13T05:53:00.000Z,20.44,UAH,pos,
customer-0121,2026-04-13T06:00:00.000Z,21.45,USD,web,ext-002520
customer-0122,2026-04-13T06:07:00.000Z,22.46,EUR,mobile,
customer-0123,2026-04-13T06:14:00.000Z,23.47,GBP,email,
customer-0124,2026-04-13T06:21:00.000Z,24.48,UAH,pos,ext-002523
customer-0125,2026-04-13T06:28:00.000Z,25.49,USD,web,
customer-0126,2026-04-13T06:35:00.000Z,26.50,EUR,mobile,
customer-0127,2026-04-13T06:42:00.000Z,27.51,GBP,email,ext-002526
customer-0128,2026-04-13T06:49:00.000Z,28.52,UAH,pos,
customer-0129,2026-04-13T06:56:00.000Z,29.53,USD,web,
customer-0130,2026-04-13T07:03:00.000Z,30.54,EUR,mobile,ext-002529
customer-0131,2026-04-13T07:10:00.000Z,31.55,GBP,email,
customer-0132,2026-04-13T07:17:00.000Z,32.56,UAH,pos,
customer-0133,2026-04-13T07:24:00.000Z,33.57,USD,web,ext-002532
customer-0134,2026-04-13T07:31:00.000Z,34.58,EUR,mobile,
customer-0135,2026-04-13T07:38:00.000Z,35.59,GBP,email,
customer-0136,2026-04-13T07:45:00.000Z,36.60,UAH,pos,ext-002535
customer-0137,2026-04-13T07:52:00.000Z,37.61,USD,web,
customer-0138,2026-04-13T07:59:00.000Z,38.62,EUR,mobile,
customer-0139,2026-04-13T08:06:00.000Z,39.63,GBP,email,ext-002538
customer-0140,2026-04-13T08:13:00.000Z,40.64,UAH,pos,
customer-0141,2026-04-13T08:20:00.000Z,41.65,USD,web,
customer-0142,2026-04-13T08:27:00.000Z,42.66,EUR,mobile,ext-002541
customer-0143,2026-04-13T08:34:00.000Z,43.67,GBP,email,
customer-0144,2026-04-13T08:41:00.000Z,44.68,UAH,pos,
customer-0145,2026-04-13T08:48:00.000Z,45.69,USD,web,ext-002544
customer-0146,2026-04-13T08:55:00.000Z,46.70,EUR,mobile,
customer-0147,2026-04-13T09:02:00.000Z,47.71,GBP,email,
customer-0148,2026-04-13T09:09:00.000Z,48.72,UAH,pos,ext-002547
customer-0149,2026-04-13T09:16:00.000Z,49.73,USD,web,
customer-0150,2026-04-13T09:23:00.000Z,50.74,EUR,mobile,
customer-0151,2026-04-13T09:30:00.000Z,51.75,GBP,email,ext-002550
customer-0152,2026-04-13T09:37:00.000Z,52.76,UAH,pos,
customer-0153,2026-04-13T09:44:00.000Z,53.77,USD,web,
customer-0154,2026-04-13T09:51:00.000Z,54.78,EUR,mobile,ext-002553
customer-0155,2026-04-13T09:58:00.000Z,55.79,GBP,email,
customer-0156,2026-04-13T10:05:00.000Z,56.80,UAH,pos,
customer-0157,2026-04-13T10:12:00.000Z,57.81,USD,web,ext-002556
customer-0158,2026-04-13T10:19:00.000Z,58.82,EUR,mobile,
customer-0159,2026-04-13T10:26:00.000Z,59.83,GBP,email,
customer-0160,2026-04-13T10:33:00.000Z,60.84,UAH,pos,ext-002559
customer-0161,2026-04-13T10:40:00.000Z,61.85,USD,web,
customer-0162,2026-04-13T10:47:00.000Z,62.86,EUR,mobile,
customer-0163,2026-04-13T10:54:00.000Z,63.87,GBP,email,ext-002562
customer-0164,2026-04-13T11:01:00.000Z,64.88,UAH,pos,
customer-0165,2026-04-13T11:08:00.000Z,65.89,USD,web,
customer-0166,2026-04-13T11:15:00.000Z,66.90,EUR,mobile,ext-002565
customer-0167,2026-04-13T11:22:00.000Z,67.91,GBP,email,
customer-0168,2026-04-13T11:29:00.000Z,68.92,UAH,pos,
customer-0169,2026-04-13T11:36:00.000Z,69.93,USD,web,ext-002568
customer-0170,2026-04-13T11:43:00.000Z,70.94,EUR,mobile,
customer-0171,2026-04-13T11:50:00.000Z,71.95,GBP,email,
customer-0172,2026-04-13T11:57:00.000Z,72.96,UAH,pos,ext-002571
customer-0173,2026-04-13T12:04:00.000Z,73.97,USD,web,
customer-0174,2026-04-13T12:11:00.000Z,74.98,EUR,mobile,
customer-0175,2026-04-13T12:18:00.000Z,75.00,GBP,email,ext-002574
customer-0176,2026-04-13T12:25:00.000Z,76.01,UAH,pos,
customer-0177,2026-04-13T12:32:00.000Z,77.02,USD,web,
customer-0178,2026-04-13T12:39:00.000Z,78.03,EUR,mobile,ext-002577
customer-0179,2026-04-13T12:46:00.000Z,79.04,GBP,email,
customer-0180,2026-04-13T12:53:00.000Z,80.05,UAH,pos,
customer-0181,2026-04-13T13:00:00.000Z,81.06,USD,web,ext-002580
customer-0182,2026-04-13T13:07:00.000Z,82.07,EUR,mobile,
customer-0183,2026-04-13T13:14:00.000Z,83.08,GBP,email,
customer-0184,2026-04-13T13:21:00.000Z,84.09,UAH,pos,ext-002583
customer-0185,2026-04-13T13:28:00.000Z,85.10,USD,web,
customer-0186,2026-04-13T13:35:00.000Z,86.11,EUR,mobile,
customer-0187,2026-04-13T13:42:00.000Z,87.12,GBP,email,ext-002586
customer-0188,2026-04-13T13:49:00.000Z,88.13,UAH,pos,
customer-0189,2026-04-13T13:56:00.000Z,89.14,USD,web,
customer-0190,2026-04-13T14:03:00.000Z,90.15,EUR,mobile,ext-002589
customer-0191,2026-04-13T14:10:00.000Z,91.16,GBP,email,
customer-0192,2026-04-13T14:17:00.000Z,92.17,UAH,pos,
customer-0193,2026-04-13T14:24:00.000Z,93.18,USD,web,ext-002592
customer-0194,2026-04-13T14:31:00.000Z,94.19,EUR,mobile,
customer-0195,2026-04-13T14:38:00.000Z,95.20,GBP,email,
customer-0196,2026-04-13T14:45:00.000Z,96.21,UAH,pos,ext-002595
customer-0197,2026-04-13T14:52:00.000Z,97.22,USD,web,
customer-0198,2026-04-13T14:59:00.000Z,98.23,EUR,mobile,
customer-0199,2026-04-13T15:06:00.000Z,99.24,GBP,email,ext-002598
customer-0200,2026-04-13T15:13:00.000Z,100.25,UAH,pos,
customer-0201,2026-04-13T15:20:00.000Z,101.26,USD,web,
customer-0202,2026-04-13T15:27:00.000Z,102.27,EUR,mobile,ext-002601
customer-0203,2026-04-13T15:34:00.000Z,103.28,GBP,email,
customer-0204,2026-04-13T15:41:00.000Z,104.29,UAH,pos,
customer-0205,2026-04-13T15:48:00.000Z,105.30,USD,web,ext-002604
customer-0206,2026-04-13T15:55:00.000Z,106.31,EUR,mobile,
customer-0207,2026-04-13T16:02:00.000Z,107.32,GBP,email,
customer-0208,2026-04-13T16:09:00.000Z,108.33,UAH,pos,ext-002607
customer-0209,2026-04-13T16:16:00.000Z,109.34,USD,web,
customer-0210,2026-04-13T16:23:00.000Z,110.35,EUR,mobile,
customer-0211,2026-04-13T16:30:00.000Z,111.36,GBP,email,ext-002610
customer-0212,2026-04-13T16:37:00.000Z,112.37,UAH,pos,
customer-0213,2026-04-13T16:44:00.000Z,113.38,USD,web,
customer-0214,2026-04-13T16:51:00.000Z,114.39,EUR,mobile,ext-002613
customer-0215,2026-04-13T16:58:00.000Z,115.40,GBP,email,
customer-0216,2026-04-13T17:05:00.000Z,116.41,UAH,pos,
customer-0217,2026-04-13T17:12:00.000Z,117.42,USD,web,ext-002616
customer-0218,2026-04-13T17:19:00.000Z,118.43,EUR,mobile,
customer-0219,2026-04-13T17:26:00.000Z,119.44,GBP,email,
customer-0220,2026-04-13T17:33:00.000Z,120.45,UAH,pos,ext-002619
customer-0221,2026-04-13T17:40:00.000Z,121.46,USD,web,
customer-0222,2026-04-13T17:47:00.000Z,122.47,EUR,mobile,
customer-0223,2026-04-13T17:54:00.000Z,123.48,GBP,email,ext-002622
customer-0224,2026-04-13T18:01:00.000Z,124.49,UAH,pos,
customer-0225,2026-04-13T18:08:00.000Z,125.50,USD,web,
customer-0226,2026-04-13T18:15:00.000Z,126.51,EUR,mobile,ext-002625
customer-0227,2026-04-13T18:22:00.000Z,127.52,GBP,email,
customer-0228,2026-04-13T18:29:00.000Z,128.53,UAH,pos,
customer-0229,2026-04-13T18:36:00.000Z,129.54,USD,web,ext-002628
customer-0230,2026-04-13T18:43:00.000Z,130.55,EUR,mobile,
customer-0231,2026-04-13T18:50:00.000Z,131.56,GBP,email,
customer-0232,2026-04-13T18:57:00.000Z,132.57,UAH,pos,ext-002631
customer-0233,2026-04-13T19:04:00.000Z,133.58,USD,web,
customer-0234,2026-04-13T19:11:00.000Z,134.59,EUR,mobile,
customer-0235,2026-04-13T19:18:00.000Z,135.60,GBP,email,ext-002634
customer-0236,2026-04-13T19:25:00.000Z,136.61,UAH,pos,
customer-0237,2026-04-13T19:32:00.000Z,137.62,USD,web,
customer-0238,2026-04-13T19:39:00.000Z,138.63,EUR,mobile,ext-002637
customer-0239,2026-04-13T19:46:00.000Z,139.64,GBP,email,
customer-0240,2026-04-13T19:53:00.000Z,140.65,UAH,pos,
customer-0241,2026-04-13T20:00:00.000Z,141.66,USD,web,ext-002640
customer-0242,2026-04-13T20:07:00.000Z,142.67,EUR,mobile,
customer-0243,2026-04-13T20:14:00.000Z,143.68,GBP,email,
customer-0244,2026-04-13T20:21:00.000Z,144.69,UAH,pos,ext-002643
customer-0245,2026-04-13T20:28:00.000Z,145.70,USD,web,
customer-0246,2026-04-13T20:35:00.000Z,146.71,EUR,mobile,
customer-0247,2026-04-13T20:42:00.000Z,147.72,GBP,email,ext-002646
customer-0248,2026-04-13T20:49:00.000Z,148.73,UAH,pos,
customer-0249,2026-04-13T20:56:00.000Z,149.74,USD,web,
customer-0250,2026-04-13T21:03:00.000Z,150.75,EUR,mobile,ext-002649
customer-0251,2026-04-13T21:10:00.000Z,151.76,GBP,email,
customer-0252,2026-04-13T21:17:00.000Z,152.77,UAH,pos,
customer-0253,2026-04-13T21:24:00.000Z,153.78,USD,web,ext-002652
customer-0254,2026-04-13T21:31:00.000Z,154.79,EUR,mobile,
customer-0255,2026-04-13T21:38:00.000Z,155.80,GBP,email,
customer-0256,2026-04-13T21:45:00.000Z,156.81,UAH,pos,ext-002655
customer-0257,2026-04-13T21:52:00.000Z,157.82,USD,web,
customer-0258,2026-04-13T21:59:00.000Z,158.83,EUR,mobile,
customer-0259,2026-04-13T22:06:00.000Z,159.84,GBP,email,ext-002658
customer-0260,2026-04-13T22:13:00.000Z,160.85,UAH,pos,
customer-0261,2026-04-13T22:20:00.000Z,161.86,USD,web,
customer-0262,2026-04-13T22:27:00.000Z,162.87,EUR,mobile,ext-002661
customer-0263,2026-04-13T22:34:00.000Z,163.88,GBP,email,
customer-0264,2026-04-13T22:41:00.000Z,164.89,UAH,pos,
customer-0265,2026-04-13T22:48:00.000Z,165.90,USD,web,ext-002664
customer-0266,2026-04-13T22:55:00.000Z,166.91,EUR,mobile,
customer-0267,2026-04-13T23:02:00.000Z,167.92,GBP,email,
customer-0268,2026-04-13T23:09:00.000Z,168.93,UAH,pos,ext-002667
customer-0269,2026-04-13T23:16:00.000Z,169.94,USD,web,
customer-0270,2026-04-13T23:23:00.000Z,170.95,EUR,mobile,
customer-0271,2026-04-13T23:30:00.000Z,171.96,GBP,email,ext-002670
customer-0272,2026-04-13T23:37:00.000Z,172.97,UAH,pos,
customer-0273,2026-04-13T23:44:00.000Z,173.98,USD,web,
customer-0274,2026-04-13T23:51:00.000Z,174.00,EUR,mobile,ext-002673
customer-0275,2026-04-13T23:58:00.000Z,175.01,GBP,email,
customer-0276,2026-04-14T00:05:00.000Z,176.02,UAH,pos,
customer-0277,2026-04-14T00:12:00.000Z,177.03,USD,web,ext-002676
customer-0278,2026-04-14T00:19:00.000Z,178.04,EUR,mobile,
customer-0279,2026-04-14T00:26:00.000Z,179.05,GBP,email,
customer-0280,2026-04-14T00:33:00.000Z,180.06,UAH,pos,ext-002679
customer-0281,2026-04-14T00:40:00.000Z,181.07,USD,web,
customer-0282,2026-04-14T00:47:00.000Z,182.08,EUR,mobile,
customer-0283,2026-04-14T00:54:00.000Z,183.09,GBP,email,ext-002682
customer-0284,2026-04-14T01:01:00.000Z,184.10,UAH,pos,
customer-0285,2026-04-14T01:08:00.000Z,185.11,USD,web,
customer-0286,2026-04-14T01:15:00.000Z,186.12,EUR,mobile,ext-002685
customer-0287,2026-04-14T01:22:00.000Z,187.13,GBP,email,
customer-0288,2026-04-14T01:29:00.000Z,188.14,UAH,pos,
customer-0289,2026-04-14T01:36:00.000Z,189.15,USD,web,ext-002688
customer-0290,2026-04-14T01:43:00.000Z,190.16,EUR,mobile,
customer-0291,2026-04-14T01:50:00.000Z,191.17,GBP,email,
customer-0292,2026-04-14T01:57:00.000Z,192.18,UAH,pos,ext-002691
customer-0293,2026-04-14T02:04:00.000Z,193.19,USD,web,
customer-0294,2026-04-14T02:11:00.000Z,194.20,EUR,mobile,
customer-0295,2026-04-14T02:18:00.000Z,195.21,GBP,email,ext-002694
customer-0296,2026-04-14T02:25:00.000Z,196.22,UAH,pos,
customer-0297,2026-04-14T02:32:00.000Z,197.23,USD,web,
customer-0298,2026-04-14T02:39:00.000Z,198.24,EUR,mobile,ext-002697
customer-0299,2026-04-14T02:46:00.000Z,199.25,GBP,email,
customer-0300,2026-04-14T02:53:00.000Z,200.26,UAH,pos,
customer-0301,2026-04-14T03:00:00.000Z,201.27,USD,web,ext-002700
customer-0302,2026-04-14T03:07:00.000Z,202.28,EUR,mobile,
customer-0303,2026-04-14T03:14:00.000Z,203.29,GBP,email,
customer-0304,2026-04-14T03:21:00.000Z,204.30,UAH,pos,ext-002703
customer-0305,2026-04-14T03:28:00.000Z,205.31,USD,web,
customer-0306,2026-04-14T03:35:00.000Z,206.32,EUR,mobile,
customer-0307,2026-04-14T03:42:00.000Z,207.33,GBP,email,ext-002706
customer-0308,2026-04-14T03:49:00.000Z,208.34,UAH,pos,
customer-0309,2026-04-14T03:56:00.000Z,209.35,USD,web,
customer-0310,2026-04-14T04:03:00.000Z,210.36,EUR,mobile,ext-002709
customer-0311,2026-04-14T04:10:00.000Z,211.37,GBP,email,
customer-0312,2026-04-14T04:17:00.000Z,212.38,UAH,pos,
customer-0313,2026-04-14T04:24:00.000Z,213.39,USD,web,ext-002712
customer-0314,2026-04-14T04:31:00.000Z,214.40,EUR,mobile,
customer-0315,2026-04-14T04:38:00.000Z,215.41,GBP,email,
customer-0316,2026-04-14T04:45:00.000Z,216.42,UAH,pos,ext-002715
customer-0317,2026-04-14T04:52:00.000Z,217.43,USD,web,
customer-0318,2026-04-14T04:59:00.000Z,218.44,EUR,mobile,
customer-0319,2026-04-14T05:06:00.000Z,219.45,GBP,email,ext-002718
customer-0320,2026-04-14T05:13:00.000Z,220.46,UAH,pos,
customer-0321,2026-04-14T05:20:00.000Z,221.47,USD,web,
customer-0322,2026-04-14T05:27:00.000Z,222.48,EUR,mobile,ext-002721
customer-0323,2026-04-14T05:34:00.000Z,223.49,GBP,email,
customer-0324,2026-04-14T05:41:00.000Z,224.50,UAH,pos,
customer-0325,2026-04-14T05:48:00.000Z,225.51,USD,web,ext-002724
customer-0326,2026-04-14T05:55:00.000Z,226.52,EUR,mobile,
customer-0327,2026-04-14T06:02:00.000Z,227.53,GBP,email,
customer-0328,2026-04-14T06:09:00.000Z,228.54,UAH,pos,ext-002727
customer-0329,2026-04-14T06:16:00.000Z,229.55,USD,web,
customer-0330,2026-04-14T06:23:00.000Z,230.56,EUR,mobile,
customer-0331,2026-04-14T06:30:00.000Z,231.57,GBP,email,ext-002730
customer-0332,2026-04-14T06:37:00.000Z,232.58,UAH,pos,
customer-0333,2026-04-14T06:44:00.000Z,233.59,USD,web,
customer-0334,2026-04-14T06:51:00.000Z,234.60,EUR,mobile,ext-002733
customer-0335,2026-04-14T06:58:00.000Z,235.61,GBP,email,
customer-0336,2026-04-14T07:05:00.000Z,236.62,UAH,pos,
customer-0337,2026-04-14T07:12:00.000Z,237.63,USD,web,ext-002736
customer-0338,2026-04-14T07:19:00.000Z,238.64,EUR,mobile,
customer-0339,2026-04-14T07:26:00.000Z,239.65,GBP,email,
customer-0340,2026-04-14T07:33:00.000Z,240.66,UAH,pos,ext-002739
customer-0341,2026-04-14T07:40:00.000Z,241.67,USD,web,
customer-0342,2026-04-14T07:47:00.000Z,242.68,EUR,mobile,
customer-0343,2026-04-14T07:54:00.000Z,243.69,GBP,email,ext-002742
customer-0344,2026-04-14T08:01:00.000Z,244.70,UAH,pos,
customer-0345,2026-04-14T08:08:00.000Z,245.71,USD,web,
customer-0346,2026-04-14T08:15:00.000Z,246.72,EUR,mobile,ext-002745
customer-0347,2026-04-14T08:22:00.000Z,247.73,GBP,email,
customer-0348,2026-04-14T08:29:00.000Z,248.74,UAH,pos,
customer-0349,2026-04-14T08:36:00.000Z,249.75,USD,web,ext-002748
customer-0350,2026-04-14T08:43:00.000Z,250.76,EUR,mobile,
customer-0351,2026-04-14T08:50:00.000Z,251.77,GBP,email,
customer-0352,2026-04-14T08:57:00.000Z,252.78,UAH,pos,ext-002751
customer-0353,2026-04-14T09:04:00.000Z,253.79,USD,web,
customer-0354,2026-04-14T09:11:00.000Z,254.80,EUR,mobile,
customer-0355,2026-04-14T09:18:00.000Z,255.81,GBP,email,ext-002754
customer-0356,2026-04-14T09:25:00.000Z,256.82,UAH,pos,
customer-0357,2026-04-14T09:32:00.000Z,257.83,USD,web,
customer-0358,2026-04-14T09:39:00.000Z,258.84,EUR,mobile,ext-002757
customer-0359,2026-04-14T09:46:00.000Z,259.85,GBP,email,
customer-0360,2026-04-14T09:53:00.000Z,260.86,UAH,pos,
customer-0361,2026-04-14T10:00:00.000Z,261.87,USD,web,ext-002760
customer-0362,2026-04-14T10:07:00.000Z,262.88,EUR,mobile,
customer-0363,2026-04-14T10:14:00.000Z,263.89,GBP,email,
customer-0364,2026-04-14T10:21:00.000Z,264.90,UAH,pos,ext-002763
customer-0365,2026-04-14T10:28:00.000Z,265.91,USD,web,
customer-0366,2026-04-14T10:35:00.000Z,266.92,EUR,mobile,
customer-0367,2026-04-14T10:42:00.000Z,267.93,GBP,email,ext-002766
customer-0368,2026-04-14T10:49:00.000Z,268.94,UAH,pos,
customer-0369,2026-04-14T10:56:00.000Z,269.95,USD,web,
customer-0370,2026-04-14T11:03:00.000Z,270.96,EUR,mobile,ext-002769
customer-0371,2026-04-14T11:10:00.000Z,271.97,GBP,email,
customer-0372,2026-04-14T11:17:00.000Z,272.98,UAH,pos,
customer-0373,2026-04-14T11:24:00.000Z,273.00,USD,web,ext-002772
customer-0374,2026-04-14T11:31:00.000Z,274.01,EUR,mobile,
customer-0375,2026-04-14T11:38:00.000Z,275.02,GBP,email,
customer-0376,2026-04-14T11:45:00.000Z,276.03,UAH,pos,ext-002775
customer-0377,2026-04-14T11:52:00.000Z,277.04,USD,web,
customer-0378,2026-04-14T11:59:00.000Z,278.05,EUR,mobile,
customer-0379,2026-04-14T12:06:00.000Z,279.06,GBP,email,ext-002778
customer-0380,2026-04-14T12:13:00.000Z,280.07,UAH,pos,
customer-0381,2026-04-14T12:20:00.000Z,281.08,USD,web,
customer-0382,2026-04-14T12:27:00.000Z,282.09,EUR,mobile,ext-002781
customer-0383,2026-04-14T12:34:00.000Z,283.10,GBP,email,
customer-0384,2026-04-14T12:41:00.000Z,284.11,UAH,pos,
customer-0385,2026-04-14T12:48:00.000Z,285.12,USD,web,ext-002784
customer-0386,2026-04-14T12:55:00.000Z,286.13,EUR,mobile,
customer-0387,2026-04-14T13:02:00.000Z,287.14,GBP,email,
customer-0388,2026-04-14T13:09:00.000Z,288.15,UAH,pos,ext-002787
customer-0389,2026-04-14T13:16:00.000Z,289.16,USD,web,
customer-0390,2026-04-14T13:23:00.000Z,290.17,EUR,mobile,
customer-0391,2026-04-14T13:30:00.000Z,291.18,GBP,email,ext-002790
customer-0392,2026-04-14T13:37:00.000Z,292.19,UAH,pos,
customer-0393,2026-04-14T13:44:00.000Z,293.20,USD,web,
customer-0394,2026-04-14T13:51:00.000Z,294.21,EUR,mobile,ext-002793
customer-0395,2026-04-14T13:58:00.000Z,295.22,GBP,email,
customer-0396,2026-04-14T14:05:00.000Z,296.23,UAH,pos,
customer-0397,2026-04-14T14:12:00.000Z,297.24,USD,web,ext-002796
customer-0398,2026-04-14T14:19:00.000Z,298.25,EUR,mobile,
customer-0399,2026-04-14T14:26:00.000Z,299.26,GBP,email,
customer-0400,2026-04-14T14:33:00.000Z,300.27,UAH,pos,ext-002799
customer-0401,2026-04-14T14:40:00.000Z,301.28,USD,web,
customer-0402,2026-04-14T14:47:00.000Z,302.29,EUR,mobile,
customer-0403,2026-04-14T14:54:00.000Z,303.30,GBP,email,ext-002802
customer-0404,2026-04-14T15:01:00.000Z,304.31,UAH,pos,
customer-0405,2026-04-14T15:08:00.000Z,305.32,USD,web,
customer-0406,2026-04-14T15:15:00.000Z,306.33,EUR,mobile,ext-002805
customer-0407,2026-04-14T15:22:00.000Z,307.34,GBP,email,
customer-0408,2026-04-14T15:29:00.000Z,308.35,UAH,pos,
customer-0409,2026-04-14T15:36:00.000Z,309.36,USD,web,ext-002808
customer-0410,2026-04-14T15:43:00.000Z,310.37,EUR,mobile,
customer-0411,2026-04-14T15:50:00.000Z,311.38,GBP,email,
customer-0412,2026-04-14T15:57:00.000Z,312.39,UAH,pos,ext-002811
customer-0413,2026-04-14T16:04:00.000Z,313.40,USD,web,
customer-0414,2026-04-14T16:11:00.000Z,314.41,EUR,mobile,
customer-0415,2026-04-14T16:18:00.000Z,315.42,GBP,email,ext-002814
customer-0416,2026-04-14T16:25:00.000Z,316.43,UAH,pos,
customer-0417,2026-04-14T16:32:00.000Z,317.44,USD,web,
customer-0418,2026-04-14T16:39:00.000Z,318.45,EUR,mobile,ext-002817
customer-0419,2026-04-14T16:46:00.000Z,319.46,GBP,email,
customer-0420,2026-04-14T16:53:00.000Z,320.47,UAH,pos,
customer-0421,2026-04-14T17:00:00.000Z,321.48,USD,web,ext-002820
customer-0422,2026-04-14T17:07:00.000Z,322.49,EUR,mobile,
customer-0423,2026-04-14T17:14:00.000Z,323.50,GBP,email,
customer-0424,2026-04-14T17:21:00.000Z,324.51,UAH,pos,ext-002823
customer-0425,2026-04-14T17:28:00.000Z,325.52,USD,web,
customer-0426,2026-04-14T17:35:00.000Z,326.53,EUR,mobile,
customer-0427,2026-04-14T17:42:00.000Z,327.54,GBP,email,ext-002826
customer-0428,2026-04-14T17:49:00.000Z,328.55,UAH,pos,
customer-0429,2026-04-14T17:56:00.000Z,329.56,USD,web,
customer-0430,2026-04-14T18:03:00.000Z,330.57,EUR,mobile,ext-002829
customer-0431,2026-04-14T18:10:00.000Z,331.58,GBP,email,
customer-0432,2026-04-14T18:17:00.000Z,332.59,UAH,pos,
customer-0433,2026-04-14T18:24:00.000Z,333.60,USD,web,ext-002832
customer-0434,2026-04-14T18:31:00.000Z,334.61,EUR,mobile,
customer-0435,2026-04-14T18:38:00.000Z,335.62,GBP,email,
customer-0436,2026-04-14T18:45:00.000Z,336.63,UAH,pos,ext-002835
customer-0437,2026-04-14T18:52:00.000Z,337.64,USD,web,
customer-0438,2026-04-14T18:59:00.000Z,338.65,EUR,mobile,
customer-0439,2026-04-14T19:06:00.000Z,339.66,GBP,email,ext-002838
customer-0440,2026-04-14T19:13:00.000Z,340.67,UAH,pos,
customer-0441,2026-04-14T19:20:00.000Z,341.68,USD,web,
customer-0442,2026-04-14T19:27:00.000Z,342.69,EUR,mobile,ext-002841
customer-0443,2026-04-14T19:34:00.000Z,343.70,GBP,email,
customer-0444,2026-04-14T19:41:00.000Z,344.71,UAH,pos,
customer-0445,2026-04-14T19:48:00.000Z,345.72,USD,web,ext-002844
customer-0446,2026-04-14T19:55:00.000Z,346.73,EUR,mobile,
customer-0447,2026-04-14T20:02:00.000Z,347.74,GBP,email,
customer-0448,2026-04-14T20:09:00.000Z,348.75,UAH,pos,ext-002847
customer-0449,2026-04-14T20:16:00.000Z,349.76,USD,web,
customer-0450,2026-04-14T20:23:00.000Z,350.77,EUR,mobile,
customer-0451,2026-04-14T20:30:00.000Z,351.78,GBP,email,ext-002850
customer-0452,2026-04-14T20:37:00.000Z,352.79,UAH,pos,
customer-0453,2026-04-14T20:44:00.000Z,353.80,USD,web,
customer-0454,2026-04-14T20:51:00.000Z,354.81,EUR,mobile,ext-002853
customer-0455,2026-04-14T20:58:00.000Z,355.82,GBP,email,
customer-0456,2026-04-14T21:05:00.000Z,356.83,UAH,pos,
customer-0457,2026-04-14T21:12:00.000Z,357.84,USD,web,ext-002856
customer-0458,2026-04-14T21:19:00.000Z,358.85,EUR,mobile,
customer-0459,2026-04-14T21:26:00.000Z,359.86,GBP,email,
customer-0460,2026-04-14T21:33:00.000Z,360.87,UAH,pos,ext-002859
customer-0461,2026-04-14T21:40:00.000Z,361.88,USD,web,
customer-0462,2026-04-14T21:47:00.000Z,362.89,EUR,mobile,
customer-0463,2026-04-14T21:54:00.000Z,363.90,GBP,email,ext-002862
customer-0464,2026-04-14T22:01:00.000Z,364.91,UAH,pos,
customer-0465,2026-04-14T22:08:00.000Z,365.92,USD,web,
customer-0466,2026-04-14T22:15:00.000Z,366.93,EUR,mobile,ext-002865
customer-0467,2026-04-14T22:22:00.000Z,367.94,GBP,email,
customer-0468,2026-04-14T22:29:00.000Z,368.95,UAH,pos,
customer-0469,2026-04-14T22:36:00.000Z,369.96,USD,web,ext-002868
customer-0470,2026-04-14T22:43:00.000Z,370.97,EUR,mobile,
customer-0471,2026-04-14T22:50:00.000Z,371.98,GBP,email,
customer-0472,2026-04-14T22:57:00.000Z,372.00,UAH,pos,ext-002871
customer-0473,2026-04-14T23:04:00.000Z,373.01,USD,web,
customer-0474,2026-04-14T23:11:00.000Z,374.02,EUR,mobile,
customer-0475,2026-04-14T23:18:00.000Z,375.03,GBP,email,ext-002874
customer-0476,2026-04-14T23:25:00.000Z,376.04,UAH,pos,
customer-0477,2026-04-14T23:32:00.000Z,377.05,USD,web,
customer-0478,2026-04-14T23:39:00.000Z,378.06,EUR,mobile,ext-002877
customer-0479,2026-04-14T23:46:00.000Z,379.07,GBP,email,
customer-0480,2026-04-14T23:53:00.000Z,380.08,UAH,pos,
customer-0481,2026-04-15T00:00:00.000Z,381.09,USD,web,ext-002880
customer-0482,2026-04-15T00:07:00.000Z,382.10,EUR,mobile,
customer-0483,2026-04-15T00:14:00.000Z,383.11,GBP,email,
customer-0484,2026-04-15T00:21:00.000Z,384.12,UAH,pos,ext-002883
customer-0485,2026-04-15T00:28:00.000Z,385.13,USD,web,
customer-0486,2026-04-15T00:35:00.000Z,386.14,EUR,mobile,
customer-0487,2026-04-15T00:42:00.000Z,387.15,GBP,email,ext-002886
customer-0488,2026-04-15T00:49:00.000Z,388.16,UAH,pos,
customer-0489,2026-04-15T00:56:00.000Z,389.17,USD,web,
customer-0490,2026-04-15T01:03:00.000Z,390.18,EUR,mobile,ext-002889
customer-0491,2026-04-15T01:10:00.000Z,391.19,GBP,email,
customer-0492,2026-04-15T01:17:00.000Z,392.20,UAH,pos,
customer-0493,2026-04-15T01:24:00.000Z,393.21,USD,web,ext-002892
customer-0494,2026-04-15T01:31:00.000Z,394.22,EUR,mobile,
customer-0495,2026-04-15T01:38:00.000Z,395.23,GBP,email,
customer-0496,2026-04-15T01:45:00.000Z,396.24,UAH,pos,ext-002895
customer-0497,2026-04-15T01:52:00.000Z,397.25,USD,web,
customer-0498,2026-04-15T01:59:00.000Z,398.26,EUR,mobile,
customer-0499,2026-04-15T02:06:00.000Z,399.27,GBP,email,ext-002898
customer-0500,2026-04-15T02:13:00.000Z,400.28,UAH,pos,
customer-0501,2026-04-15T02:20:00.000Z,401.29,USD,web,
customer-0502,2026-04-15T02:27:00.000Z,402.30,EUR,mobile,ext-002901
customer-0503,2026-04-15T02:34:00.000Z,403.31,GBP,email,
customer-0504,2026-04-15T02:41:00.000Z,404.32,UAH,pos,
customer-0505,2026-04-15T02:48:00.000Z,405.33,USD,web,ext-002904
customer-0506,2026-04-15T02:55:00.000Z,406.34,EUR,mobile,
customer-0507,2026-04-15T03:02:00.000Z,407.35,GBP,email,
customer-0508,2026-04-15T03:09:00.000Z,408.36,UAH,pos,ext-002907
customer-0509,2026-04-15T03:16:00.000Z,409.37,USD,web,
customer-0510,2026-04-15T03:23:00.000Z,410.38,EUR,mobile,
customer-0511,2026-04-15T03:30:00.000Z,411.39,GBP,email,ext-002910
customer-0512,2026-04-15T03:37:00.000Z,412.40,UAH,pos,
customer-0513,2026-04-15T03:44:00.000Z,413.41,USD,web,
customer-0514,2026-04-15T03:51:00.000Z,414.42,EUR,mobile,ext-002913
customer-0515,2026-04-15T03:58:00.000Z,415.43,GBP,email,
customer-0516,2026-04-15T04:05:00.000Z,416.44,UAH,pos,
customer-0517,2026-04-15T04:12:00.000Z,417.45,USD,web,ext-002916
customer-0518,2026-04-15T04:19:00.000Z,418.46,EUR,mobile,
customer-0519,2026-04-15T04:26:00.000Z,419.47,GBP,email,
customer-0520,2026-04-15T04:33:00.000Z,420.48,UAH,pos,ext-002919
customer-0521,2026-04-15T04:40:00.000Z,421.49,USD,web,
customer-0522,2026-04-15T04:47:00.000Z,422.50,EUR,mobile,
customer-0523,2026-04-15T04:54:00.000Z,423.51,GBP,email,ext-002922
customer-0524,2026-04-15T05:01:00.000Z,424.52,UAH,pos,
customer-0525,2026-04-15T05:08:00.000Z,425.53,USD,web,
customer-0526,2026-04-15T05:15:00.000Z,426.54,EUR,mobile,ext-002925
customer-0527,2026-04-15T05:22:00.000Z,427.55,GBP,email,
customer-0528,2026-04-15T05:29:00.000Z,428.56,UAH,pos,
customer-0529,2026-04-15T05:36:00.000Z,429.57,USD,web,ext-002928
customer-0530,2026-04-15T05:43:00.000Z,430.58,EUR,mobile,
customer-0531,2026-04-15T05:50:00.000Z,431.59,GBP,email,
customer-0532,2026-04-15T05:57:00.000Z,432.60,UAH,pos,ext-002931
customer-0533,2026-04-15T06:04:00.000Z,433.61,USD,web,
customer-0534,2026-04-15T06:11:00.000Z,434.62,EUR,mobile,
customer-0535,2026-04-15T06:18:00.000Z,435.63,GBP,email,ext-002934
customer-0536,2026-04-15T06:25:00.000Z,436.64,UAH,pos,
customer-0537,2026-04-15T06:32:00.000Z,437.65,USD,web,
customer-0538,2026-04-15T06:39:00.000Z,438.66,EUR,mobile,ext-002937
customer-0539,2026-04-15T06:46:00.000Z,439.67,GBP,email,
customer-0540,2026-04-15T06:53:00.000Z,440.68,UAH,pos,
customer-0541,2026-04-15T07:00:00.000Z,441.69,USD,web,ext-002940
customer-0542,2026-04-15T07:07:00.000Z,442.70,EUR,mobile,
customer-0543,2026-04-15T07:14:00.000Z,443.71,GBP,email,
customer-0544,2026-04-15T07:21:00.000Z,444.72,UAH,pos,ext-002943
customer-0545,2026-04-15T07:28:00.000Z,445.73,USD,web,
customer-0546,2026-04-15T07:35:00.000Z,446.74,EUR,mobile,
customer-0547,2026-04-15T07:42:00.000Z,447.75,GBP,email,ext-002946
customer-0548,2026-04-15T07:49:00.000Z,448.76,UAH,pos,
customer-0549,2026-04-15T07:56:00.000Z,449.77,USD,web,
customer-0550,2026-04-15T08:03:00.000Z,450.78,EUR,mobile,ext-002949
customer-0551,2026-04-15T08:10:00.000Z,451.79,GBP,email,
customer-0552,2026-04-15T08:17:00.000Z,452.80,UAH,pos,
customer-0553,2026-04-15T08:24:00.000Z,453.81,USD,web,ext-002952
customer-0554,2026-04-15T08:31:00.000Z,454.82,EUR,mobile,
customer-0555,2026-04-15T08:38:00.000Z,455.83,GBP,email,
customer-0556,2026-04-15T08:45:00.000Z,456.84,UAH,pos,ext-002955
customer-0557,2026-04-15T08:52:00.000Z,457.85,USD,web,
customer-0558,2026-04-15T08:59:00.000Z,458.86,EUR,mobile,
customer-0559,2026-04-15T09:06:00.000Z,459.87,GBP,email,ext-002958
customer-0560,2026-04-15T09:13:00.000Z,460.88,UAH,pos,
customer-0561,2026-04-15T09:20:00.000Z,461.89,USD,web,
customer-0562,2026-04-15T09:27:00.000Z,462.90,EUR,mobile,ext-002961
customer-0563,2026-04-15T09:34:00.000Z,463.91,GBP,email,
customer-0564,2026-04-15T09:41:00.000Z,464.92,UAH,pos,
customer-0565,2026-04-15T09:48:00.000Z,465.93,USD,web,ext-002964
customer-0566,2026-04-15T09:55:00.000Z,466.94,EUR,mobile,
customer-0567,2026-04-15T10:02:00.000Z,467.95,GBP,email,
customer-0568,2026-04-15T10:09:00.000Z,468.96,UAH,pos,ext-002967
customer-0569,2026-04-15T10:16:00.000Z,469.97,USD,web,
customer-0570,2026-04-15T10:23:00.000Z,470.98,EUR,mobile,
customer-0571,2026-04-15T10:30:00.000Z,471.00,GBP,email,ext-002970
customer-0572,2026-04-15T10:37:00.000Z,472.01,UAH,pos,
customer-0573,2026-04-15T10:44:00.000Z,473.02,USD,web,
customer-0574,2026-04-15T10:51:00.000Z,474.03,EUR,mobile,ext-002973
customer-0575,2026-04-15T10:58:00.000Z,475.04,GBP,email,
customer-0576,2026-04-15T11:05:00.000Z,476.05,UAH,pos,
customer-0577,2026-04-15T11:12:00.000Z,477.06,USD,web,ext-002976
customer-0578,2026-04-15T11:19:00.000Z,478.07,EUR,mobile,
customer-0579,2026-04-15T11:26:00.000Z,479.08,GBP,email,
customer-0580,2026-04-15T11:33:00.000Z,480.09,UAH,pos,ext-002979
customer-0581,2026-04-15T11:40:00.000Z,481.10,USD,web,
customer-0582,2026-04-15T11:47:00.000Z,482.11,EUR,mobile,
customer-0583,2026-04-15T11:54:00.000Z,483.12,GBP,email,ext-002982
customer-0584,2026-04-15T12:01:00.000Z,484.13,UAH,pos,
customer-0585,2026-04-15T12:08:00.000Z,485.14,USD,web,
customer-0586,2026-04-15T12:15:00.000Z,486.15,EUR,mobile,ext-002985
customer-0587,2026-04-15T12:22:00.000Z,487.16,GBP,email,
customer-0588,2026-04-15T12:29:00.000Z,488.17,UAH,pos,
customer-0589,2026-04-15T12:36:00.000Z,489.18,USD,web,ext-002988
customer-0590,2026-04-15T12:43:00.000Z,490.19,EUR,mobile,
customer-0591,2026-04-15T12:50:00.000Z,491.20,GBP,email,
customer-0592,2026-04-15T12:57:00.000Z,492.21,UAH,pos,ext-002991
customer-0593,2026-04-15T13:04:00.000Z,493.22,USD,web,
customer-0594,2026-04-15T13:11:00.000Z,494.23,EUR,mobile,
customer-0595,2026-04-15T13:18:00.000Z,495.24,GBP,email,ext-002994
customer-0596,2026-04-15T13:25:00.000Z,496.25,UAH,pos,
customer-0597,2026-04-15T13:32:00.000Z,497.26,USD,web,
customer-0598,2026-04-15T13:39:00.000Z,498.27,EUR,mobile,ext-002997
customer-0599,2026-04-15T13:46:00.000Z,499.28,GBP,email,
customer-0600,2026-04-15T13:53:00.000Z,500.29,UAH,pos,
customer-0601,2026-04-15T14:00:00.000Z,1.30,USD,web,ext-003000
customer-0602,2026-04-15T14:07:00.000Z,2.31,EUR,mobile,
customer-0603,2026-04-15T14:14:00.000Z,3.32,GBP,email,
customer-0604,2026-04-15T14:21:00.000Z,4.33,UAH,pos,ext-003003
customer-0605,2026-04-15T14:28:00.000Z,5.34,USD,web,
customer-0606,2026-04-15T14:35:00.000Z,6.35,EUR,mobile,
customer-0607,2026-04-15T14:42:00.000Z,7.36,GBP,email,ext-003006
customer-0608,2026-04-15T14:49:00.000Z,8.37,UAH,pos,
customer-0609,2026-04-15T14:56:00.000Z,9.38,USD,web,
customer-0610,2026-04-15T15:03:00.000Z,10.39,EUR,mobile,ext-003009
customer-0611,2026-04-15T15:10:00.000Z,11.40,GBP,email,
customer-0612,2026-04-15T15:17:00.000Z,12.41,UAH,pos,
customer-0613,2026-04-15T15:24:00.000Z,13.42,USD,web,ext-003012
customer-0614,2026-04-15T15:31:00.000Z,14.43,EUR,mobile,
customer-0615,2026-04-15T15:38:00.000Z,15.44,GBP,email,
customer-0616,2026-04-15T15:45:00.000Z,16.45,UAH,pos,ext-003015
customer-0617,2026-04-15T15:52:00.000Z,17.46,USD,web,
customer-0618,2026-04-15T15:59:00.000Z,18.47,EUR,mobile,
customer-0619,2026-04-15T16:06:00.000Z,19.48,GBP,email,ext-003018
customer-0620,2026-04-15T16:13:00.000Z,20.49,UAH,pos,
customer-0621,2026-04-15T16:20:00.000Z,21.50,USD,web,
customer-0622,2026-04-15T16:27:00.000Z,22.51,EUR,mobile,ext-003021
customer-0623,2026-04-15T16:34:00.000Z,23.52,GBP,email,
customer-0624,2026-04-15T16:41:00.000Z,24.53,UAH,pos,
customer-0625,2026-04-15T16:48:00.000Z,25.54,USD,web,ext-003024
customer-0626,2026-04-15T16:55:00.000Z,26.55,EUR,mobile,
customer-0627,2026-04-15T17:02:00.000Z,27.56,GBP,email,
customer-0628,2026-04-15T17:09:00.000Z,28.57,UAH,pos,ext-003027
customer-0629,2026-04-15T17:16:00.000Z,29.58,USD,web,
customer-0630,2026-04-15T17:23:00.000Z,30.59,EUR,mobile,
customer-0631,2026-04-15T17:30:00.000Z,31.60,GBP,email,ext-003030
customer-0632,2026-04-15T17:37:00.000Z,32.61,UAH,pos,
customer-0633,2026-04-15T17:44:00.000Z,33.62,USD,web,
customer-0634,2026-04-15T17:51:00.000Z,34.63,EUR,mobile,ext-003033
customer-0635,2026-04-15T17:58:00.000Z,35.64,GBP,email,
customer-0636,2026-04-15T18:05:00.000Z,36.65,UAH,pos,
customer-0637,2026-04-15T18:12:00.000Z,37.66,USD,web,ext-003036
customer-0638,2026-04-15T18:19:00.000Z,38.67,EUR,mobile,
customer-0639,2026-04-15T18:26:00.000Z,39.68,GBP,email,
customer-0640,2026-04-15T18:33:00.000Z,40.69,UAH,pos,ext-003039
customer-0641,2026-04-15T18:40:00.000Z,41.70,USD,web,
customer-0642,2026-04-15T18:47:00.000Z,42.71,EUR,mobile,
customer-0643,2026-04-15T18:54:00.000Z,43.72,GBP,email,ext-003042
customer-0644,2026-04-15T19:01:00.000Z,44.73,UAH,pos,
customer-0645,2026-04-15T19:08:00.000Z,45.74,USD,web,
customer-0646,2026-04-15T19:15:00.000Z,46.75,EUR,mobile,ext-003045
customer-0647,2026-04-15T19:22:00.000Z,47.76,GBP,email,
customer-0648,2026-04-15T19:29:00.000Z,48.77,UAH,pos,
customer-0649,2026-04-15T19:36:00.000Z,49.78,USD,web,ext-003048
customer-0650,2026-04-15T19:43:00.000Z,50.79,EUR,mobile,
customer-0651,2026-04-15T19:50:00.000Z,51.80,GBP,email,
customer-0652,2026-04-15T19:57:00.000Z,52.81,UAH,pos,ext-003051
customer-0653,2026-04-15T20:04:00.000Z,53.82,USD,web,
customer-0654,2026-04-15T20:11:00.000Z,54.83,EUR,mobile,
customer-0655,2026-04-15T20:18:00.000Z,55.84,GBP,email,ext-003054
customer-0656,2026-04-15T20:25:00.000Z,56.85,UAH,pos,
customer-0657,2026-04-15T20:32:00.000Z,57.86,USD,web,
customer-0658,2026-04-15T20:39:00.000Z,58.87,EUR,mobile,ext-003057
customer-0659,2026-04-15T20:46:00.000Z,59.88,GBP,email,
customer-0660,2026-04-15T20:53:00.000Z,60.89,UAH,pos,
customer-0661,2026-04-15T21:00:00.000Z,61.90,USD,web,ext-003060
customer-0662,2026-04-15T21:07:00.000Z,62.91,EUR,mobile,
customer-0663,2026-04-15T21:14:00.000Z,63.92,GBP,email,
customer-0664,2026-04-15T21:21:00.000Z,64.93,UAH,pos,ext-003063
customer-0665,2026-04-15T21:28:00.000Z,65.94,USD,web,
customer-0666,2026-04-15T21:35:00.000Z,66.95,EUR,mobile,
customer-0667,2026-04-15T21:42:00.000Z,67.96,GBP,email,ext-003066
customer-0668,2026-04-15T21:49:00.000Z,68.97,UAH,pos,
customer-0669,2026-04-15T21:56:00.000Z,69.98,USD,web,
customer-0670,2026-04-15T22:03:00.000Z,70.00,EUR,mobile,ext-003069
customer-0671,2026-04-15T22:10:00.000Z,71.01,GBP,email,
customer-0672,2026-04-15T22:17:00.000Z,72.02,UAH,pos,
customer-0673,2026-04-15T22:24:00.000Z,73.03,USD,web,ext-003072
customer-0674,2026-04-15T22:31:00.000Z,74.04,EUR,mobile,
customer-0675,2026-04-15T22:38:00.000Z,75.05,GBP,email,
customer-0676,2026-04-15T22:45:00.000Z,76.06,UAH,pos,ext-003075
customer-0677,2026-04-15T22:52:00.000Z,77.07,USD,web,
customer-0678,2026-04-15T22:59:00.000Z,78.08,EUR,mobile,
customer-0679,2026-04-15T23:06:00.000Z,79.09,GBP,email,ext-003078
customer-0680,2026-04-15T23:13:00.000Z,80.10,UAH,pos,
customer-0681,2026-04-15T23:20:00.000Z,81.11,USD,web,
customer-0682,2026-04-15T23:27:00.000Z,82.12,EUR,mobile,ext-003081
customer-0683,2026-04-15T23:34:00.000Z,83.13,GBP,email,
customer-0684,2026-04-15T23:41:00.000Z,84.14,UAH,pos,
customer-0685,2026-04-15T23:48:00.000Z,85.15,USD,web,ext-003084
customer-0686,2026-04-15T23:55:00.000Z,86.16,EUR,mobile,
customer-0687,2026-04-16T00:02:00.000Z,87.17,GBP,email,
customer-0688,2026-04-16T00:09:00.000Z,88.18,UAH,pos,ext-003087
customer-0689,2026-04-16T00:16:00.000Z,89.19,USD,web,
customer-0690,2026-04-16T00:23:00.000Z,90.20,EUR,mobile,
customer-0691,2026-04-16T00:30:00.000Z,91.21,GBP,email,ext-003090
customer-0692,2026-04-16T00:37:00.000Z,92.22,UAH,pos,
customer-0693,2026-04-16T00:44:00.000Z,93.23,USD,web,
customer-0694,2026-04-16T00:51:00.000Z,94.24,EUR,mobile,ext-003093
customer-0695,2026-04-16T00:58:00.000Z,95.25,GBP,email,
customer-0696,2026-04-16T01:05:00.000Z,96.26,UAH,pos,
customer-0697,2026-04-16T01:12:00.000Z,97.27,USD,web,ext-003096
customer-0698,2026-04-16T01:19:00.000Z,98.28,EUR,mobile,
customer-0699,2026-04-16T01:26:00.000Z,99.29,GBP,email,
customer-0700,2026-04-16T01:33:00.000Z,100.30,UAH,pos,ext-003099
customer-0701,2026-04-16T01:40:00.000Z,101.31,USD,web,
customer-0702,2026-04-16T01:47:00.000Z,102.32,EUR,mobile,
customer-0703,2026-04-16T01:54:00.000Z,103.33,GBP,email,ext-003102
customer-0704,2026-04-16T02:01:00.000Z,104.34,UAH,pos,
customer-0705,2026-04-16T02:08:00.000Z,105.35,USD,web,
customer-0706,2026-04-16T02:15:00.000Z,106.36,EUR,mobile,ext-003105
customer-0707,2026-04-16T02:22:00.000Z,107.37,GBP,email,
customer-0708,2026-04-16T02:29:00.000Z,108.38,UAH,pos,
customer-0709,2026-04-16T02:36:00.000Z,109.39,USD,web,ext-003108
customer-0710,2026-04-16T02:43:00.000Z,110.40,EUR,mobile,
customer-0711,2026-04-16T02:50:00.000Z,111.41,GBP,email,
customer-0712,2026-04-16T02:57:00.000Z,112.42,UAH,pos,ext-003111
customer-0713,2026-04-16T03:04:00.000Z,113.43,USD,web,
customer-0714,2026-04-16T03:11:00.000Z,114.44,EUR,mobile,
customer-0715,2026-04-16T03:18:00.000Z,115.45,GBP,email,ext-003114
customer-0716,2026-04-16T03:25:00.000Z,116.46,UAH,pos,
customer-0717,2026-04-16T03:32:00.000Z,117.47,USD,web,
customer-0718,2026-04-16T03:39:00.000Z,118.48,EUR,mobile,ext-003117
customer-0719,2026-04-16T03:46:00.000Z,119.49,GBP,email,
customer-0720,2026-04-16T03:53:00.000Z,120.50,UAH,pos,
customer-0721,2026-04-16T04:00:00.000Z,121.51,USD,web,ext-003120
customer-0722,2026-04-16T04:07:00.000Z,122.52,EUR,mobile,
customer-0723,2026-04-16T04:14:00.000Z,123.53,GBP,email,
customer-0724,2026-04-16T04:21:00.000Z,124.54,UAH,pos,ext-003123
customer-0725,2026-04-16T04:28:00.000Z,125.55,USD,web,
customer-0726,2026-04-16T04:35:00.000Z,126.56,EUR,mobile,
customer-0727,2026-04-16T04:42:00.000Z,127.57,GBP,email,ext-003126
customer-0728,2026-04-16T04:49:00.000Z,128.58,UAH,pos,
customer-0729,2026-04-16T04:56:00.000Z,129.59,USD,web,
customer-0730,2026-04-16T05:03:00.000Z,130.60,EUR,mobile,ext-003129
customer-0731,2026-04-16T05:10:00.000Z,131.61,GBP,email,
customer-0732,2026-04-16T05:17:00.000Z,132.62,UAH,pos,
customer-0733,2026-04-16T05:24:00.000Z,133.63,USD,web,ext-003132
customer-0734,2026-04-16T05:31:00.000Z,134.64,EUR,mobile,
customer-0735,2026-04-16T05:38:00.000Z,135.65,GBP,email,
customer-0736,2026-04-16T05:45:00.000Z,136.66,UAH,pos,ext-003135
customer-0737,2026-04-16T05:52:00.000Z,137.67,USD,web,
customer-0738,2026-04-16T05:59:00.000Z,138.68,EUR,mobile,
customer-0739,2026-04-16T06:06:00.000Z,139.69,GBP,email,ext-003138
customer-0740,2026-04-16T06:13:00.000Z,140.70,UAH,pos,
customer-0741,2026-04-16T06:20:00.000Z,141.71,USD,web,
customer-0742,2026-04-16T06:27:00.000Z,142.72,EUR,mobile,ext-003141
customer-0743,2026-04-16T06:34:00.000Z,143.73,GBP,email,
customer-0744,2026-04-16T06:41:00.000Z,144.74,UAH,pos,
customer-0745,2026-04-16T06:48:00.000Z,145.75,USD,web,ext-003144
customer-0746,2026-04-16T06:55:00.000Z,146.76,EUR,mobile,
customer-0747,2026-04-16T07:02:00.000Z,147.77,GBP,email,
customer-0748,2026-04-16T07:09:00.000Z,148.78,UAH,pos,ext-003147
customer-0749,2026-04-16T07:16:00.000Z,149.79,USD,web,
customer-0750,2026-04-16T07:23:00.000Z,150.80,EUR,mobile,
customer-0751,2026-04-16T07:30:00.000Z,151.81,GBP,email,ext-003150
customer-0752,2026-04-16T07:37:00.000Z,152.82,UAH,pos,
customer-0753,2026-04-16T07:44:00.000Z,153.83,USD,web,
customer-0754,2026-04-16T07:51:00.000Z,154.84,EUR,mobile,ext-003153
customer-0755,2026-04-16T07:58:00.000Z,155.85,GBP,email,
customer-0756,2026-04-16T08:05:00.000Z,156.86,UAH,pos,
customer-0757,2026-04-16T08:12:00.000Z,157.87,USD,web,ext-003156
customer-0758,2026-04-16T08:19:00.000Z,158.88,EUR,mobile,
customer-0759,2026-04-16T08:26:00.000Z,159.89,GBP,email,
customer-0760,2026-04-16T08:33:00.000Z,160.90,UAH,pos,ext-003159
customer-0761,2026-04-16T08:40:00.000Z,161.91,USD,web,
customer-0762,2026-04-16T08:47:00.000Z,162.92,EUR,mobile,
customer-0763,2026-04-16T08:54:00.000Z,163.93,GBP,email,ext-003162
customer-0764,2026-04-16T09:01:00.000Z,164.94,UAH,pos,
customer-0765,2026-04-16T09:08:00.000Z,165.95,USD,web,
customer-0766,2026-04-16T09:15:00.000Z,166.96,EUR,mobile,ext-003165
customer-0767,2026-04-16T09:22:00.000Z,167.97,GBP,email,
customer-0768,2026-04-16T09:29:00.000Z,168.98,UAH,pos,
customer-0769,2026-04-16T09:36:00.000Z,169.00,USD,web,ext-003168
customer-0770,2026-04-16T09:43:00.000Z,170.01,EUR,mobile,
customer-0771,2026-04-16T09:50:00.000Z,171.02,GBP,email,
customer-0772,2026-04-16T09:57:00.000Z,172.03,UAH,pos,ext-003171
customer-0773,2026-04-16T10:04:00.000Z,173.04,USD,web,
customer-0774,2026-04-16T10:11:00.000Z,174.05,EUR,mobile,
customer-0775,2026-04-16T10:18:00.000Z,175.06,GBP,email,ext-003174
customer-0776,2026-04-16T10:25:00.000Z,176.07,UAH,pos,
customer-0777,2026-04-16T10:32:00.000Z,177.08,USD,web,
customer-0778,2026-04-16T10:39:00.000Z,178.09,EUR,mobile,ext-003177
customer-0779,2026-04-16T10:46:00.000Z,179.10,GBP,email,
customer-0780,2026-04-16T10:53:00.000Z,180.11,UAH,pos,
customer-0781,2026-04-16T11:00:00.000Z,181.12,USD,web,ext-003180
customer-0782,2026-04-16T11:07:00.000Z,182.13,EUR,mobile,
customer-0783,2026-04-16T11:14:00.000Z,183.14,GBP,email,
customer-0784,2026-04-16T11:21:00.000Z,184.15,UAH,pos,ext-003183
customer-0785,2026-04-16T11:28:00.000Z,185.16,USD,web,
customer-0786,2026-04-16T11:35:00.000Z,186.17,EUR,mobile,
customer-0787,2026-04-16T11:42:00.000Z,187.18,GBP,email,ext-003186
customer-0788,2026-04-16T11:49:00.000Z,188.19,UAH,pos,
customer-0789,2026-04-16T11:56:00.000Z,189.20,USD,web,
customer-0790,2026-04-16T12:03:00.000Z,190.21,EUR,mobile,ext-003189
customer-0791,2026-04-16T12:10:00.000Z,191.22,GBP,email,
customer-0792,2026-04-16T12:17:00.000Z,192.23,UAH,pos,
customer-0793,2026-04-16T12:24:00.000Z,193.24,USD,web,ext-003192
customer-0794,2026-04-16T12:31:00.000Z,194.25,EUR,mobile,
customer-0795,2026-04-16T12:38:00.000Z,195.26,GBP,email,
customer-0796,2026-04-16T12:45:00.000Z,196.27,UAH,pos,ext-003195
customer-0797,2026-04-16T12:52:00.000Z,197.28,USD,web,
customer-0798,2026-04-16T12:59:00.000Z,198.29,EUR,mobile,
customer-0799,2026-04-16T13:06:00.000Z,199.30,GBP,email,ext-003198
customer-0800,2026-04-16T13:13:00.000Z,200.31,UAH,pos,
customer-0801,2026-04-16T13:20:00.000Z,201.32,USD,web,
customer-0802,2026-04-16T13:27:00.000Z,202.33,EUR,mobile,ext-003201
customer-0803,2026-04-16T13:34:00.000Z,203.34,GBP,email,
customer-0804,2026-04-16T13:41:00.000Z,204.35,UAH,pos,
customer-0805,2026-04-16T13:48:00.000Z,205.36,USD,web,ext-003204
customer-0806,2026-04-16T13:55:00.000Z,206.37,EUR,mobile,
customer-0807,2026-04-16T14:02:00.000Z,207.38,GBP,email,
customer-0808,2026-04-16T14:09:00.000Z,208.39,UAH,pos,ext-003207
customer-0809,2026-04-16T14:16:00.000Z,209.40,USD,web,
customer-0810,2026-04-16T14:23:00.000Z,210.41,EUR,mobile,
customer-0811,2026-04-16T14:30:00.000Z,211.42,GBP,email,ext-003210
customer-0812,2026-04-16T14:37:00.000Z,212.43,UAH,pos,
customer-0813,2026-04-16T14:44:00.000Z,213.44,USD,web,
customer-0814,2026-04-16T14:51:00.000Z,214.45,EUR,mobile,ext-003213
customer-0815,2026-04-16T14:58:00.000Z,215.46,GBP,email,
customer-0816,2026-04-16T15:05:00.000Z,216.47,UAH,pos,
customer-0817,2026-04-16T15:12:00.000Z,217.48,USD,web,ext-003216
customer-0818,2026-04-16T15:19:00.000Z,218.49,EUR,mobile,
customer-0819,2026-04-16T15:26:00.000Z,219.50,GBP,email,
customer-0820,2026-04-16T15:33:00.000Z,220.51,UAH,pos,ext-003219
customer-0821,2026-04-16T15:40:00.000Z,221.52,USD,web,
customer-0822,2026-04-16T15:47:00.000Z,222.53,EUR,mobile,
customer-0823,2026-04-16T15:54:00.000Z,223.54,GBP,email,ext-003222
customer-0824,2026-04-16T16:01:00.000Z,224.55,UAH,pos,
customer-0825,2026-04-16T16:08:00.000Z,225.56,USD,web,
customer-0826,2026-04-16T16:15:00.000Z,226.57,EUR,mobile,ext-003225
customer-0827,2026-04-16T16:22:00.000Z,227.58,GBP,email,
customer-0828,2026-04-16T16:29:00.000Z,228.59,UAH,pos,
customer-0829,2026-04-16T16:36:00.000Z,229.60,USD,web,ext-003228
customer-0830,2026-04-16T16:43:00.000Z,230.61,EUR,mobile,
customer-0831,2026-04-16T16:50:00.000Z,231.62,GBP,email,
customer-0832,2026-04-16T16:57:00.000Z,232.63,UAH,pos,ext-003231
customer-0833,2026-04-16T17:04:00.000Z,233.64,USD,web,
customer-0834,2026-04-16T17:11:00.000Z,234.65,EUR,mobile,
customer-0835,2026-04-16T17:18:00.000Z,235.66,GBP,email,ext-003234
customer-0836,2026-04-16T17:25:00.000Z,236.67,UAH,pos,
customer-0837,2026-04-16T17:32:00.000Z,237.68,USD,web,
customer-0838,2026-04-16T17:39:00.000Z,238.69,EUR,mobile,ext-003237
customer-0839,2026-04-16T17:46:00.000Z,239.70,GBP,email,
customer-0840,2026-04-16T17:53:00.000Z,240.71,UAH,pos,
customer-0841,2026-04-16T18:00:00.000Z,241.72,USD,web,ext-003240
customer-0842,2026-04-16T18:07:00.000Z,242.73,EUR,mobile,
customer-0843,2026-04-16T18:14:00.000Z,243.74,GBP,email,
customer-0844,2026-04-16T18:21:00.000Z,244.75,UAH,pos,ext-003243
customer-0845,2026-04-16T18:28:00.000Z,245.76,USD,web,
customer-0846,2026-04-16T18:35:00.000Z,246.77,EUR,mobile,
customer-0847,2026-04-16T18:42:00.000Z,247.78,GBP,email,ext-003246
customer-0848,2026-04-16T18:49:00.000Z,248.79,UAH,pos,
customer-0849,2026-04-16T18:56:00.000Z,249.80,USD,web,
customer-0850,2026-04-16T19:03:00.000Z,250.81,EUR,mobile,ext-003249
customer-0851,2026-04-16T19:10:00.000Z,251.82,GBP,email,
customer-0852,2026-04-16T19:17:00.000Z,252.83,UAH,pos,
customer-0853,2026-04-16T19:24:00.000Z,253.84,USD,web,ext-003252
customer-0854,2026-04-16T19:31:00.000Z,254.85,EUR,mobile,
customer-0855,2026-04-16T19:38:00.000Z,255.86,GBP,email,
customer-0856,2026-04-16T19:45:00.000Z,256.87,UAH,pos,ext-003255
customer-0857,2026-04-16T19:52:00.000Z,257.88,USD,web,
customer-0858,2026-04-16T19:59:00.000Z,258.89,EUR,mobile,
customer-0859,2026-04-16T20:06:00.000Z,259.90,GBP,email,ext-003258
customer-0860,2026-04-16T20:13:00.000Z,260.91,UAH,pos,
customer-0861,2026-04-16T20:20:00.000Z,261.92,USD,web,
customer-0862,2026-04-16T20:27:00.000Z,262.93,EUR,mobile,ext-003261
customer-0863,2026-04-16T20:34:00.000Z,263.94,GBP,email,
customer-0864,2026-04-16T20:41:00.000Z,264.95,UAH,pos,
customer-0865,2026-04-16T20:48:00.000Z,265.96,USD,web,ext-003264
customer-0866,2026-04-16T20:55:00.000Z,266.97,EUR,mobile,
customer-0867,2026-04-16T21:02:00.000Z,267.98,GBP,email,
customer-0868,2026-04-16T21:09:00.000Z,268.00,UAH,pos,ext-003267
customer-0869,2026-04-16T21:16:00.000Z,269.01,USD,web,
customer-0870,2026-04-16T21:23:00.000Z,270.02,EUR,mobile,
customer-0871,2026-04-16T21:30:00.000Z,271.03,GBP,email,ext-003270
customer-0872,2026-04-16T21:37:00.000Z,272.04,UAH,pos,
customer-0873,2026-04-16T21:44:00.000Z,273.05,USD,web,
customer-0874,2026-04-16T21:51:00.000Z,274.06,EUR,mobile,ext-003273
customer-0875,2026-04-16T21:58:00.000Z,275.07,GBP,email,
customer-0876,2026-04-16T22:05:00.000Z,276.08,UAH,pos,
customer-0877,2026-04-16T22:12:00.000Z,277.09,USD,web,ext-003276
customer-0878,2026-04-16T22:19:00.000Z,278.10,EUR,mobile,
customer-0879,2026-04-16T22:26:00.000Z,279.11,GBP,email,
customer-0880,2026-04-16T22:33:00.000Z,280.12,UAH,pos,ext-003279
customer-0881,2026-04-16T22:40:00.000Z,281.13,USD,web,
customer-0882,2026-04-16T22:47:00.000Z,282.14,EUR,mobile,
customer-0883,2026-04-16T22:54:00.000Z,283.15,GBP,email,ext-003282
customer-0884,2026-04-16T23:01:00.000Z,284.16,UAH,pos,
customer-0885,2026-04-16T23:08:00.000Z,285.17,USD,web,
customer-0886,2026-04-16T23:15:00.000Z,286.18,EUR,mobile,ext-003285
customer-0887,2026-04-16T23:22:00.000Z,287.19,GBP,email,
customer-0888,2026-04-16T23:29:00.000Z,288.20,UAH,pos,
customer-0889,2026-04-16T23:36:00.000Z,289.21,USD,web,ext-003288
customer-0890,2026-04-16T23:43:00.000Z,290.22,EUR,mobile,
customer-0891,2026-04-16T23:50:00.000Z,291.23,GBP,email,
customer-0892,2026-04-16T23:57:00.000Z,292.24,UAH,pos,ext-003291
customer-0893,2026-04-17T00:04:00.000Z,293.25,USD,web,
customer-0894,2026-04-17T00:11:00.000Z,294.26,EUR,mobile,
customer-0895,2026-04-17T00:18:00.000Z,295.27,GBP,email,ext-003294
customer-0896,2026-04-17T00:25:00.000Z,296.28,UAH,pos,
customer-0897,2026-04-17T00:32:00.000Z,297.29,USD,web,
customer-0898,2026-04-17T00:39:00.000Z,298.30,EUR,mobile,ext-003297
customer-0899,2026-04-17T00:46:00.000Z,299.31,GBP,email,
customer-0900,2026-04-17T00:53:00.000Z,300.32,UAH,pos,
customer-0901,2026-04-17T01:00:00.000Z,301.33,USD,web,ext-003300
customer-0902,2026-04-17T01:07:00.000Z,302.34,EUR,mobile,
customer-0903,2026-04-17T01:14:00.000Z,303.35,GBP,email,
customer-0904,2026-04-17T01:21:00.000Z,304.36,UAH,pos,ext-003303
customer-0905,2026-04-17T01:28:00.000Z,305.37,USD,web,
customer-0906,2026-04-17T01:35:00.000Z,306.38,EUR,mobile,
customer-0907,2026-04-17T01:42:00.000Z,307.39,GBP,email,ext-003306
customer-0908,2026-04-17T01:49:00.000Z,308.40,UAH,pos,
customer-0909,2026-04-17T01:56:00.000Z,309.41,USD,web,
customer-0910,2026-04-17T02:03:00.000Z,310.42,EUR,mobile,ext-003309
customer-0911,2026-04-17T02:10:00.000Z,311.43,GBP,email,
customer-0912,2026-04-17T02:17:00.000Z,312.44,UAH,pos,
customer-0913,2026-04-17T02:24:00.000Z,313.45,USD,web,ext-003312
customer-0914,2026-04-17T02:31:00.000Z,314.46,EUR,mobile,
customer-0915,2026-04-17T02:38:00.000Z,315.47,GBP,email,
customer-0916,2026-04-17T02:45:00.000Z,316.48,UAH,pos,ext-003315
customer-0917,2026-04-17T02:52:00.000Z,317.49,USD,web,
customer-0918,2026-04-17T02:59:00.000Z,318.50,EUR,mobile,
customer-0919,2026-04-17T03:06:00.000Z,319.51,GBP,email,ext-003318
customer-0920,2026-04-17T03:13:00.000Z,320.52,UAH,pos,
customer-0921,2026-04-17T03:20:00.000Z,321.53,USD,web,
customer-0922,2026-04-17T03:27:00.000Z,322.54,EUR,mobile,ext-003321
customer-0923,2026-04-17T03:34:00.000Z,323.55,GBP,email,
customer-0924,2026-04-17T03:41:00.000Z,324.56,UAH,pos,
customer-0925,2026-04-17T03:48:00.000Z,325.57,USD,web,ext-003324
customer-0926,2026-04-17T03:55:00.000Z,326.58,EUR,mobile,
customer-0927,2026-04-17T04:02:00.000Z,327.59,GBP,email,
customer-0928,2026-04-17T04:09:00.000Z,328.60,UAH,pos,ext-003327
customer-0929,2026-04-17T04:16:00.000Z,329.61,USD,web,
customer-0930,2026-04-17T04:23:00.000Z,330.62,EUR,mobile,
customer-0931,2026-04-17T04:30:00.000Z,331.63,GBP,email,ext-003330
customer-0932,2026-04-17T04:37:00.000Z,332.64,UAH,pos,
customer-0933,2026-04-17T04:44:00.000Z,333.65,USD,web,
customer-0934,2026-04-17T04:51:00.000Z,334.66,EUR,mobile,ext-003333
customer-0935,2026-04-17T04:58:00.000Z,335.67,GBP,email,
customer-0936,2026-04-17T05:05:00.000Z,336.68,UAH,pos,
customer-0937,2026-04-17T05:12:00.000Z,337.69,USD,web,ext-003336
customer-0938,2026-04-17T05:19:00.000Z,338.70,EUR,mobile,
customer-0939,2026-04-17T05:26:00.000Z,339.71,GBP,email,
customer-0940,2026-04-17T05:33:00.000Z,340.72,UAH,pos,ext-003339
customer-0941,2026-04-17T05:40:00.000Z,341.73,USD,web,
customer-0942,2026-04-17T05:47:00.000Z,342.74,EUR,mobile,
customer-0943,2026-04-17T05:54:00.000Z,343.75,GBP,email,ext-003342
customer-0944,2026-04-17T06:01:00.000Z,344.76,UAH,pos,
customer-0945,2026-04-17T06:08:00.000Z,345.77,USD,web,
customer-0946,2026-04-17T06:15:00.000Z,346.78,EUR,mobile,ext-003345
customer-0947,2026-04-17T06:22:00.000Z,347.79,GBP,email,
customer-0948,2026-04-17T06:29:00.000Z,348.80,UAH,pos,
customer-0949,2026-04-17T06:36:00.000Z,349.81,USD,web,ext-003348
customer-0950,2026-04-17T06:43:00.000Z,350.82,EUR,mobile,
customer-0951,2026-04-17T06:50:00.000Z,351.83,GBP,email,
customer-0952,2026-04-17T06:57:00.000Z,352.84,UAH,pos,ext-003351
customer-0953,2026-04-17T07:04:00.000Z,353.85,USD,web,
customer-0954,2026-04-17T07:11:00.000Z,354.86,EUR,mobile,
customer-0955,2026-04-17T07:18:00.000Z,355.87,GBP,email,ext-003354
customer-0956,2026-04-17T07:25:00.000Z,356.88,UAH,pos,
customer-0957,2026-04-17T07:32:00.000Z,357.89,USD,web,
customer-0958,2026-04-17T07:39:00.000Z,358.90,EUR,mobile,ext-003357
customer-0959,2026-04-17T07:46:00.000Z,359.91,GBP,email,
customer-0960,2026-04-17T07:53:00.000Z,360.92,UAH,pos,
customer-0961,2026-04-17T08:00:00.000Z,361.93,USD,web,ext-003360
customer-0962,2026-04-17T08:07:00.000Z,362.94,EUR,mobile,
customer-0963,2026-04-17T08:14:00.000Z,363.95,GBP,email,
customer-0964,2026-04-17T08:21:00.000Z,364.96,UAH,pos,ext-003363
customer-0965,2026-04-17T08:28:00.000Z,365.97,USD,web,
customer-0966,2026-04-17T08:35:00.000Z,366.98,EUR,mobile,
customer-0967,2026-04-17T08:42:00.000Z,367.00,GBP,email,ext-003366
customer-0968,2026-04-17T08:49:00.000Z,368.01,UAH,pos,
customer-0969,2026-04-17T08:56:00.000Z,369.02,USD,web,
customer-0970,2026-04-17T09:03:00.000Z,370.03,EUR,mobile,ext-003369
customer-0971,2026-04-17T09:10:00.000Z,371.04,GBP,email,
customer-0972,2026-04-17T09:17:00.000Z,372.05,UAH,pos,
customer-0973,2026-04-17T09:24:00.000Z,373.06,USD,web,ext-003372
customer-0974,2026-04-17T09:31:00.000Z,374.07,EUR,mobile,
customer-0975,2026-04-17T09:38:00.000Z,375.08,GBP,email,
customer-0976,2026-04-17T09:45:00.000Z,376.09,UAH,pos,ext-003375
customer-0977,2026-04-17T09:52:00.000Z,377.10,USD,web,
customer-0978,2026-04-17T09:59:00.000Z,378.11,EUR,mobile,
customer-0979,2026-04-17T10:06:00.000Z,379.12,GBP,email,ext-003378
customer-0980,2026-04-17T10:13:00.000Z,380.13,UAH,pos,
customer-0981,2026-04-17T10:20:00.000Z,381.14,USD,web,
customer-0982,2026-04-17T10:27:00.000Z,382.15,EUR,mobile,ext-003381
customer-0983,2026-04-17T10:34:00.000Z,383.16,GBP,email,
customer-0984,2026-04-17T10:41:00.000Z,384.17,UAH,pos,
customer-0985,2026-04-17T10:48:00.000Z,385.18,USD,web,ext-003384
customer-0986,2026-04-17T10:55:00.000Z,386.19,EUR,mobile,
customer-0987,2026-04-17T11:02:00.000Z,387.20,GBP,email,
customer-0988,2026-04-17T11:09:00.000Z,388.21,UAH,pos,ext-003387
customer-0989,2026-04-17T11:16:00.000Z,389.22,USD,web,
customer-0990,2026-04-17T11:23:00.000Z,390.23,EUR,mobile,
customer-0991,2026-04-17T11:30:00.000Z,391.24,GBP,email,ext-003390
customer-0992,2026-04-17T11:37:00.000Z,392.25,UAH,pos,
customer-0993,2026-04-17T11:44:00.000Z,393.26,USD,web,
customer-0994,2026-04-17T11:51:00.000Z,394.27,EUR,mobile,ext-003393
customer-0995,2026-04-17T11:58:00.000Z,395.28,GBP,email,
customer-0996,2026-04-17T12:05:00.000Z,396.29,UAH,pos,
customer-0997,2026-04-17T12:12:00.000Z,397.30,USD,web,ext-003396
customer-0998,2026-04-17T12:19:00.000Z,398.31,EUR,mobile,
customer-0999,2026-04-17T12:26:00.000Z,399.32,GBP,email,
customer-1000,2026-04-17T12:33:00.000Z,400.33,UAH,pos,ext-003399
customer-1001,2026-04-17T12:40:00.000Z,401.34,USD,web,
customer-1002,2026-04-17T12:47:00.000Z,402.35,EUR,mobile,
customer-1003,2026-04-17T12:54:00.000Z,403.36,GBP,email,ext-003402
customer-1004,2026-04-17T13:01:00.000Z,404.37,UAH,pos,
customer-1005,2026-04-17T13:08:00.000Z,405.38,USD,web,
customer-1006,2026-04-17T13:15:00.000Z,406.39,EUR,mobile,ext-003405
customer-1007,2026-04-17T13:22:00.000Z,407.40,GBP,email,
customer-1008,2026-04-17T13:29:00.000Z,408.41,UAH,pos,
customer-1009,2026-04-17T13:36:00.000Z,409.42,USD,web,ext-003408
customer-1010,2026-04-17T13:43:00.000Z,410.43,EUR,mobile,
customer-1011,2026-04-17T13:50:00.000Z,411.44,GBP,email,
customer-1012,2026-04-17T13:57:00.000Z,412.45,UAH,pos,ext-003411
customer-1013,2026-04-17T14:04:00.000Z,413.46,USD,web,
customer-1014,2026-04-17T14:11:00.000Z,414.47,EUR,mobile,
customer-1015,2026-04-17T14:18:00.000Z,415.48,GBP,email,ext-003414
customer-1016,2026-04-17T14:25:00.000Z,416.49,UAH,pos,
customer-1017,2026-04-17T14:32:00.000Z,417.50,USD,web,
customer-1018,2026-04-17T14:39:00.000Z,418.51,EUR,mobile,ext-003417
customer-1019,2026-04-17T14:46:00.000Z,419.52,GBP,email,
customer-1020,2026-04-17T14:53:00.000Z,420.53,UAH,pos,
customer-1021,2026-04-17T15:00:00.000Z,421.54,USD,web,ext-003420
customer-1022,2026-04-17T15:07:00.000Z,422.55,EUR,mobile,
customer-1023,2026-04-17T15:14:00.000Z,423.56,GBP,email,
customer-1024,2026-04-17T15:21:00.000Z,424.57,UAH,pos,ext-003423
customer-1025,2026-04-17T15:28:00.000Z,425.58,USD,web,
customer-1026,2026-04-17T15:35:00.000Z,426.59,EUR,mobile,
customer-1027,2026-04-17T15:42:00.000Z,427.60,GBP,email,ext-003426
customer-1028,2026-04-17T15:49:00.000Z,428.61,UAH,pos,
customer-1029,2026-04-17T15:56:00.000Z,429.62,USD,web,
customer-1030,2026-04-17T16:03:00.000Z,430.63,EUR,mobile,ext-003429
customer-1031,2026-04-17T16:10:00.000Z,431.64,GBP,email,
customer-1032,2026-04-17T16:17:00.000Z,432.65,UAH,pos,
customer-1033,2026-04-17T16:24:00.000Z,433.66,USD,web,ext-003432
customer-1034,2026-04-17T16:31:00.000Z,434.67,EUR,mobile,
customer-1035,2026-04-17T16:38:00.000Z,435.68,GBP,email,
customer-1036,2026-04-17T16:45:00.000Z,436.69,UAH,pos,ext-003435
customer-1037,2026-04-17T16:52:00.000Z,437.70,USD,web,
customer-1038,2026-04-17T16:59:00.000Z,438.71,EUR,mobile,
customer-1039,2026-04-17T17:06:00.000Z,439.72,GBP,email,ext-003438
customer-1040,2026-04-17T17:13:00.000Z,440.73,UAH,pos,
customer-1041,2026-04-17T17:20:00.000Z,441.74,USD,web,
customer-1042,2026-04-17T17:27:00.000Z,442.75,EUR,mobile,ext-003441
customer-1043,2026-04-17T17:34:00.000Z,443.76,GBP,email,
customer-1044,2026-04-17T17:41:00.000Z,444.77,UAH,pos,
customer-1045,2026-04-17T17:48:00.000Z,445.78,USD,web,ext-003444
customer-1046,2026-04-17T17:55:00.000Z,446.79,EUR,mobile,
customer-1047,2026-04-17T18:02:00.000Z,447.80,GBP,email,
customer-1048,2026-04-17T18:09:00.000Z,448.81,UAH,pos,ext-003447
customer-1049,2026-04-17T18:16:00.000Z,449.82,USD,web,
customer-1050,2026-04-17T18:23:00.000Z,450.83,EUR,mobile,
customer-1051,2026-04-17T18:30:00.000Z,451.84,GBP,email,ext-003450
customer-1052,2026-04-17T18:37:00.000Z,452.85,UAH,pos,
customer-1053,2026-04-17T18:44:00.000Z,453.86,USD,web,
customer-1054,2026-04-17T18:51:00.000Z,454.87,EUR,mobile,ext-003453
customer-1055,2026-04-17T18:58:00.000Z,455.88,GBP,email,
customer-1056,2026-04-17T19:05:00.000Z,456.89,UAH,pos,
customer-1057,2026-04-17T19:12:00.000Z,457.90,USD,web,ext-003456
customer-1058,2026-04-17T19:19:00.000Z,458.91,EUR,mobile,
customer-1059,2026-04-17T19:26:00.000Z,459.92,GBP,email,
customer-1060,2026-04-17T19:33:00.000Z,460.93,UAH,pos,ext-003459
customer-1061,2026-04-17T19:40:00.000Z,461.94,USD,web,
customer-1062,2026-04-17T19:47:00.000Z,462.95,EUR,mobile,
customer-1063,2026-04-17T19:54:00.000Z,463.96,GBP,email,ext-003462
customer-1064,2026-04-17T20:01:00.000Z,464.97,UAH,pos,
customer-1065,2026-04-17T20:08:00.000Z,465.98,USD,web,
customer-1066,2026-04-17T20:15:00.000Z,466.00,EUR,mobile,ext-003465
customer-1067,2026-04-17T20:22:00.000Z,467.01,GBP,email,
customer-1068,2026-04-17T20:29:00.000Z,468.02,UAH,pos,
customer-1069,2026-04-17T20:36:00.000Z,469.03,USD,web,ext-003468
customer-1070,2026-04-17T20:43:00.000Z,470.04,EUR,mobile,
customer-1071,2026-04-17T20:50:00.000Z,471.05,GBP,email,
customer-1072,2026-04-17T20:57:00.000Z,472.06,UAH,pos,ext-003471
customer-1073,2026-04-17T21:04:00.000Z,473.07,USD,web,
customer-1074,2026-04-17T21:11:00.000Z,474.08,EUR,mobile,
customer-1075,2026-04-17T21:18:00.000Z,475.09,GBP,email,ext-003474
customer-1076,2026-04-17T21:25:00.000Z,476.10,UAH,pos,
customer-1077,2026-04-17T21:32:00.000Z,477.11,USD,web,
customer-1078,2026-04-17T21:39:00.000Z,478.12,EUR,mobile,ext-003477
customer-1079,2026-04-17T21:46:00.000Z,479.13,GBP,email,
customer-1080,2026-04-17T21:53:00.000Z,480.14,UAH,pos,
customer-1081,2026-04-17T22:00:00.000Z,481.15,USD,web,ext-003480
customer-1082,2026-04-17T22:07:00.000Z,482.16,EUR,mobile,
customer-1083,2026-04-17T22:14:00.000Z,483.17,GBP,email,
customer-1084,2026-04-17T22:21:00.000Z,484.18,UAH,pos,ext-003483
customer-1085,2026-04-17T22:28:00.000Z,485.19,USD,web,
customer-1086,2026-04-17T22:35:00.000Z,486.20,EUR,mobile,
customer-1087,2026-04-17T22:42:00.000Z,487.21,GBP,email,ext-003486
customer-1088,2026-04-17T22:49:00.000Z,488.22,UAH,pos,
customer-1089,2026-04-17T22:56:00.000Z,489.23,USD,web,
customer-1090,2026-04-17T23:03:00.000Z,490.24,EUR,mobile,ext-003489
customer-1091,2026-04-17T23:10:00.000Z,491.25,GBP,email,
customer-1092,2026-04-17T23:17:00.000Z,492.26,UAH,pos,
customer-1093,2026-04-17T23:24:00.000Z,493.27,USD,web,ext-003492
customer-1094,2026-04-17T23:31:00.000Z,494.28,EUR,mobile,
customer-1095,2026-04-17T23:38:00.000Z,495.29,GBP,email,
customer-1096,2026-04-17T23:45:00.000Z,496.30,UAH,pos,ext-003495
customer-1097,2026-04-17T23:52:00.000Z,497.31,USD,web,
customer-1098,2026-04-17T23:59:00.000Z,498.32,EUR,mobile,
customer-1099,2026-04-18T00:06:00.000Z,499.33,GBP,email,ext-003498
customer-1100,2026-04-18T00:13:00.000Z,500.34,UAH,pos,
customer-1101,2026-04-18T00:20:00.000Z,1.35,USD,web,
customer-1102,2026-04-18T00:27:00.000Z,2.36,EUR,mobile,ext-003501
customer-1103,2026-04-18T00:34:00.000Z,3.37,GBP,email,
customer-1104,2026-04-18T00:41:00.000Z,4.38,UAH,pos,
customer-1105,2026-04-18T00:48:00.000Z,5.39,USD,web,ext-003504
customer-1106,2026-04-18T00:55:00.000Z,6.40,EUR,mobile,
customer-1107,2026-04-18T01:02:00.000Z,7.41,GBP,email,
customer-1108,2026-04-18T01:09:00.000Z,8.42,UAH,pos,ext-003507
customer-1109,2026-04-18T01:16:00.000Z,9.43,USD,web,
customer-1110,2026-04-18T01:23:00.000Z,10.44,EUR,mobile,
customer-1111,2026-04-18T01:30:00.000Z,11.45,GBP,email,ext-003510
customer-1112,2026-04-18T01:37:00.000Z,12.46,UAH,pos,
customer-1113,2026-04-18T01:44:00.000Z,13.47,USD,web,
customer-1114,2026-04-18T01:51:00.000Z,14.48,EUR,mobile,ext-003513
customer-1115,2026-04-18T01:58:00.000Z,15.49,GBP,email,
customer-1116,2026-04-18T02:05:00.000Z,16.50,UAH,pos,
customer-1117,2026-04-18T02:12:00.000Z,17.51,USD,web,ext-003516
customer-1118,2026-04-18T02:19:00.000Z,18.52,EUR,mobile,
customer-1119,2026-04-18T02:26:00.000Z,19.53,GBP,email,
customer-1120,2026-04-18T02:33:00.000Z,20.54,UAH,pos,ext-003519
customer-1121,2026-04-18T02:40:00.000Z,21.55,USD,web,
customer-1122,2026-04-18T02:47:00.000Z,22.56,EUR,mobile,
customer-1123,2026-04-18T02:54:00.000Z,23.57,GBP,email,ext-003522
customer-1124,2026-04-18T03:01:00.000Z,24.58,UAH,pos,
customer-1125,2026-04-18T03:08:00.000Z,25.59,USD,web,
customer-1126,2026-04-18T03:15:00.000Z,26.60,EUR,mobile,ext-003525
customer-1127,2026-04-18T03:22:00.000Z,27.61,GBP,email,
customer-1128,2026-04-18T03:29:00.000Z,28.62,UAH,pos,
customer-1129,2026-04-18T03:36:00.000Z,29.63,USD,web,ext-003528
customer-1130,2026-04-18T03:43:00.000Z,30.64,EUR,mobile,
customer-1131,2026-04-18T03:50:00.000Z,31.65,GBP,email,
customer-1132,2026-04-18T03:57:00.000Z,32.66,UAH,pos,ext-003531
customer-1133,2026-04-18T04:04:00.000Z,33.67,USD,web,
customer-1134,2026-04-18T04:11:00.000Z,34.68,EUR,mobile,
customer-1135,2026-04-18T04:18:00.000Z,35.69,GBP,email,ext-003534
customer-1136,2026-04-18T04:25:00.000Z,36.70,UAH,pos,
customer-1137,2026-04-18T04:32:00.000Z,37.71,USD,web,
customer-1138,2026-04-18T04:39:00.000Z,38.72,EUR,mobile,ext-003537
customer-1139,2026-04-18T04:46:00.000Z,39.73,GBP,email,
customer-1140,2026-04-18T04:53:00.000Z,40.74,UAH,pos,
customer-1141,2026-04-18T05:00:00.000Z,41.75,USD,web,ext-003540
customer-1142,2026-04-18T05:07:00.000Z,42.76,EUR,mobile,
customer-1143,2026-04-18T05:14:00.000Z,43.77,GBP,email,
customer-1144,2026-04-18T05:21:00.000Z,44.78,UAH,pos,ext-003543
customer-1145,2026-04-18T05:28:00.000Z,45.79,USD,web,
customer-1146,2026-04-18T05:35:00.000Z,46.80,EUR,mobile,
customer-1147,2026-04-18T05:42:00.000Z,47.81,GBP,email,ext-003546
customer-1148,2026-04-18T05:49:00.000Z,48.82,UAH,pos,
customer-1149,2026-04-18T05:56:00.000Z,49.83,USD,web,
customer-1150,2026-04-18T06:03:00.000Z,50.84,EUR,mobile,ext-003549
customer-1151,2026-04-18T06:10:00.000Z,51.85,GBP,email,
customer-1152,2026-04-18T06:17:00.000Z,52.86,UAH,pos,
customer-1153,2026-04-18T06:24:00.000Z,53.87,USD,web,ext-003552
customer-1154,2026-04-18T06:31:00.000Z,54.88,EUR,mobile,
customer-1155,2026-04-18T06:38:00.000Z,55.89,GBP,email,
customer-1156,2026-04-18T06:45:00.000Z,56.90,UAH,pos,ext-003555
customer-1157,2026-04-18T06:52:00.000Z,57.91,USD,web,
customer-1158,2026-04-18T06:59:00.000Z,58.92,EUR,mobile,
customer-1159,2026-04-18T07:06:00.000Z,59.93,GBP,email,ext-003558
customer-1160,2026-04-18T07:13:00.000Z,60.94,UAH,pos,
customer-1161,2026-04-18T07:20:00.000Z,61.95,USD,web,
customer-1162,2026-04-18T07:27:00.000Z,62.96,EUR,mobile,ext-003561
customer-1163,2026-04-18T07:34:00.000Z,63.97,GBP,email,
customer-1164,2026-04-18T07:41:00.000Z,64.98,UAH,pos,
customer-1165,2026-04-18T07:48:00.000Z,65.00,USD,web,ext-003564
customer-1166,2026-04-18T07:55:00.000Z,66.01,EUR,mobile,
customer-1167,2026-04-18T08:02:00.000Z,67.02,GBP,email,
customer-1168,2026-04-18T08:09:00.000Z,68.03,UAH,pos,ext-003567
customer-1169,2026-04-18T08:16:00.000Z,69.04,USD,web,
customer-1170,2026-04-18T08:23:00.000Z,70.05,EUR,mobile,
customer-1171,2026-04-18T08:30:00.000Z,71.06,GBP,email,ext-003570
customer-1172,2026-04-18T08:37:00.000Z,72.07,UAH,pos,
customer-1173,2026-04-18T08:44:00.000Z,73.08,USD,web,
customer-1174,2026-04-18T08:51:00.000Z,74.09,EUR,mobile,ext-003573
customer-1175,2026-04-18T08:58:00.000Z,75.10,GBP,email,
customer-1176,2026-04-18T09:05:00.000Z,76.11,UAH,pos,
customer-1177,2026-04-18T09:12:00.000Z,77.12,USD,web,ext-003576
customer-1178,2026-04-18T09:19:00.000Z,78.13,EUR,mobile,
customer-1179,2026-04-18T09:26:00.000Z,79.14,GBP,email,
customer-1180,2026-04-18T09:33:00.000Z,80.15,UAH,pos,ext-003579
customer-1181,2026-04-18T09:40:00.000Z,81.16,USD,web,
customer-1182,2026-04-18T09:47:00.000Z,82.17,EUR,mobile,
customer-1183,2026-04-18T09:54:00.000Z,83.18,GBP,email,ext-003582
customer-1184,2026-04-18T10:01:00.000Z,84.19,UAH,pos,
customer-1185,2026-04-18T10:08:00.000Z,85.20,USD,web,
customer-1186,2026-04-18T10:15:00.000Z,86.21,EUR,mobile,ext-003585
customer-1187,2026-04-18T10:22:00.000Z,87.22,GBP,email,
customer-1188,2026-04-18T10:29:00.000Z,88.23,UAH,pos,
customer-1189,2026-04-18T10:36:00.000Z,89.24,USD,web,ext-003588
customer-1190,2026-04-18T10:43:00.000Z,90.25,EUR,mobile,
customer-1191,2026-04-18T10:50:00.000Z,91.26,GBP,email,
customer-1192,2026-04-18T10:57:00.000Z,92.27,UAH,pos,ext-003591
customer-1193,2026-04-18T11:04:00.000Z,93.28,USD,web,
customer-1194,2026-04-18T11:11:00.000Z,94.29,EUR,mobile,
customer-1195,2026-04-18T11:18:00.000Z,95.30,GBP,email,ext-003594
customer-1196,2026-04-18T11:25:00.000Z,96.31,UAH,pos,
customer-1197,2026-04-18T11:32:00.000Z,97.32,USD,web,
customer-1198,2026-04-18T11:39:00.000Z,98.33,EUR,mobile,ext-003597
customer-1199,2026-04-18T11:46:00.000Z,99.34,GBP,email,
customer-1200,2026-04-18T11:53:00.000Z,100.35,UAH,pos,
customer-0001,2026-04-18T12:00:00.000Z,101.36,USD,web,ext-003600
customer-0002,2026-04-18T12:07:00.000Z,102.37,EUR,mobile,
customer-0003,2026-04-18T12:14:00.000Z,103.38,GBP,email,
customer-0004,2026-04-18T12:21:00.000Z,104.39,UAH,pos,ext-003603
customer-0005,2026-04-18T12:28:00.000Z,105.40,USD,web,
customer-0006,2026-04-18T12:35:00.000Z,106.41,EUR,mobile,
customer-0007,2026-04-18T12:42:00.000Z,107.42,GBP,email,ext-003606
customer-0008,2026-04-18T12:49:00.000Z,108.43,UAH,pos,
customer-0009,2026-04-18T12:56:00.000Z,109.44,USD,web,
customer-0010,2026-04-18T13:03:00.000Z,110.45,EUR,mobile,ext-003609
customer-0011,2026-04-18T13:10:00.000Z,111.46,GBP,email,
customer-0012,2026-04-18T13:17:00.000Z,112.47,UAH,pos,
customer-0013,2026-04-18T13:24:00.000Z,113.48,USD,web,ext-003612
customer-0014,2026-04-18T13:31:00.000Z,114.49,EUR,mobile,
customer-0015,2026-04-18T13:38:00.000Z,115.50,GBP,email,
customer-0016,2026-04-18T13:45:00.000Z,116.51,UAH,pos,ext-003615
customer-0017,2026-04-18T13:52:00.000Z,117.52,USD,web,
customer-0018,2026-04-18T13:59:00.000Z,118.53,EUR,mobile,
customer-0019,2026-04-18T14:06:00.000Z,119.54,GBP,email,ext-003618
customer-0020,2026-04-18T14:13:00.000Z,120.55,UAH,pos,
customer-0021,2026-04-18T14:20:00.000Z,121.56,USD,web,
customer-0022,2026-04-18T14:27:00.000Z,122.57,EUR,mobile,ext-003621
customer-0023,2026-04-18T14:34:00.000Z,123.58,GBP,email,
customer-0024,2026-04-18T14:41:00.000Z,124.59,UAH,pos,
customer-0025,2026-04-18T14:48:00.000Z,125.60,USD,web,ext-003624
customer-0026,2026-04-18T14:55:00.000Z,126.61,EUR,mobile,
customer-0027,2026-04-18T15:02:00.000Z,127.62,GBP,email,
customer-0028,2026-04-18T15:09:00.000Z,128.63,UAH,pos,ext-003627
customer-0029,2026-04-18T15:16:00.000Z,129.64,USD,web,
customer-0030,2026-04-18T15:23:00.000Z,130.65,EUR,mobile,
customer-0031,2026-04-18T15:30:00.000Z,131.66,GBP,email,ext-003630
customer-0032,2026-04-18T15:37:00.000Z,132.67,UAH,pos,
customer-0033,2026-04-18T15:44:00.000Z,133.68,USD,web,
customer-0034,2026-04-18T15:51:00.000Z,134.69,EUR,mobile,ext-003633
customer-0035,2026-04-18T15:58:00.000Z,135.70,GBP,email,
customer-0036,2026-04-18T16:05:00.000Z,136.71,UAH,pos,
customer-0037,2026-04-18T16:12:00.000Z,137.72,USD,web,ext-003636
customer-0038,2026-04-18T16:19:00.000Z,138.73,EUR,mobile,
customer-0039,2026-04-18T16:26:00.000Z,139.74,GBP,email,
customer-0040,2026-04-18T16:33:00.000Z,140.75,UAH,pos,ext-003639
customer-0041,2026-04-18T16:40:00.000Z,141.76,USD,web,
customer-0042,2026-04-18T16:47:00.000Z,142.77,EUR,mobile,
customer-0043,2026-04-18T16:54:00.000Z,143.78,GBP,email,ext-003642
customer-0044,2026-04-18T17:01:00.000Z,144.79,UAH,pos,
customer-0045,2026-04-18T17:08:00.000Z,145.80,USD,web,
customer-0046,2026-04-18T17:15:00.000Z,146.81,EUR,mobile,ext-003645
customer-0047,2026-04-18T17:22:00.000Z,147.82,GBP,email,
customer-0048,2026-04-18T17:29:00.000Z,148.83,UAH,pos,
customer-0049,2026-04-18T17:36:00.000Z,149.84,USD,web,ext-003648
customer-0050,2026-04-18T17:43:00.000Z,150.85,EUR,mobile,
customer-0051,2026-04-18T17:50:00.000Z,151.86,GBP,email,
customer-0052,2026-04-18T17:57:00.000Z,152.87,UAH,pos,ext-003651
customer-0053,2026-04-18T18:04:00.000Z,153.88,USD,web,
customer-0054,2026-04-18T18:11:00.000Z,154.89,EUR,mobile,
customer-0055,2026-04-18T18:18:00.000Z,155.90,GBP,email,ext-003654
customer-0056,2026-04-18T18:25:00.000Z,156.91,UAH,pos,
customer-0057,2026-04-18T18:32:00.000Z,157.92,USD,web,
customer-0058,2026-04-18T18:39:00.000Z,158.93,EUR,mobile,ext-003657
customer-0059,2026-04-18T18:46:00.000Z,159.94,GBP,email,
customer-0060,2026-04-18T18:53:00.000Z,160.95,UAH,pos,
customer-0061,2026-04-18T19:00:00.000Z,161.96,USD,web,ext-003660
customer-0062,2026-04-18T19:07:00.000Z,162.97,EUR,mobile,
customer-0063,2026-04-18T19:14:00.000Z,163.98,GBP,email,
customer-0064,2026-04-18T19:21:00.000Z,164.00,UAH,pos,ext-003663
customer-0065,2026-04-18T19:28:00.000Z,165.01,USD,web,
customer-0066,2026-04-18T19:35:00.000Z,166.02,EUR,mobile,
customer-0067,2026-04-18T19:42:00.000Z,167.03,GBP,email,ext-003666
customer-0068,2026-04-18T19:49:00.000Z,168.04,UAH,pos,
customer-0069,2026-04-18T19:56:00.000Z,169.05,USD,web,
customer-0070,2026-04-18T20:03:00.000Z,170.06,EUR,mobile,ext-003669
customer-0071,2026-04-18T20:10:00.000Z,171.07,GBP,email,
customer-0072,2026-04-18T20:17:00.000Z,172.08,UAH,pos,
customer-0073,2026-04-18T20:24:00.000Z,173.09,USD,web,ext-003672
customer-0074,2026-04-18T20:31:00.000Z,174.10,EUR,mobile,
customer-0075,2026-04-18T20:38:00.000Z,175.11,GBP,email,
customer-0076,2026-04-18T20:45:00.000Z,176.12,UAH,pos,ext-003675
customer-0077,2026-04-18T20:52:00.000Z,177.13,USD,web,
customer-0078,2026-04-18T20:59:00.000Z,178.14,EUR,mobile,
customer-0079,2026-04-18T21:06:00.000Z,179.15,GBP,email,ext-003678
customer-0080,2026-04-18T21:13:00.000Z,180.16,UAH,pos,
customer-0081,2026-04-18T21:20:00.000Z,181.17,USD,web,
customer-0082,2026-04-18T21:27:00.000Z,182.18,EUR,mobile,ext-003681
customer-0083,2026-04-18T21:34:00.000Z,183.19,GBP,email,
customer-0084,2026-04-18T21:41:00.000Z,184.20,UAH,pos,
customer-0085,2026-04-18T21:48:00.000Z,185.21,USD,web,ext-003684
customer-0086,2026-04-18T21:55:00.000Z,186.22,EUR,mobile,
customer-0087,2026-04-18T22:02:00.000Z,187.23,GBP,email,
customer-0088,2026-04-18T22:09:00.000Z,188.24,UAH,pos,ext-003687
customer-0089,2026-04-18T22:16:00.000Z,189.25,USD,web,
customer-0090,2026-04-18T22:23:00.000Z,190.26,EUR,mobile,
customer-0091,2026-04-18T22:30:00.000Z,191.27,GBP,email,ext-003690
customer-0092,2026-04-18T22:37:00.000Z,192.28,UAH,pos,
customer-0093,2026-04-18T22:44:00.000Z,193.29,USD,web,
customer-0094,2026-04-18T22:51:00.000Z,194.30,EUR,mobile,ext-003693
customer-0095,2026-04-18T22:58:00.000Z,195.31,GBP,email,
customer-0096,2026-04-18T23:05:00.000Z,196.32,UAH,pos,
customer-0097,2026-04-18T23:12:00.000Z,197.33,USD,web,ext-003696
customer-0098,2026-04-18T23:19:00.000Z,198.34,EUR,mobile,
customer-0099,2026-04-18T23:26:00.000Z,199.35,GBP,email,
customer-0100,2026-04-18T23:33:00.000Z,200.36,UAH,pos,ext-003699
customer-0101,2026-04-18T23:40:00.000Z,201.37,USD,web,
customer-0102,2026-04-18T23:47:00.000Z,202.38,EUR,mobile,
customer-0103,2026-04-18T23:54:00.000Z,203.39,GBP,email,ext-003702
customer-0104,2026-04-19T00:01:00.000Z,204.40,UAH,pos,
customer-0105,2026-04-19T00:08:00.000Z,205.41,USD,web,
customer-0106,2026-04-19T00:15:00.000Z,206.42,EUR,mobile,ext-003705
customer-0107,2026-04-19T00:22:00.000Z,207.43,GBP,email,
customer-0108,2026-04-19T00:29:00.000Z,208.44,UAH,pos,
customer-0109,2026-04-19T00:36:00.000Z,209.45,USD,web,ext-003708
customer-0110,2026-04-19T00:43:00.000Z,210.46,EUR,mobile,
customer-0111,2026-04-19T00:50:00.000Z,211.47,GBP,email,
customer-0112,2026-04-19T00:57:00.000Z,212.48,UAH,pos,ext-003711
customer-0113,2026-04-19T01:04:00.000Z,213.49,USD,web,
customer-0114,2026-04-19T01:11:00.000Z,214.50,EUR,mobile,
customer-0115,2026-04-19T01:18:00.000Z,215.51,GBP,email,ext-003714
customer-0116,2026-04-19T01:25:00.000Z,216.52,UAH,pos,
customer-0117,2026-04-19T01:32:00.000Z,217.53,USD,web,
customer-0118,2026-04-19T01:39:00.000Z,218.54,EUR,mobile,ext-003717
customer-0119,2026-04-19T01:46:00.000Z,219.55,GBP,email,
customer-0120,2026-04-19T01:53:00.000Z,220.56,UAH,pos,
customer-0121,2026-04-19T02:00:00.000Z,221.57,USD,web,ext-003720
customer-0122,2026-04-19T02:07:00.000Z,222.58,EUR,mobile,
customer-0123,2026-04-19T02:14:00.000Z,223.59,GBP,email,
customer-0124,2026-04-19T02:21:00.000Z,224.60,UAH,pos,ext-003723
customer-0125,2026-04-19T02:28:00.000Z,225.61,USD,web,
customer-0126,2026-04-19T02:35:00.000Z,226.62,EUR,mobile,
customer-0127,2026-04-19T02:42:00.000Z,227.63,GBP,email,ext-003726
customer-0128,2026-04-19T02:49:00.000Z,228.64,UAH,pos,
customer-0129,2026-04-19T02:56:00.000Z,229.65,USD,web,
customer-0130,2026-04-19T03:03:00.000Z,230.66,EUR,mobile,ext-003729
customer-0131,2026-04-19T03:10:00.000Z,231.67,GBP,email,
customer-0132,2026-04-19T03:17:00.000Z,232.68,UAH,pos,
customer-0133,2026-04-19T03:24:00.000Z,233.69,USD,web,ext-003732
customer-0134,2026-04-19T03:31:00.000Z,234.70,EUR,mobile,
customer-0135,2026-04-19T03:38:00.000Z,235.71,GBP,email,
customer-0136,2026-04-19T03:45:00.000Z,236.72,UAH,pos,ext-003735
customer-0137,2026-04-19T03:52:00.000Z,237.73,USD,web,
customer-0138,2026-04-19T03:59:00.000Z,238.74,EUR,mobile,
customer-0139,2026-04-19T04:06:00.000Z,239.75,GBP,email,ext-003738
customer-0140,2026-04-19T04:13:00.000Z,240.76,UAH,pos,
customer-0141,2026-04-19T04:20:00.000Z,241.77,USD,web,
customer-0142,2026-04-19T04:27:00.000Z,242.78,EUR,mobile,ext-003741
customer-0143,2026-04-19T04:34:00.000Z,243.79,GBP,email,
customer-0144,2026-04-19T04:41:00.000Z,244.80,UAH,pos,
customer-0145,2026-04-19T04:48:00.000Z,245.81,USD,web,ext-003744
customer-0146,2026-04-19T04:55:00.000Z,246.82,EUR,mobile,
customer-0147,2026-04-19T05:02:00.000Z,247.83,GBP,email,
customer-0148,2026-04-19T05:09:00.000Z,248.84,UAH,pos,ext-003747
customer-0149,2026-04-19T05:16:00.000Z,249.85,USD,web,
customer-0150,2026-04-19T05:23:00.000Z,250.86,EUR,mobile,
customer-0151,2026-04-19T05:30:00.000Z,251.87,GBP,email,ext-003750
customer-0152,2026-04-19T05:37:00.000Z,252.88,UAH,pos,
customer-0153,2026-04-19T05:44:00.000Z,253.89,USD,web,
customer-0154,2026-04-19T05:51:00.000Z,254.90,EUR,mobile,ext-003753
customer-0155,2026-04-19T05:58:00.000Z,255.91,GBP,email,
customer-0156,2026-04-19T06:05:00.000Z,256.92,UAH,pos,
customer-0157,2026-04-19T06:12:00.000Z,257.93,USD,web,ext-003756
customer-0158,2026-04-19T06:19:00.000Z,258.94,EUR,mobile,
customer-0159,2026-04-19T06:26:00.000Z,259.95,GBP,email,
customer-0160,2026-04-19T06:33:00.000Z,260.96,UAH,pos,ext-003759
customer-0161,2026-04-19T06:40:00.000Z,261.97,USD,web,
customer-0162,2026-04-19T06:47:00.000Z,262.98,EUR,mobile,
customer-0163,2026-04-19T06:54:00.000Z,263.00,GBP,email,ext-003762
customer-0164,2026-04-19T07:01:00.000Z,264.01,UAH,pos,
customer-0165,2026-04-19T07:08:00.000Z,265.02,USD,web,
customer-0166,2026-04-19T07:15:00.000Z,266.03,EUR,mobile,ext-003765
customer-0167,2026-04-19T07:22:00.000Z,267.04,GBP,email,
customer-0168,2026-04-19T07:29:00.000Z,268.05,UAH,pos,
customer-0169,2026-04-19T07:36:00.000Z,269.06,USD,web,ext-003768
customer-0170,2026-04-19T07:43:00.000Z,270.07,EUR,mobile,
customer-0171,2026-04-19T07:50:00.000Z,271.08,GBP,email,
customer-0172,2026-04-19T07:57:00.000Z,272.09,UAH,pos,ext-003771
customer-0173,2026-04-19T08:04:00.000Z,273.10,USD,web,
customer-0174,2026-04-19T08:11:00.000Z,274.11,EUR,mobile,
customer-0175,2026-04-19T08:18:00.000Z,275.12,GBP,email,ext-003774
customer-0176,2026-04-19T08:25:00.000Z,276.13,UAH,pos,
customer-0177,2026-04-19T08:32:00.000Z,277.14,USD,web,
customer-0178,2026-04-19T08:39:00.000Z,278.15,EUR,mobile,ext-003777
customer-0179,2026-04-19T08:46:00.000Z,279.16,GBP,email,
customer-0180,2026-04-19T08:53:00.000Z,280.17,UAH,pos,
customer-0181,2026-04-19T09:00:00.000Z,281.18,USD,web,ext-003780
customer-0182,2026-04-19T09:07:00.000Z,282.19,EUR,mobile,
customer-0183,2026-04-19T09:14:00.000Z,283.20,GBP,email,
customer-0184,2026-04-19T09:21:00.000Z,284.21,UAH,pos,ext-003783
customer-0185,2026-04-19T09:28:00.000Z,285.22,USD,web,
customer-0186,2026-04-19T09:35:00.000Z,286.23,EUR,mobile,
customer-0187,2026-04-19T09:42:00.000Z,287.24,GBP,email,ext-003786
customer-0188,2026-04-19T09:49:00.000Z,288.25,UAH,pos,
customer-0189,2026-04-19T09:56:00.000Z,289.26,USD,web,
customer-0190,2026-04-19T10:03:00.000Z,290.27,EUR,mobile,ext-003789
customer-0191,2026-04-19T10:10:00.000Z,291.28,GBP,email,
customer-0192,2026-04-19T10:17:00.000Z,292.29,UAH,pos,
customer-0193,2026-04-19T10:24:00.000Z,293.30,USD,web,ext-003792
customer-0194,2026-04-19T10:31:00.000Z,294.31,EUR,mobile,
customer-0195,2026-04-19T10:38:00.000Z,295.32,GBP,email,
customer-0196,2026-04-19T10:45:00.000Z,296.33,UAH,pos,ext-003795
customer-0197,2026-04-19T10:52:00.000Z,297.34,USD,web,
customer-0198,2026-04-19T10:59:00.000Z,298.35,EUR,mobile,
customer-0199,2026-04-19T11:06:00.000Z,299.36,GBP,email,ext-003798
customer-0200,2026-04-19T11:13:00.000Z,300.37,UAH,pos,
customer-0201,2026-04-19T11:20:00.000Z,301.38,USD,web,
customer-0202,2026-04-19T11:27:00.000Z,302.39,EUR,mobile,ext-003801
customer-0203,2026-04-19T11:34:00.000Z,303.40,GBP,email,
customer-0204,2026-04-19T11:41:00.000Z,304.41,UAH,pos,
customer-0205,2026-04-19T11:48:00.000Z,305.42,USD,web,ext-003804
customer-0206,2026-04-19T11:55:00.000Z,306.43,EUR,mobile,
customer-0207,2026-04-19T12:02:00.000Z,307.44,GBP,email,
customer-0208,2026-04-19T12:09:00.000Z,308.45,UAH,pos,ext-003807
customer-0209,2026-04-19T12:16:00.000Z,309.46,USD,web,
customer-0210,2026-04-19T12:23:00.000Z,310.47,EUR,mobile,
customer-0211,2026-04-19T12:30:00.000Z,311.48,GBP,email,ext-003810
customer-0212,2026-04-19T12:37:00.000Z,312.49,UAH,pos,
customer-0213,2026-04-19T12:44:00.000Z,313.50,USD,web,
customer-0214,2026-04-19T12:51:00.000Z,314.51,EUR,mobile,ext-003813
customer-0215,2026-04-19T12:58:00.000Z,315.52,GBP,email,
customer-0216,2026-04-19T13:05:00.000Z,316.53,UAH,pos,
customer-0217,2026-04-19T13:12:00.000Z,317.54,USD,web,ext-003816
customer-0218,2026-04-19T13:19:00.000Z,318.55,EUR,mobile,
customer-0219,2026-04-19T13:26:00.000Z,319.56,GBP,email,
customer-0220,2026-04-19T13:33:00.000Z,320.57,UAH,pos,ext-003819
customer-0221,2026-04-19T13:40:00.000Z,321.58,USD,web,
customer-0222,2026-04-19T13:47:00.000Z,322.59,EUR,mobile,
customer-0223,2026-04-19T13:54:00.000Z,323.60,GBP,email,ext-003822
customer-0224,2026-04-19T14:01:00.000Z,324.61,UAH,pos,
customer-0225,2026-04-19T14:08:00.000Z,325.62,USD,web,
customer-0226,2026-04-19T14:15:00.000Z,326.63,EUR,mobile,ext-003825
customer-0227,2026-04-19T14:22:00.000Z,327.64,GBP,email,
customer-0228,2026-04-19T14:29:00.000Z,328.65,UAH,pos,
customer-0229,2026-04-19T14:36:00.000Z,329.66,USD,web,ext-003828
customer-0230,2026-04-19T14:43:00.000Z,330.67,EUR,mobile,
customer-0231,2026-04-19T14:50:00.000Z,331.68,GBP,email,
customer-0232,2026-04-19T14:57:00.000Z,332.69,UAH,pos,ext-003831
customer-0233,2026-04-19T15:04:00.000Z,333.70,USD,web,
customer-0234,2026-04-19T15:11:00.000Z,334.71,EUR,mobile,
customer-0235,2026-04-19T15:18:00.000Z,335.72,GBP,email,ext-003834
customer-0236,2026-04-19T15:25:00.000Z,336.73,UAH,pos,
customer-0237,2026-04-19T15:32:00.000Z,337.74,USD,web,
customer-0238,2026-04-19T15:39:00.000Z,338.75,EUR,mobile,ext-003837
customer-0239,2026-04-19T15:46:00.000Z,339.76,GBP,email,
customer-0240,2026-04-19T15:53:00.000Z,340.77,UAH,pos,
customer-0241,2026-04-19T16:00:00.000Z,341.78,USD,web,ext-003840
customer-0242,2026-04-19T16:07:00.000Z,342.79,EUR,mobile,
customer-0243,2026-04-19T16:14:00.000Z,343.80,GBP,email,
customer-0244,2026-04-19T16:21:00.000Z,344.81,UAH,pos,ext-003843
customer-0245,2026-04-19T16:28:00.000Z,345.82,USD,web,
customer-0246,2026-04-19T16:35:00.000Z,346.83,EUR,mobile,
customer-0247,2026-04-19T16:42:00.000Z,347.84,GBP,email,ext-003846
customer-0248,2026-04-19T16:49:00.000Z,348.85,UAH,pos,
customer-0249,2026-04-19T16:56:00.000Z,349.86,USD,web,
customer-0250,2026-04-19T17:03:00.000Z,350.87,EUR,mobile,ext-003849
customer-0251,2026-04-19T17:10:00.000Z,351.88,GBP,email,
customer-0252,2026-04-19T17:17:00.000Z,352.89,UAH,pos,
customer-0253,2026-04-19T17:24:00.000Z,353.90,USD,web,ext-003852
customer-0254,2026-04-19T17:31:00.000Z,354.91,EUR,mobile,
customer-0255,2026-04-19T17:38:00.000Z,355.92,GBP,email,
customer-0256,2026-04-19T17:45:00.000Z,356.93,UAH,pos,ext-003855
customer-0257,2026-04-19T17:52:00.000Z,357.94,USD,web,
customer-0258,2026-04-19T17:59:00.000Z,358.95,EUR,mobile,
customer-0259,2026-04-19T18:06:00.000Z,359.96,GBP,email,ext-003858
customer-0260,2026-04-19T18:13:00.000Z,360.97,UAH,pos,
customer-0261,2026-04-19T18:20:00.000Z,361.98,USD,web,
customer-0262,2026-04-19T18:27:00.000Z,362.00,EUR,mobile,ext-003861
customer-0263,2026-04-19T18:34:00.000Z,363.01,GBP,email,
customer-0264,2026-04-19T18:41:00.000Z,364.02,UAH,pos,
customer-0265,2026-04-19T18:48:00.000Z,365.03,USD,web,ext-003864
customer-0266,2026-04-19T18:55:00.000Z,366.04,EUR,mobile,
customer-0267,2026-04-19T19:02:00.000Z,367.05,GBP,email,
customer-0268,2026-04-19T19:09:00.000Z,368.06,UAH,pos,ext-003867
customer-0269,2026-04-19T19:16:00.000Z,369.07,USD,web,
customer-0270,2026-04-19T19:23:00.000Z,370.08,EUR,mobile,
customer-0271,2026-04-19T19:30:00.000Z,371.09,GBP,email,ext-003870
customer-0272,2026-04-19T19:37:00.000Z,372.10,UAH,pos,
customer-0273,2026-04-19T19:44:00.000Z,373.11,USD,web,
customer-0274,2026-04-19T19:51:00.000Z,374.12,EUR,mobile,ext-003873
customer-0275,2026-04-19T19:58:00.000Z,375.13,GBP,email,
customer-0276,2026-04-19T20:05:00.000Z,376.14,UAH,pos,
customer-0277,2026-04-19T20:12:00.000Z,377.15,USD,web,ext-003876
customer-0278,2026-04-19T20:19:00.000Z,378.16,EUR,mobile,
customer-0279,2026-04-19T20:26:00.000Z,379.17,GBP,email,
customer-0280,2026-04-19T20:33:00.000Z,380.18,UAH,pos,ext-003879
customer-0281,2026-04-19T20:40:00.000Z,381.19,USD,web,
customer-0282,2026-04-19T20:47:00.000Z,382.20,EUR,mobile,
customer-0283,2026-04-19T20:54:00.000Z,383.21,GBP,email,ext-003882
customer-0284,2026-04-19T21:01:00.000Z,384.22,UAH,pos,
customer-0285,2026-04-19T21:08:00.000Z,385.23,USD,web,
customer-0286,2026-04-19T21:15:00.000Z,386.24,EUR,mobile,ext-003885
customer-0287,2026-04-19T21:22:00.000Z,387.25,GBP,email,
customer-0288,2026-04-19T21:29:00.000Z,388.26,UAH,pos,
customer-0289,2026-04-19T21:36:00.000Z,389.27,USD,web,ext-003888
customer-0290,2026-04-19T21:43:00.000Z,390.28,EUR,mobile,
customer-0291,2026-04-19T21:50:00.000Z,391.29,GBP,email,
customer-0292,2026-04-19T21:57:00.000Z,392.30,UAH,pos,ext-003891
customer-0293,2026-04-19T22:04:00.000Z,393.31,USD,web,
customer-0294,2026-04-19T22:11:00.000Z,394.32,EUR,mobile,
customer-0295,2026-04-19T22:18:00.000Z,395.33,GBP,email,ext-003894
customer-0296,2026-04-19T22:25:00.000Z,396.34,UAH,pos,
customer-0297,2026-04-19T22:32:00.000Z,397.35,USD,web,
customer-0298,2026-04-19T22:39:00.000Z,398.36,EUR,mobile,ext-003897
customer-0299,2026-04-19T22:46:00.000Z,399.37,GBP,email,
customer-0300,2026-04-19T22:53:00.000Z,400.38,UAH,pos,
customer-0301,2026-04-19T23:00:00.000Z,401.39,USD,web,ext-003900
customer-0302,2026-04-19T23:07:00.000Z,402.40,EUR,mobile,
customer-0303,2026-04-19T23:14:00.000Z,403.41,GBP,email,
customer-0304,2026-04-19T23:21:00.000Z,404.42,UAH,pos,ext-003903
customer-0305,2026-04-19T23:28:00.000Z,405.43,USD,web,
customer-0306,2026-04-19T23:35:00.000Z,406.44,EUR,mobile,
customer-0307,2026-04-19T23:42:00.000Z,407.45,GBP,email,ext-003906
customer-0308,2026-04-19T23:49:00.000Z,408.46,UAH,pos,
customer-0309,2026-04-19T23:56:00.000Z,409.47,USD,web,
customer-0310,2026-04-20T00:03:00.000Z,410.48,EUR,mobile,ext-003909
customer-0311,2026-04-20T00:10:00.000Z,411.49,GBP,email,
customer-0312,2026-04-20T00:17:00.000Z,412.50,UAH,pos,
customer-0313,2026-04-20T00:24:00.000Z,413.51,USD,web,ext-003912
customer-0314,2026-04-20T00:31:00.000Z,414.52,EUR,mobile,
customer-0315,2026-04-20T00:38:00.000Z,415.53,GBP,email,
customer-0316,2026-04-20T00:45:00.000Z,416.54,UAH,pos,ext-003915
customer-0317,2026-04-20T00:52:00.000Z,417.55,USD,web,
customer-0318,2026-04-20T00:59:00.000Z,418.56,EUR,mobile,
customer-0319,2026-04-20T01:06:00.000Z,419.57,GBP,email,ext-003918
customer-0320,2026-04-20T01:13:00.000Z,420.58,UAH,pos,
customer-0321,2026-04-20T01:20:00.000Z,421.59,USD,web,
customer-0322,2026-04-20T01:27:00.000Z,422.60,EUR,mobile,ext-003921
customer-0323,2026-04-20T01:34:00.000Z,423.61,GBP,email,
customer-0324,2026-04-20T01:41:00.000Z,424.62,UAH,pos,
customer-0325,2026-04-20T01:48:00.000Z,425.63,USD,web,ext-003924
customer-0326,2026-04-20T01:55:00.000Z,426.64,EUR,mobile,
customer-0327,2026-04-20T02:02:00.000Z,427.65,GBP,email,
customer-0328,2026-04-20T02:09:00.000Z,428.66,UAH,pos,ext-003927
customer-0329,2026-04-20T02:16:00.000Z,429.67,USD,web,
customer-0330,2026-04-20T02:23:00.000Z,430.68,EUR,mobile,
customer-0331,2026-04-20T02:30:00.000Z,431.69,GBP,email,ext-003930
customer-0332,2026-04-20T02:37:00.000Z,432.70,UAH,pos,
customer-0333,2026-04-20T02:44:00.000Z,433.71,USD,web,
customer-0334,2026-04-20T02:51:00.000Z,434.72,EUR,mobile,ext-003933
customer-0335,2026-04-20T02:58:00.000Z,435.73,GBP,email,
customer-0336,2026-04-20T03:05:00.000Z,436.74,UAH,pos,
customer-0337,2026-04-20T03:12:00.000Z,437.75,USD,web,ext-003936
customer-0338,2026-04-20T03:19:00.000Z,438.76,EUR,mobile,
customer-0339,2026-04-20T03:26:00.000Z,439.77,GBP,email,
customer-0340,2026-04-20T03:33:00.000Z,440.78,UAH,pos,ext-003939
customer-0341,2026-04-20T03:40:00.000Z,441.79,USD,web,
customer-0342,2026-04-20T03:47:00.000Z,442.80,EUR,mobile,
customer-0343,2026-04-20T03:54:00.000Z,443.81,GBP,email,ext-003942
customer-0344,2026-04-20T04:01:00.000Z,444.82,UAH,pos,
customer-0345,2026-04-20T04:08:00.000Z,445.83,USD,web,
customer-0346,2026-04-20T04:15:00.000Z,446.84,EUR,mobile,ext-003945
customer-0347,2026-04-20T04:22:00.000Z,447.85,GBP,email,
customer-0348,2026-04-20T04:29:00.000Z,448.86,UAH,pos,
customer-0349,2026-04-20T04:36:00.000Z,449.87,USD,web,ext-003948
customer-0350,2026-04-20T04:43:00.000Z,450.88,EUR,mobile,
customer-0351,2026-04-20T04:50:00.000Z,451.89,GBP,email,
customer-0352,2026-04-20T04:57:00.000Z,452.90,UAH,pos,ext-003951
customer-0353,2026-04-20T05:04:00.000Z,453.91,USD,web,
customer-0354,2026-04-20T05:11:00.000Z,454.92,EUR,mobile,
customer-0355,2026-04-20T05:18:00.000Z,455.93,GBP,email,ext-003954
customer-0356,2026-04-20T05:25:00.000Z,456.94,UAH,pos,
customer-0357,2026-04-20T05:32:00.000Z,457.95,USD,web,
customer-0358,2026-04-20T05:39:00.000Z,458.96,EUR,mobile,ext-003957
customer-0359,2026-04-20T05:46:00.000Z,459.97,GBP,email,
customer-0360,2026-04-20T05:53:00.000Z,460.98,UAH,pos,
customer-0361,2026-04-20T06:00:00.000Z,461.00,USD,web,ext-003960
customer-0362,2026-04-20T06:07:00.000Z,462.01,EUR,mobile,
customer-0363,2026-04-20T06:14:00.000Z,463.02,GBP,email,
customer-0364,2026-04-20T06:21:00.000Z,464.03,UAH,pos,ext-003963
customer-0365,2026-04-20T06:28:00.000Z,465.04,USD,web,
customer-0366,2026-04-20T06:35:00.000Z,466.05,EUR,mobile,
customer-0367,2026-04-20T06:42:00.000Z,467.06,GBP,email,ext-003966
customer-0368,2026-04-20T06:49:00.000Z,468.07,UAH,pos,
customer-0369,2026-04-20T06:56:00.000Z,469.08,USD,web,
customer-0370,2026-04-20T07:03:00.000Z,470.09,EUR,mobile,ext-003969
customer-0371,2026-04-20T07:10:00.000Z,471.10,GBP,email,
customer-0372,2026-04-20T07:17:00.000Z,472.11,UAH,pos,
customer-0373,2026-04-20T07:24:00.000Z,473.12,USD,web,ext-003972
customer-0374,2026-04-20T07:31:00.000Z,474.13,EUR,mobile,
customer-0375,2026-04-20T07:38:00.000Z,475.14,GBP,email,
customer-0376,2026-04-20T07:45:00.000Z,476.15,UAH,pos,ext-003975
customer-0377,2026-04-20T07:52:00.000Z,477.16,USD,web,
customer-0378,2026-04-20T07:59:00.000Z,478.17,EUR,mobile,
customer-0379,2026-04-20T08:06:00.000Z,479.18,GBP,email,ext-003978
customer-0380,2026-04-20T08:13:00.000Z,480.19,UAH,pos,
customer-0381,2026-04-20T08:20:00.000Z,481.20,USD,web,
customer-0382,2026-04-20T08:27:00.000Z,482.21,EUR,mobile,ext-003981
customer-0383,2026-04-20T08:34:00.000Z,483.22,GBP,email,
customer-0384,2026-04-20T08:41:00.000Z,484.23,UAH,pos,
customer-0385,2026-04-20T08:48:00.000Z,485.24,USD,web,ext-003984
customer-0386,2026-04-20T08:55:00.000Z,486.25,EUR,mobile,
customer-0387,2026-04-20T09:02:00.000Z,487.26,GBP,email,
customer-0388,2026-04-20T09:09:00.000Z,488.27,UAH,pos,ext-003987
customer-0389,2026-04-20T09:16:00.000Z,489.28,USD,web,
customer-0390,2026-04-20T09:23:00.000Z,490.29,EUR,mobile,
customer-0391,2026-04-20T09:30:00.000Z,491.30,GBP,email,ext-003990
customer-0392,2026-04-20T09:37:00.000Z,492.31,UAH,pos,
customer-0393,2026-04-20T09:44:00.000Z,493.32,USD,web,
customer-0394,2026-04-20T09:51:00.000Z,494.33,EUR,mobile,ext-003993
customer-0395,2026-04-20T09:58:00.000Z,495.34,GBP,email,
customer-0396,2026-04-20T10:05:00.000Z,496.35,UAH,pos,
customer-0397,2026-04-20T10:12:00.000Z,497.36,USD,web,ext-003996
customer-0398,2026-04-20T10:19:00.000Z,498.37,EUR,mobile,
customer-0399,2026-04-20T10:26:00.000Z,499.38,GBP,email,
customer-0400,2026-04-20T10:33:00.000Z,500.39,UAH,pos,ext-003999
customer-0401,2026-04-20T10:40:00.000Z,1.40,USD,web,
customer-0402,2026-04-20T10:47:00.000Z,2.41,EUR,mobile,
customer-0403,2026-04-20T10:54:00.000Z,3.42,GBP,email,ext-004002
customer-0404,2026-04-20T11:01:00.000Z,4.43,UAH,pos,
customer-0405,2026-04-20T11:08:00.000Z,5.44,USD,web,
customer-0406,2026-04-20T11:15:00.000Z,6.45,EUR,mobile,ext-004005
customer-0407,2026-04-20T11:22:00.000Z,7.46,GBP,email,
customer-0408,2026-04-20T11:29:00.000Z,8.47,UAH,pos,
customer-0409,2026-04-20T11:36:00.000Z,9.48,USD,web,ext-004008
customer-0410,2026-04-20T11:43:00.000Z,10.49,EUR,mobile,
customer-0411,2026-04-20T11:50:00.000Z,11.50,GBP,email,
customer-0412,2026-04-20T11:57:00.000Z,12.51,UAH,pos,ext-004011
customer-0413,2026-04-20T12:04:00.000Z,13.52,USD,web,
customer-0414,2026-04-20T12:11:00.000Z,14.53,EUR,mobile,
customer-0415,2026-04-20T12:18:00.000Z,15.54,GBP,email,ext-004014
customer-0416,2026-04-20T12:25:00.000Z,16.55,UAH,pos,
customer-0417,2026-04-20T12:32:00.000Z,17.56,USD,web,
customer-0418,2026-04-20T12:39:00.000Z,18.57,EUR,mobile,ext-004017
customer-0419,2026-04-20T12:46:00.000Z,19.58,GBP,email,
customer-0420,2026-04-20T12:53:00.000Z,20.59,UAH,pos,
customer-0421,2026-04-20T13:00:00.000Z,21.60,USD,web,ext-004020
customer-0422,2026-04-20T13:07:00.000Z,22.61,EUR,mobile,
customer-0423,2026-04-20T13:14:00.000Z,23.62,GBP,email,
customer-0424,2026-04-20T13:21:00.000Z,24.63,UAH,pos,ext-004023
customer-0425,2026-04-20T13:28:00.000Z,25.64,USD,web,
customer-0426,2026-04-20T13:35:00.000Z,26.65,EUR,mobile,
customer-0427,2026-04-20T13:42:00.000Z,27.66,GBP,email,ext-004026
customer-0428,2026-04-20T13:49:00.000Z,28.67,UAH,pos,
customer-0429,2026-04-20T13:56:00.000Z,29.68,USD,web,
customer-0430,2026-04-20T14:03:00.000Z,30.69,EUR,mobile,ext-004029
customer-0431,2026-04-20T14:10:00.000Z,31.70,GBP,email,
customer-0432,2026-04-20T14:17:00.000Z,32.71,UAH,pos,
customer-0433,2026-04-20T14:24:00.000Z,33.72,USD,web,ext-004032
customer-0434,2026-04-20T14:31:00.000Z,34.73,EUR,mobile,
customer-0435,2026-04-20T14:38:00.000Z,35.74,GBP,email,
customer-0436,2026-04-20T14:45:00.000Z,36.75,UAH,pos,ext-004035
customer-0437,2026-04-20T14:52:00.000Z,37.76,USD,web,
customer-0438,2026-04-20T14:59:00.000Z,38.77,EUR,mobile,
customer-0439,2026-04-20T15:06:00.000Z,39.78,GBP,email,ext-004038
customer-0440,2026-04-20T15:13:00.000Z,40.79,UAH,pos,
customer-0441,2026-04-20T15:20:00.000Z,41.80,USD,web,
customer-0442,2026-04-20T15:27:00.000Z,42.81,EUR,mobile,ext-004041
customer-0443,2026-04-20T15:34:00.000Z,43.82,GBP,email,
customer-0444,2026-04-20T15:41:00.000Z,44.83,UAH,pos,
customer-0445,2026-04-20T15:48:00.000Z,45.84,USD,web,ext-004044
customer-0446,2026-04-20T15:55:00.000Z,46.85,EUR,mobile,
customer-0447,2026-04-20T16:02:00.000Z,47.86,GBP,email,
customer-0448,2026-04-20T16:09:00.000Z,48.87,UAH,pos,ext-004047
customer-0449,2026-04-20T16:16:00.000Z,49.88,USD,web,
customer-0450,2026-04-20T16:23:00.000Z,50.89,EUR,mobile,
customer-0451,2026-04-20T16:30:00.000Z,51.90,GBP,email,ext-004050
customer-0452,2026-04-20T16:37:00.000Z,52.91,UAH,pos,
customer-0453,2026-04-20T16:44:00.000Z,53.92,USD,web,
customer-0454,2026-04-20T16:51:00.000Z,54.93,EUR,mobile,ext-004053
customer-0455,2026-04-20T16:58:00.000Z,55.94,GBP,email,
customer-0456,2026-04-20T17:05:00.000Z,56.95,UAH,pos,
customer-0457,2026-04-20T17:12:00.000Z,57.96,USD,web,ext-004056
customer-0458,2026-04-20T17:19:00.000Z,58.97,EUR,mobile,
customer-0459,2026-04-20T17:26:00.000Z,59.98,GBP,email,
customer-0460,2026-04-20T17:33:00.000Z,60.00,UAH,pos,ext-004059
customer-0461,2026-04-20T17:40:00.000Z,61.01,USD,web,
customer-0462,2026-04-20T17:47:00.000Z,62.02,EUR,mobile,
customer-0463,2026-04-20T17:54:00.000Z,63.03,GBP,email,ext-004062
customer-0464,2026-04-20T18:01:00.000Z,64.04,UAH,pos,
customer-0465,2026-04-20T18:08:00.000Z,65.05,USD,web,
customer-0466,2026-04-20T18:15:00.000Z,66.06,EUR,mobile,ext-004065
customer-0467,2026-04-20T18:22:00.000Z,67.07,GBP,email,
customer-0468,2026-04-20T18:29:00.000Z,68.08,UAH,pos,
customer-0469,2026-04-20T18:36:00.000Z,69.09,USD,web,ext-004068
customer-0470,2026-04-20T18:43:00.000Z,70.10,EUR,mobile,
customer-0471,2026-04-20T18:50:00.000Z,71.11,GBP,email,
customer-0472,2026-04-20T18:57:00.000Z,72.12,UAH,pos,ext-004071
customer-0473,2026-04-20T19:04:00.000Z,73.13,USD,web,
customer-0474,2026-04-20T19:11:00.000Z,74.14,EUR,mobile,
customer-0475,2026-04-20T19:18:00.000Z,75.15,GBP,email,ext-004074
customer-0476,2026-04-20T19:25:00.000Z,76.16,UAH,pos,
customer-0477,2026-04-20T19:32:00.000Z,77.17,USD,web,
customer-0478,2026-04-20T19:39:00.000Z,78.18,EUR,mobile,ext-004077
customer-0479,2026-04-20T19:46:00.000Z,79.19,GBP,email,
customer-0480,2026-04-20T19:53:00.000Z,80.20,UAH,pos,
customer-0481,2026-04-20T20:00:00.000Z,81.21,USD,web,ext-004080
customer-0482,2026-04-20T20:07:00.000Z,82.22,EUR,mobile,
customer-0483,2026-04-20T20:14:00.000Z,83.23,GBP,email,
customer-0484,2026-04-20T20:21:00.000Z,84.24,UAH,pos,ext-004083
customer-0485,2026-04-20T20:28:00.000Z,85.25,USD,web,
customer-0486,2026-04-20T20:35:00.000Z,86.26,EUR,mobile,
customer-0487,2026-04-20T20:42:00.000Z,87.27,GBP,email,ext-004086
customer-0488,2026-04-20T20:49:00.000Z,88.28,UAH,pos,
customer-0489,2026-04-20T20:56:00.000Z,89.29,USD,web,
customer-0490,2026-04-20T21:03:00.000Z,90.30,EUR,mobile,ext-004089
customer-0491,2026-04-20T21:10:00.000Z,91.31,GBP,email,
customer-0492,2026-04-20T21:17:00.000Z,92.32,UAH,pos,
customer-0493,2026-04-20T21:24:00.000Z,93.33,USD,web,ext-004092
customer-0494,2026-04-20T21:31:00.000Z,94.34,EUR,mobile,
customer-0495,2026-04-20T21:38:00.000Z,95.35,GBP,email,
customer-0496,2026-04-20T21:45:00.000Z,96.36,UAH,pos,ext-004095
customer-0497,2026-04-20T21:52:00.000Z,97.37,USD,web,
customer-0498,2026-04-20T21:59:00.000Z,98.38,EUR,mobile,
customer-0499,2026-04-20T22:06:00.000Z,99.39,GBP,email,ext-004098
customer-0500,2026-04-20T22:13:00.000Z,100.40,UAH,pos,
customer-0501,2026-04-20T22:20:00.000Z,101.41,USD,web,
customer-0502,2026-04-20T22:27:00.000Z,102.42,EUR,mobile,ext-004101
customer-0503,2026-04-20T22:34:00.000Z,103.43,GBP,email,
customer-0504,2026-04-20T22:41:00.000Z,104.44,UAH,pos,
customer-0505,2026-04-20T22:48:00.000Z,105.45,USD,web,ext-004104
customer-0506,2026-04-20T22:55:00.000Z,106.46,EUR,mobile,
customer-0507,2026-04-20T23:02:00.000Z,107.47,GBP,email,
customer-0508,2026-04-20T23:09:00.000Z,108.48,UAH,pos,ext-004107
customer-0509,2026-04-20T23:16:00.000Z,109.49,USD,web,
customer-0510,2026-04-20T23:23:00.000Z,110.50,EUR,mobile,
customer-0511,2026-04-20T23:30:00.000Z,111.51,GBP,email,ext-004110
customer-0512,2026-04-20T23:37:00.000Z,112.52,UAH,pos,
customer-0513,2026-04-20T23:44:00.000Z,113.53,USD,web,
customer-0514,2026-04-20T23:51:00.000Z,114.54,EUR,mobile,ext-004113
customer-0515,2026-04-20T23:58:00.000Z,115.55,GBP,email,
customer-0516,2026-04-21T00:05:00.000Z,116.56,UAH,pos,
customer-0517,2026-04-21T00:12:00.000Z,117.57,USD,web,ext-004116
customer-0518,2026-04-21T00:19:00.000Z,118.58,EUR,mobile,
customer-0519,2026-04-21T00:26:00.000Z,119.59,GBP,email,
customer-0520,2026-04-21T00:33:00.000Z,120.60,UAH,pos,ext-004119
customer-0521,2026-04-21T00:40:00.000Z,121.61,USD,web,
customer-0522,2026-04-21T00:47:00.000Z,122.62,EUR,mobile,
customer-0523,2026-04-21T00:54:00.000Z,123.63,GBP,email,ext-004122
customer-0524,2026-04-21T01:01:00.000Z,124.64,UAH,pos,
customer-0525,2026-04-21T01:08:00.000Z,125.65,USD,web,
customer-0526,2026-04-21T01:15:00.000Z,126.66,EUR,mobile,ext-004125
customer-0527,2026-04-21T01:22:00.000Z,127.67,GBP,email,
customer-0528,2026-04-21T01:29:00.000Z,128.68,UAH,pos,
customer-0529,2026-04-21T01:36:00.000Z,129.69,USD,web,ext-004128
customer-0530,2026-04-21T01:43:00.000Z,130.70,EUR,mobile,
customer-0531,2026-04-21T01:50:00.000Z,131.71,GBP,email,
customer-0532,2026-04-21T01:57:00.000Z,132.72,UAH,pos,ext-004131
customer-0533,2026-04-21T02:04:00.000Z,133.73,USD,web,
customer-0534,2026-04-21T02:11:00.000Z,134.74,EUR,mobile,
customer-0535,2026-04-21T02:18:00.000Z,135.75,GBP,email,ext-004134
customer-0536,2026-04-21T02:25:00.000Z,136.76,UAH,pos,
customer-0537,2026-04-21T02:32:00.000Z,137.77,USD,web,
customer-0538,2026-04-21T02:39:00.000Z,138.78,EUR,mobile,ext-004137
customer-0539,2026-04-21T02:46:00.000Z,139.79,GBP,email,
customer-0540,2026-04-21T02:53:00.000Z,140.80,UAH,pos,
customer-0541,2026-04-21T03:00:00.000Z,141.81,USD,web,ext-004140
customer-0542,2026-04-21T03:07:00.000Z,142.82,EUR,mobile,
customer-0543,2026-04-21T03:14:00.000Z,143.83,GBP,email,
customer-0544,2026-04-21T03:21:00.000Z,144.84,UAH,pos,ext-004143
customer-0545,2026-04-21T03:28:00.000Z,145.85,USD,web,
customer-0546,2026-04-21T03:35:00.000Z,146.86,EUR,mobile,
customer-0547,2026-04-21T03:42:00.000Z,147.87,GBP,email,ext-004146
customer-0548,2026-04-21T03:49:00.000Z,148.88,UAH,pos,
customer-0549,2026-04-21T03:56:00.000Z,149.89,USD,web,
customer-0550,2026-04-21T04:03:00.000Z,150.90,EUR,mobile,ext-004149
customer-0551,2026-04-21T04:10:00.000Z,151.91,GBP,email,
customer-0552,2026-04-21T04:17:00.000Z,152.92,UAH,pos,
customer-0553,2026-04-21T04:24:00.000Z,153.93,USD,web,ext-004152
customer-0554,2026-04-21T04:31:00.000Z,154.94,EUR,mobile,
customer-0555,2026-04-21T04:38:00.000Z,155.95,GBP,email,
customer-0556,2026-04-21T04:45:00.000Z,156.96,UAH,pos,ext-004155
customer-0557,2026-04-21T04:52:00.000Z,157.97,USD,web,
customer-0558,2026-04-21T04:59:00.000Z,158.98,EUR,mobile,
customer-0559,2026-04-21T05:06:00.000Z,159.00,GBP,email,ext-004158
customer-0560,2026-04-21T05:13:00.000Z,160.01,UAH,pos,
customer-0561,2026-04-21T05:20:00.000Z,161.02,USD,web,
customer-0562,2026-04-21T05:27:00.000Z,162.03,EUR,mobile,ext-004161
customer-0563,2026-04-21T05:34:00.000Z,163.04,GBP,email,
customer-0564,2026-04-21T05:41:00.000Z,164.05,UAH,pos,
customer-0565,2026-04-21T05:48:00.000Z,165.06,USD,web,ext-004164
customer-0566,2026-04-21T05:55:00.000Z,166.07,EUR,mobile,
customer-0567,2026-04-21T06:02:00.000Z,167.08,GBP,email,
customer-0568,2026-04-21T06:09:00.000Z,168.09,UAH,pos,ext-004167
customer-0569,2026-04-21T06:16:00.000Z,169.10,USD,web,
customer-0570,2026-04-21T06:23:00.000Z,170.11,EUR,mobile,
customer-0571,2026-04-21T06:30:00.000Z,171.12,GBP,email,ext-004170
customer-0572,2026-04-21T06:37:00.000Z,172.13,UAH,pos,
customer-0573,2026-04-21T06:44:00.000Z,173.14,USD,web,
customer-0574,2026-04-21T06:51:00.000Z,174.15,EUR,mobile,ext-004173
customer-0575,2026-04-21T06:58:00.000Z,175.16,GBP,email,
customer-0576,2026-04-21T07:05:00.000Z,176.17,UAH,pos,
customer-0577,2026-04-21T07:12:00.000Z,177.18,USD,web,ext-004176
customer-0578,2026-04-21T07:19:00.000Z,178.19,EUR,mobile,
customer-0579,2026-04-21T07:26:00.000Z,179.20,GBP,email,
customer-0580,2026-04-21T07:33:00.000Z,180.21,UAH,pos,ext-004179
customer-0581,2026-04-21T07:40:00.000Z,181.22,USD,web,
customer-0582,2026-04-21T07:47:00.000Z,182.23,EUR,mobile,
customer-0583,2026-04-21T07:54:00.000Z,183.24,GBP,email,ext-004182
customer-0584,2026-04-21T08:01:00.000Z,184.25,UAH,pos,
customer-0585,2026-04-21T08:08:00.000Z,185.26,USD,web,
customer-0586,2026-04-21T08:15:00.000Z,186.27,EUR,mobile,ext-004185
customer-0587,2026-04-21T08:22:00.000Z,187.28,GBP,email,
customer-0588,2026-04-21T08:29:00.000Z,188.29,UAH,pos,
customer-0589,2026-04-21T08:36:00.000Z,189.30,USD,web,ext-004188
customer-0590,2026-04-21T08:43:00.000Z,190.31,EUR,mobile,
customer-0591,2026-04-21T08:50:00.000Z,191.32,GBP,email,
customer-0592,2026-04-21T08:57:00.000Z,192.33,UAH,pos,ext-004191
customer-0593,2026-04-21T09:04:00.000Z,193.34,USD,web,
customer-0594,2026-04-21T09:11:00.000Z,194.35,EUR,mobile,
customer-0595,2026-04-21T09:18:00.000Z,195.36,GBP,email,ext-004194
customer-0596,2026-04-21T09:25:00.000Z,196.37,UAH,pos,
customer-0597,2026-04-21T09:32:00.000Z,197.38,USD,web,
customer-0598,2026-04-21T09:39:00.000Z,198.39,EUR,mobile,ext-004197
customer-0599,2026-04-21T09:46:00.000Z,199.40,GBP,email,
customer-0600,2026-04-21T09:53:00.000Z,200.41,UAH,pos,
customer-0601,2026-04-21T10:00:00.000Z,201.42,USD,web,ext-004200
customer-0602,2026-04-21T10:07:00.000Z,202.43,EUR,mobile,
customer-0603,2026-04-21T10:14:00.000Z,203.44,GBP,email,
customer-0604,2026-04-21T10:21:00.000Z,204.45,UAH,pos,ext-004203
customer-0605,2026-04-21T10:28:00.000Z,205.46,USD,web,
customer-0606,2026-04-21T10:35:00.000Z,206.47,EUR,mobile,
customer-0607,2026-04-21T10:42:00.000Z,207.48,GBP,email,ext-004206
customer-0608,2026-04-21T10:49:00.000Z,208.49,UAH,pos,
customer-0609,2026-04-21T10:56:00.000Z,209.50,USD,web,
customer-0610,2026-04-21T11:03:00.000Z,210.51,EUR,mobile,ext-004209
customer-0611,2026-04-21T11:10:00.000Z,211.52,GBP,email,
customer-0612,2026-04-21T11:17:00.000Z,212.53,UAH,pos,
customer-0613,2026-04-21T11:24:00.000Z,213.54,USD,web,ext-004212
customer-0614,2026-04-21T11:31:00.000Z,214.55,EUR,mobile,
customer-0615,2026-04-21T11:38:00.000Z,215.56,GBP,email,
customer-0616,2026-04-21T11:45:00.000Z,216.57,UAH,pos,ext-004215
customer-0617,2026-04-21T11:52:00.000Z,217.58,USD,web,
customer-0618,2026-04-21T11:59:00.000Z,218.59,EUR,mobile,
customer-0619,2026-04-21T12:06:00.000Z,219.60,GBP,email,ext-004218
customer-0620,2026-04-21T12:13:00.000Z,220.61,UAH,pos,
customer-0621,2026-04-21T12:20:00.000Z,221.62,USD,web,
customer-0622,2026-04-21T12:27:00.000Z,222.63,EUR,mobile,ext-004221
customer-0623,2026-04-21T12:34:00.000Z,223.64,GBP,email,
customer-0624,2026-04-21T12:41:00.000Z,224.65,UAH,pos,
customer-0625,2026-04-21T12:48:00.000Z,225.66,USD,web,ext-004224
customer-0626,2026-04-21T12:55:00.000Z,226.67,EUR,mobile,
customer-0627,2026-04-21T13:02:00.000Z,227.68,GBP,email,
customer-0628,2026-04-21T13:09:00.000Z,228.69,UAH,pos,ext-004227
customer-0629,2026-04-21T13:16:00.000Z,229.70,USD,web,
customer-0630,2026-04-21T13:23:00.000Z,230.71,EUR,mobile,
customer-0631,2026-04-21T13:30:00.000Z,231.72,GBP,email,ext-004230
customer-0632,2026-04-21T13:37:00.000Z,232.73,UAH,pos,
customer-0633,2026-04-21T13:44:00.000Z,233.74,USD,web,
customer-0634,2026-04-21T13:51:00.000Z,234.75,EUR,mobile,ext-004233
customer-0635,2026-04-21T13:58:00.000Z,235.76,GBP,email,
customer-0636,2026-04-21T14:05:00.000Z,236.77,UAH,pos,
customer-0637,2026-04-21T14:12:00.000Z,237.78,USD,web,ext-004236
customer-0638,2026-04-21T14:19:00.000Z,238.79,EUR,mobile,
customer-0639,2026-04-21T14:26:00.000Z,239.80,GBP,email,
customer-0640,2026-04-21T14:33:00.000Z,240.81,UAH,pos,ext-004239
customer-0641,2026-04-21T14:40:00.000Z,241.82,USD,web,
customer-0642,2026-04-21T14:47:00.000Z,242.83,EUR,mobile,
customer-0643,2026-04-21T14:54:00.000Z,243.84,GBP,email,ext-004242
customer-0644,2026-04-21T15:01:00.000Z,244.85,UAH,pos,
customer-0645,2026-04-21T15:08:00.000Z,245.86,USD,web,
customer-0646,2026-04-21T15:15:00.000Z,246.87,EUR,mobile,ext-004245
customer-0647,2026-04-21T15:22:00.000Z,247.88,GBP,email,
customer-0648,2026-04-21T15:29:00.000Z,248.89,UAH,pos,
customer-0649,2026-04-21T15:36:00.000Z,249.90,USD,web,ext-004248
customer-0650,2026-04-21T15:43:00.000Z,250.91,EUR,mobile,
customer-0651,2026-04-21T15:50:00.000Z,251.92,GBP,email,
customer-0652,2026-04-21T15:57:00.000Z,252.93,UAH,pos,ext-004251
customer-0653,2026-04-21T16:04:00.000Z,253.94,USD,web,
customer-0654,2026-04-21T16:11:00.000Z,254.95,EUR,mobile,
customer-0655,2026-04-21T16:18:00.000Z,255.96,GBP,email,ext-004254
customer-0656,2026-04-21T16:25:00.000Z,256.97,UAH,pos,
customer-0657,2026-04-21T16:32:00.000Z,257.98,USD,web,
customer-0658,2026-04-21T16:39:00.000Z,258.00,EUR,mobile,ext-004257
customer-0659,2026-04-21T16:46:00.000Z,259.01,GBP,email,
customer-0660,2026-04-21T16:53:00.000Z,260.02,UAH,pos,
customer-0661,2026-04-21T17:00:00.000Z,261.03,USD,web,ext-004260
customer-0662,2026-04-21T17:07:00.000Z,262.04,EUR,mobile,
customer-0663,2026-04-21T17:14:00.000Z,263.05,GBP,email,
customer-0664,2026-04-21T17:21:00.000Z,264.06,UAH,pos,ext-004263
customer-0665,2026-04-21T17:28:00.000Z,265.07,USD,web,
customer-0666,2026-04-21T17:35:00.000Z,266.08,EUR,mobile,
customer-0667,2026-04-21T17:42:00.000Z,267.09,GBP,email,ext-004266
customer-0668,2026-04-21T17:49:00.000Z,268.10,UAH,pos,
customer-0669,2026-04-21T17:56:00.000Z,269.11,USD,web,
customer-0670,2026-04-21T18:03:00.000Z,270.12,EUR,mobile,ext-004269
customer-0671,2026-04-21T18:10:00.000Z,271.13,GBP,email,
customer-0672,2026-04-21T18:17:00.000Z,272.14,UAH,pos,
customer-0673,2026-04-21T18:24:00.000Z,273.15,USD,web,ext-004272
customer-0674,2026-04-21T18:31:00.000Z,274.16,EUR,mobile,
customer-0675,2026-04-21T18:38:00.000Z,275.17,GBP,email,
customer-0676,2026-04-21T18:45:00.000Z,276.18,UAH,pos,ext-004275
customer-0677,2026-04-21T18:52:00.000Z,277.19,USD,web,
customer-0678,2026-04-21T18:59:00.000Z,278.20,EUR,mobile,
customer-0679,2026-04-21T19:06:00.000Z,279.21,GBP,email,ext-004278
customer-0680,2026-04-21T19:13:00.000Z,280.22,UAH,pos,
customer-0681,2026-04-21T19:20:00.000Z,281.23,USD,web,
customer-0682,2026-04-21T19:27:00.000Z,282.24,EUR,mobile,ext-004281
customer-0683,2026-04-21T19:34:00.000Z,283.25,GBP,email,
customer-0684,2026-04-21T19:41:00.000Z,284.26,UAH,pos,
customer-0685,2026-04-21T19:48:00.000Z,285.27,USD,web,ext-004284
customer-0686,2026-04-21T19:55:00.000Z,286.28,EUR,mobile,
customer-0687,2026-04-21T20:02:00.000Z,287.29,GBP,email,
customer-0688,2026-04-21T20:09:00.000Z,288.30,UAH,pos,ext-004287
customer-0689,2026-04-21T20:16:00.000Z,289.31,USD,web,
customer-0690,2026-04-21T20:23:00.000Z,290.32,EUR,mobile,
customer-0691,2026-04-21T20:30:00.000Z,291.33,GBP,email,ext-004290
customer-0692,2026-04-21T20:37:00.000Z,292.34,UAH,pos,
customer-0693,2026-04-21T20:44:00.000Z,293.35,USD,web,
customer-0694,2026-04-21T20:51:00.000Z,294.36,EUR,mobile,ext-004293
customer-0695,2026-04-21T20:58:00.000Z,295.37,GBP,email,
customer-0696,2026-04-21T21:05:00.000Z,296.38,UAH,pos,
customer-0697,2026-04-21T21:12:00.000Z,297.39,USD,web,ext-004296
customer-0698,2026-04-21T21:19:00.000Z,298.40,EUR,mobile,
customer-0699,2026-04-21T21:26:00.000Z,299.41,GBP,email,
customer-0700,2026-04-21T21:33:00.000Z,300.42,UAH,pos,ext-004299
customer-0701,2026-04-21T21:40:00.000Z,301.43,USD,web,
customer-0702,2026-04-21T21:47:00.000Z,302.44,EUR,mobile,
customer-0703,2026-04-21T21:54:00.000Z,303.45,GBP,email,ext-004302
customer-0704,2026-04-21T22:01:00.000Z,304.46,UAH,pos,
customer-0705,2026-04-21T22:08:00.000Z,305.47,USD,web,
customer-0706,2026-04-21T22:15:00.000Z,306.48,EUR,mobile,ext-004305
customer-0707,2026-04-21T22:22:00.000Z,307.49,GBP,email,
customer-0708,2026-04-21T22:29:00.000Z,308.50,UAH,pos,
customer-0709,2026-04-21T22:36:00.000Z,309.51,USD,web,ext-004308
customer-0710,2026-04-21T22:43:00.000Z,310.52,EUR,mobile,
customer-0711,2026-04-21T22:50:00.000Z,311.53,GBP,email,
customer-0712,2026-04-21T22:57:00.000Z,312.54,UAH,pos,ext-004311
customer-0713,2026-04-21T23:04:00.000Z,313.55,USD,web,
customer-0714,2026-04-21T23:11:00.000Z,314.56,EUR,mobile,
customer-0715,2026-04-21T23:18:00.000Z,315.57,GBP,email,ext-004314
customer-0716,2026-04-21T23:25:00.000Z,316.58,UAH,pos,
customer-0717,2026-04-21T23:32:00.000Z,317.59,USD,web,
customer-0718,2026-04-21T23:39:00.000Z,318.60,EUR,mobile,ext-004317
customer-0719,2026-04-21T23:46:00.000Z,319.61,GBP,email,
customer-0720,2026-04-21T23:53:00.000Z,320.62,UAH,pos,
customer-0721,2026-04-22T00:00:00.000Z,321.63,USD,web,ext-004320
customer-0722,2026-04-22T00:07:00.000Z,322.64,EUR,mobile,
customer-0723,2026-04-22T00:14:00.000Z,323.65,GBP,email,
customer-0724,2026-04-22T00:21:00.000Z,324.66,UAH,pos,ext-004323
customer-0725,2026-04-22T00:28:00.000Z,325.67,USD,web,
customer-0726,2026-04-22T00:35:00.000Z,326.68,EUR,mobile,
customer-0727,2026-04-22T00:42:00.000Z,327.69,GBP,email,ext-004326
customer-0728,2026-04-22T00:49:00.000Z,328.70,UAH,pos,
customer-0729,2026-04-22T00:56:00.000Z,329.71,USD,web,
customer-0730,2026-04-22T01:03:00.000Z,330.72,EUR,mobile,ext-004329
customer-0731,2026-04-22T01:10:00.000Z,331.73,GBP,email,
customer-0732,2026-04-22T01:17:00.000Z,332.74,UAH,pos,
customer-0733,2026-04-22T01:24:00.000Z,333.75,USD,web,ext-004332
customer-0734,2026-04-22T01:31:00.000Z,334.76,EUR,mobile,
customer-0735,2026-04-22T01:38:00.000Z,335.77,GBP,email,
customer-0736,2026-04-22T01:45:00.000Z,336.78,UAH,pos,ext-004335
customer-0737,2026-04-22T01:52:00.000Z,337.79,USD,web,
customer-0738,2026-04-22T01:59:00.000Z,338.80,EUR,mobile,
customer-0739,2026-04-22T02:06:00.000Z,339.81,GBP,email,ext-004338
customer-0740,2026-04-22T02:13:00.000Z,340.82,UAH,pos,
customer-0741,2026-04-22T02:20:00.000Z,341.83,USD,web,
customer-0742,2026-04-22T02:27:00.000Z,342.84,EUR,mobile,ext-004341
customer-0743,2026-04-22T02:34:00.000Z,343.85,GBP,email,
customer-0744,2026-04-22T02:41:00.000Z,344.86,UAH,pos,
customer-0745,2026-04-22T02:48:00.000Z,345.87,USD,web,ext-004344
customer-0746,2026-04-22T02:55:00.000Z,346.88,EUR,mobile,
customer-0747,2026-04-22T03:02:00.000Z,347.89,GBP,email,
customer-0748,2026-04-22T03:09:00.000Z,348.90,UAH,pos,ext-004347
customer-0749,2026-04-22T03:16:00.000Z,349.91,USD,web,
customer-0750,2026-04-22T03:23:00.000Z,350.92,EUR,mobile,
customer-0751,2026-04-22T03:30:00.000Z,351.93,GBP,email,ext-004350
customer-0752,2026-04-22T03:37:00.000Z,352.94,UAH,pos,
customer-0753,2026-04-22T03:44:00.000Z,353.95,USD,web,
customer-0754,2026-04-22T03:51:00.000Z,354.96,EUR,mobile,ext-004353
customer-0755,2026-04-22T03:58:00.000Z,355.97,GBP,email,
customer-0756,2026-04-22T04:05:00.000Z,356.98,UAH,pos,
customer-0757,2026-04-22T04:12:00.000Z,357.00,USD,web,ext-004356
customer-0758,2026-04-22T04:19:00.000Z,358.01,EUR,mobile,
customer-0759,2026-04-22T04:26:00.000Z,359.02,GBP,email,
customer-0760,2026-04-22T04:33:00.000Z,360.03,UAH,pos,ext-004359
customer-0761,2026-04-22T04:40:00.000Z,361.04,USD,web,
customer-0762,2026-04-22T04:47:00.000Z,362.05,EUR,mobile,
customer-0763,2026-04-22T04:54:00.000Z,363.06,GBP,email,ext-004362
customer-0764,2026-04-22T05:01:00.000Z,364.07,UAH,pos,
customer-0765,2026-04-22T05:08:00.000Z,365.08,USD,web,
customer-0766,2026-04-22T05:15:00.000Z,366.09,EUR,mobile,ext-004365
customer-0767,2026-04-22T05:22:00.000Z,367.10,GBP,email,
customer-0768,2026-04-22T05:29:00.000Z,368.11,UAH,pos,
customer-0769,2026-04-22T05:36:00.000Z,369.12,USD,web,ext-004368
customer-0770,2026-04-22T05:43:00.000Z,370.13,EUR,mobile,
customer-0771,2026-04-22T05:50:00.000Z,371.14,GBP,email,
customer-0772,2026-04-22T05:57:00.000Z,372.15,UAH,pos,ext-004371
customer-0773,2026-04-22T06:04:00.000Z,373.16,USD,web,
customer-0774,2026-04-22T06:11:00.000Z,374.17,EUR,mobile,
customer-0775,2026-04-22T06:18:00.000Z,375.18,GBP,email,ext-004374
customer-0776,2026-04-22T06:25:00.000Z,376.19,UAH,pos,
customer-0777,2026-04-22T06:32:00.000Z,377.20,USD,web,
customer-0778,2026-04-22T06:39:00.000Z,378.21,EUR,mobile,ext-004377
customer-0779,2026-04-22T06:46:00.000Z,379.22,GBP,email,
customer-0780,2026-04-22T06:53:00.000Z,380.23,UAH,pos,
customer-0781,2026-04-22T07:00:00.000Z,381.24,USD,web,ext-004380
customer-0782,2026-04-22T07:07:00.000Z,382.25,EUR,mobile,
customer-0783,2026-04-22T07:14:00.000Z,383.26,GBP,email,
customer-0784,2026-04-22T07:21:00.000Z,384.27,UAH,pos,ext-004383
customer-0785,2026-04-22T07:28:00.000Z,385.28,USD,web,
customer-0786,2026-04-22T07:35:00.000Z,386.29,EUR,mobile,
customer-0787,2026-04-22T07:42:00.000Z,387.30,GBP,email,ext-004386
customer-0788,2026-04-22T07:49:00.000Z,388.31,UAH,pos,
customer-0789,2026-04-22T07:56:00.000Z,389.32,USD,web,
customer-0790,2026-04-22T08:03:00.000Z,390.33,EUR,mobile,ext-004389
customer-0791,2026-04-22T08:10:00.000Z,391.34,GBP,email,
customer-0792,2026-04-22T08:17:00.000Z,392.35,UAH,pos,
customer-0793,2026-04-22T08:24:00.000Z,393.36,USD,web,ext-004392
customer-0794,2026-04-22T08:31:00.000Z,394.37,EUR,mobile,
customer-0795,2026-04-22T08:38:00.000Z,395.38,GBP,email,
customer-0796,2026-04-22T08:45:00.000Z,396.39,UAH,pos,ext-004395
customer-0797,2026-04-22T08:52:00.000Z,397.40,USD,web,
customer-0798,2026-04-22T08:59:00.000Z,398.41,EUR,mobile,
customer-0799,2026-04-22T09:06:00.000Z,399.42,GBP,email,ext-004398
customer-0800,2026-04-22T09:13:00.000Z,400.43,UAH,pos,
customer-0801,2026-04-22T09:20:00.000Z,401.44,USD,web,
customer-0802,2026-04-22T09:27:00.000Z,402.45,EUR,mobile,ext-004401
customer-0803,2026-04-22T09:34:00.000Z,403.46,GBP,email,
customer-0804,2026-04-22T09:41:00.000Z,404.47,UAH,pos,
customer-0805,2026-04-22T09:48:00.000Z,405.48,USD,web,ext-004404
customer-0806,2026-04-22T09:55:00.000Z,406.49,EUR,mobile,
customer-0807,2026-04-22T10:02:00.000Z,407.50,GBP,email,
customer-0808,2026-04-22T10:09:00.000Z,408.51,UAH,pos,ext-004407
customer-0809,2026-04-22T10:16:00.000Z,409.52,USD,web,
customer-0810,2026-04-22T10:23:00.000Z,410.53,EUR,mobile,
customer-0811,2026-04-22T10:30:00.000Z,411.54,GBP,email,ext-004410
customer-0812,2026-04-22T10:37:00.000Z,412.55,UAH,pos,
customer-0813,2026-04-22T10:44:00.000Z,413.56,USD,web,
customer-0814,2026-04-22T10:51:00.000Z,414.57,EUR,mobile,ext-004413
customer-0815,2026-04-22T10:58:00.000Z,415.58,GBP,email,
customer-0816,2026-04-22T11:05:00.000Z,416.59,UAH,pos,
customer-0817,2026-04-22T11:12:00.000Z,417.60,USD,web,ext-004416
customer-0818,2026-04-22T11:19:00.000Z,418.61,EUR,mobile,
customer-0819,2026-04-22T11:26:00.000Z,419.62,GBP,email,
customer-0820,2026-04-22T11:33:00.000Z,420.63,UAH,pos,ext-004419
customer-0821,2026-04-22T11:40:00.000Z,421.64,USD,web,
customer-0822,2026-04-22T11:47:00.000Z,422.65,EUR,mobile,
customer-0823,2026-04-22T11:54:00.000Z,423.66,GBP,email,ext-004422
customer-0824,2026-04-22T12:01:00.000Z,424.67,UAH,pos,
customer-0825,2026-04-22T12:08:00.000Z,425.68,USD,web,
customer-0826,2026-04-22T12:15:00.000Z,426.69,EUR,mobile,ext-004425
customer-0827,2026-04-22T12:22:00.000Z,427.70,GBP,email,
customer-0828,2026-04-22T12:29:00.000Z,428.71,UAH,pos,
customer-0829,2026-04-22T12:36:00.000Z,429.72,USD,web,ext-004428
customer-0830,2026-04-22T12:43:00.000Z,430.73,EUR,mobile,
customer-0831,2026-04-22T12:50:00.000Z,431.74,GBP,email,
customer-0832,2026-04-22T12:57:00.000Z,432.75,UAH,pos,ext-004431
customer-0833,2026-04-22T13:04:00.000Z,433.76,USD,web,
customer-0834,2026-04-22T13:11:00.000Z,434.77,EUR,mobile,
customer-0835,2026-04-22T13:18:00.000Z,435.78,GBP,email,ext-004434
customer-0836,2026-04-22T13:25:00.000Z,436.79,UAH,pos,
customer-0837,2026-04-22T13:32:00.000Z,437.80,USD,web,
customer-0838,2026-04-22T13:39:00.000Z,438.81,EUR,mobile,ext-004437
customer-0839,2026-04-22T13:46:00.000Z,439.82,GBP,email,
customer-0840,2026-04-22T13:53:00.000Z,440.83,UAH,pos,
customer-0841,2026-04-22T14:00:00.000Z,441.84,USD,web,ext-004440
customer-0842,2026-04-22T14:07:00.000Z,442.85,EUR,mobile,
customer-0843,2026-04-22T14:14:00.000Z,443.86,GBP,email,
customer-0844,2026-04-22T14:21:00.000Z,444.87,UAH,pos,ext-004443
customer-0845,2026-04-22T14:28:00.000Z,445.88,USD,web,
customer-0846,2026-04-22T14:35:00.000Z,446.89,EUR,mobile,
customer-0847,2026-04-22T14:42:00.000Z,447.90,GBP,email,ext-004446
customer-0848,2026-04-22T14:49:00.000Z,448.91,UAH,pos,
customer-0849,2026-04-22T14:56:00.000Z,449.92,USD,web,
customer-0850,2026-04-22T15:03:00.000Z,450.93,EUR,mobile,ext-004449
customer-0851,2026-04-22T15:10:00.000Z,451.94,GBP,email,
customer-0852,2026-04-22T15:17:00.000Z,452.95,UAH,pos,
customer-0853,2026-04-22T15:24:00.000Z,453.96,USD,web,ext-004452
customer-0854,2026-04-22T15:31:00.000Z,454.97,EUR,mobile,
customer-0855,2026-04-22T15:38:00.000Z,455.98,GBP,email,
customer-0856,2026-04-22T15:45:00.000Z,456.00,UAH,pos,ext-004455
customer-0857,2026-04-22T15:52:00.000Z,457.01,USD,web,
customer-0858,2026-04-22T15:59:00.000Z,458.02,EUR,mobile,
customer-0859,2026-04-22T16:06:00.000Z,459.03,GBP,email,ext-004458
customer-0860,2026-04-22T16:13:00.000Z,460.04,UAH,pos,
customer-0861,2026-04-22T16:20:00.000Z,461.05,USD,web,
customer-0862,2026-04-22T16:27:00.000Z,462.06,EUR,mobile,ext-004461
customer-0863,2026-04-22T16:34:00.000Z,463.07,GBP,email,
customer-0864,2026-04-22T16:41:00.000Z,464.08,UAH,pos,
customer-0865,2026-04-22T16:48:00.000Z,465.09,USD,web,ext-004464
customer-0866,2026-04-22T16:55:00.000Z,466.10,EUR,mobile,
customer-0867,2026-04-22T17:02:00.000Z,467.11,GBP,email,
customer-0868,2026-04-22T17:09:00.000Z,468.12,UAH,pos,ext-004467
customer-0869,2026-04-22T17:16:00.000Z,469.13,USD,web,
customer-0870,2026-04-22T17:23:00.000Z,470.14,EUR,mobile,
customer-0871,2026-04-22T17:30:00.000Z,471.15,GBP,email,ext-004470
customer-0872,2026-04-22T17:37:00.000Z,472.16,UAH,pos,
customer-0873,2026-04-22T17:44:00.000Z,473.17,USD,web,
customer-0874,2026-04-22T17:51:00.000Z,474.18,EUR,mobile,ext-004473
customer-0875,2026-04-22T17:58:00.000Z,475.19,GBP,email,
customer-0876,2026-04-22T18:05:00.000Z,476.20,UAH,pos,
customer-0877,2026-04-22T18:12:00.000Z,477.21,USD,web,ext-004476
customer-0878,2026-04-22T18:19:00.000Z,478.22,EUR,mobile,
customer-0879,2026-04-22T18:26:00.000Z,479.23,GBP,email,
customer-0880,2026-04-22T18:33:00.000Z,480.24,UAH,pos,ext-004479
customer-0881,2026-04-22T18:40:00.000Z,481.25,USD,web,
customer-0882,2026-04-22T18:47:00.000Z,482.26,EUR,mobile,
customer-0883,2026-04-22T18:54:00.000Z,483.27,GBP,email,ext-004482
customer-0884,2026-04-22T19:01:00.000Z,484.28,UAH,pos,
customer-0885,2026-04-22T19:08:00.000Z,485.29,USD,web,
customer-0886,2026-04-22T19:15:00.000Z,486.30,EUR,mobile,ext-004485
customer-0887,2026-04-22T19:22:00.000Z,487.31,GBP,email,
customer-0888,2026-04-22T19:29:00.000Z,488.32,UAH,pos,
customer-0889,2026-04-22T19:36:00.000Z,489.33,USD,web,ext-004488
customer-0890,2026-04-22T19:43:00.000Z,490.34,EUR,mobile,
customer-0891,2026-04-22T19:50:00.000Z,491.35,GBP,email,
customer-0892,2026-04-22T19:57:00.000Z,492.36,UAH,pos,ext-004491
customer-0893,2026-04-22T20:04:00.000Z,493.37,USD,web,
customer-0894,2026-04-22T20:11:00.000Z,494.38,EUR,mobile,
customer-0895,2026-04-22T20:18:00.000Z,495.39,GBP,email,ext-004494
customer-0896,2026-04-22T20:25:00.000Z,496.40,UAH,pos,
customer-0897,2026-04-22T20:32:00.000Z,497.41,USD,web,
customer-0898,2026-04-22T20:39:00.000Z,498.42,EUR,mobile,ext-004497
customer-0899,2026-04-22T20:46:00.000Z,499.43,GBP,email,
customer-0900,2026-04-22T20:53:00.000Z,500.44,UAH,pos,
customer-0901,2026-04-22T21:00:00.000Z,1.45,USD,web,ext-004500
customer-0902,2026-04-22T21:07:00.000Z,2.46,EUR,mobile,
customer-0903,2026-04-22T21:14:00.000Z,3.47,GBP,email,
customer-0904,2026-04-22T21:21:00.000Z,4.48,UAH,pos,ext-004503
customer-0905,2026-04-22T21:28:00.000Z,5.49,USD,web,
customer-0906,2026-04-22T21:35:00.000Z,6.50,EUR,mobile,
customer-0907,2026-04-22T21:42:00.000Z,7.51,GBP,email,ext-004506
customer-0908,2026-04-22T21:49:00.000Z,8.52,UAH,pos,
customer-0909,2026-04-22T21:56:00.000Z,9.53,USD,web,
customer-0910,2026-04-22T22:03:00.000Z,10.54,EUR,mobile,ext-004509
customer-0911,2026-04-22T22:10:00.000Z,11.55,GBP,email,
customer-0912,2026-04-22T22:17:00.000Z,12.56,UAH,pos,
customer-0913,2026-04-22T22:24:00.000Z,13.57,USD,web,ext-004512
customer-0914,2026-04-22T22:31:00.000Z,14.58,EUR,mobile,
customer-0915,2026-04-22T22:38:00.000Z,15.59,GBP,email,
customer-0916,2026-04-22T22:45:00.000Z,16.60,UAH,pos,ext-004515
customer-0917,2026-04-22T22:52:00.000Z,17.61,USD,web,
customer-0918,2026-04-22T22:59:00.000Z,18.62,EUR,mobile,
customer-0919,2026-04-22T23:06:00.000Z,19.63,GBP,email,ext-004518
customer-0920,2026-04-22T23:13:00.000Z,20.64,UAH,pos,
customer-0921,2026-04-22T23:20:00.000Z,21.65,USD,web,
customer-0922,2026-04-22T23:27:00.000Z,22.66,EUR,mobile,ext-004521
customer-0923,2026-04-22T23:34:00.000Z,23.67,GBP,email,
customer-0924,2026-04-22T23:41:00.000Z,24.68,UAH,pos,
customer-0925,2026-04-22T23:48:00.000Z,25.69,USD,web,ext-004524
customer-0926,2026-04-22T23:55:00.000Z,26.70,EUR,mobile,
customer-0927,2026-04-23T00:02:00.000Z,27.71,GBP,email,
customer-0928,2026-04-23T00:09:00.000Z,28.72,UAH,pos,ext-004527
customer-0929,2026-04-23T00:16:00.000Z,29.73,USD,web,
customer-0930,2026-04-23T00:23:00.000Z,30.74,EUR,mobile,
customer-0931,2026-04-23T00:30:00.000Z,31.75,GBP,email,ext-004530
customer-0932,2026-04-23T00:37:00.000Z,32.76,UAH,pos,
customer-0933,2026-04-23T00:44:00.000Z,33.77,USD,web,
customer-0934,2026-04-23T00:51:00.000Z,34.78,EUR,mobile,ext-004533
customer-0935,2026-04-23T00:58:00.000Z,35.79,GBP,email,
customer-0936,2026-04-23T01:05:00.000Z,36.80,UAH,pos,
customer-0937,2026-04-23T01:12:00.000Z,37.81,USD,web,ext-004536
customer-0938,2026-04-23T01:19:00.000Z,38.82,EUR,mobile,
customer-0939,2026-04-23T01:26:00.000Z,39.83,GBP,email,
customer-0940,2026-04-23T01:33:00.000Z,40.84,UAH,pos,ext-004539
customer-0941,2026-04-23T01:40:00.000Z,41.85,USD,web,
customer-0942,2026-04-23T01:47:00.000Z,42.86,EUR,mobile,
customer-0943,2026-04-23T01:54:00.000Z,43.87,GBP,email,ext-004542
customer-0944,2026-04-23T02:01:00.000Z,44.88,UAH,pos,
customer-0945,2026-04-23T02:08:00.000Z,45.89,USD,web,
customer-0946,2026-04-23T02:15:00.000Z,46.90,EUR,mobile,ext-004545
customer-0947,2026-04-23T02:22:00.000Z,47.91,GBP,email,
customer-0948,2026-04-23T02:29:00.000Z,48.92,UAH,pos,
customer-0949,2026-04-23T02:36:00.000Z,49.93,USD,web,ext-004548
customer-0950,2026-04-23T02:43:00.000Z,50.94,EUR,mobile,
customer-0951,2026-04-23T02:50:00.000Z,51.95,GBP,email,
customer-0952,2026-04-23T02:57:00.000Z,52.96,UAH,pos,ext-004551
customer-0953,2026-04-23T03:04:00.000Z,53.97,USD,web,
customer-0954,2026-04-23T03:11:00.000Z,54.98,EUR,mobile,
customer-0955,2026-04-23T03:18:00.000Z,55.00,GBP,email,ext-004554
customer-0956,2026-04-23T03:25:00.000Z,56.01,UAH,pos,
customer-0957,2026-04-23T03:32:00.000Z,57.02,USD,web,
customer-0958,2026-04-23T03:39:00.000Z,58.03,EUR,mobile,ext-004557
customer-0959,2026-04-23T03:46:00.000Z,59.04,GBP,email,
customer-0960,2026-04-23T03:53:00.000Z,60.05,UAH,pos,
customer-0961,2026-04-23T04:00:00.000Z,61.06,USD,web,ext-004560
customer-0962,2026-04-23T04:07:00.000Z,62.07,EUR,mobile,
customer-0963,2026-04-23T04:14:00.000Z,63.08,GBP,email,
customer-0964,2026-04-23T04:21:00.000Z,64.09,UAH,pos,ext-004563
customer-0965,2026-04-23T04:28:00.000Z,65.10,USD,web,
customer-0966,2026-04-23T04:35:00.000Z,66.11,EUR,mobile,
customer-0967,2026-04-23T04:42:00.000Z,67.12,GBP,email,ext-004566
customer-0968,2026-04-23T04:49:00.000Z,68.13,UAH,pos,
customer-0969,2026-04-23T04:56:00.000Z,69.14,USD,web,
customer-0970,2026-04-23T05:03:00.000Z,70.15,EUR,mobile,ext-004569
customer-0971,2026-04-23T05:10:00.000Z,71.16,GBP,email,
customer-0972,2026-04-23T05:17:00.000Z,72.17,UAH,pos,
customer-0973,2026-04-23T05:24:00.000Z,73.18,USD,web,ext-004572
customer-0974,2026-04-23T05:31:00.000Z,74.19,EUR,mobile,
customer-0975,2026-04-23T05:38:00.000Z,75.20,GBP,email,
customer-0976,2026-04-23T05:45:00.000Z,76.21,UAH,pos,ext-004575
customer-0977,2026-04-23T05:52:00.000Z,77.22,USD,web,
customer-0978,2026-04-23T05:59:00.000Z,78.23,EUR,mobile,
customer-0979,2026-04-23T06:06:00.000Z,79.24,GBP,email,ext-004578
customer-0980,2026-04-23T06:13:00.000Z,80.25,UAH,pos,
customer-0981,2026-04-23T06:20:00.000Z,81.26,USD,web,
customer-0982,2026-04-23T06:27:00.000Z,82.27,EUR,mobile,ext-004581
customer-0983,2026-04-23T06:34:00.000Z,83.28,GBP,email,
customer-0984,2026-04-23T06:41:00.000Z,84.29,UAH,pos,
customer-0985,2026-04-23T06:48:00.000Z,85.30,USD,web,ext-004584
customer-0986,2026-04-23T06:55:00.000Z,86.31,EUR,mobile,
customer-0987,2026-04-23T07:02:00.000Z,87.32,GBP,email,
customer-0988,2026-04-23T07:09:00.000Z,88.33,UAH,pos,ext-004587
customer-0989,2026-04-23T07:16:00.000Z,89.34,USD,web,
customer-0990,2026-04-23T07:23:00.000Z,90.35,EUR,mobile,
customer-0991,2026-04-23T07:30:00.000Z,91.36,GBP,email,ext-004590
customer-0992,2026-04-23T07:37:00.000Z,92.37,UAH,pos,
customer-0993,2026-04-23T07:44:00.000Z,93.38,USD,web,
customer-0994,2026-04-23T07:51:00.000Z,94.39,EUR,mobile,ext-004593
customer-0995,2026-04-23T07:58:00.000Z,95.40,GBP,email,
customer-0996,2026-04-23T08:05:00.000Z,96.41,UAH,pos,
customer-0997,2026-04-23T08:12:00.000Z,97.42,USD,web,ext-004596
customer-0998,2026-04-23T08:19:00.000Z,98.43,EUR,mobile,
customer-0999,2026-04-23T08:26:00.000Z,99.44,GBP,email,
customer-1000,2026-04-23T08:33:00.000Z,100.45,UAH,pos,ext-004599
customer-1001,2026-04-23T08:40:00.000Z,101.46,USD,web,
customer-1002,2026-04-23T08:47:00.000Z,102.47,EUR,mobile,
customer-1003,2026-04-23T08:54:00.000Z,103.48,GBP,email,ext-004602
customer-1004,2026-04-23T09:01:00.000Z,104.49,UAH,pos,
customer-1005,2026-04-23T09:08:00.000Z,105.50,USD,web,
customer-1006,2026-04-23T09:15:00.000Z,106.51,EUR,mobile,ext-004605
customer-1007,2026-04-23T09:22:00.000Z,107.52,GBP,email,
customer-1008,2026-04-23T09:29:00.000Z,108.53,UAH,pos,
customer-1009,2026-04-23T09:36:00.000Z,109.54,USD,web,ext-004608
customer-1010,2026-04-23T09:43:00.000Z,110.55,EUR,mobile,
customer-1011,2026-04-23T09:50:00.000Z,111.56,GBP,email,
customer-1012,2026-04-23T09:57:00.000Z,112.57,UAH,pos,ext-004611
customer-1013,2026-04-23T10:04:00.000Z,113.58,USD,web,
customer-1014,2026-04-23T10:11:00.000Z,114.59,EUR,mobile,
customer-1015,2026-04-23T10:18:00.000Z,115.60,GBP,email,ext-004614
customer-1016,2026-04-23T10:25:00.000Z,116.61,UAH,pos,
customer-1017,2026-04-23T10:32:00.000Z,117.62,USD,web,
customer-1018,2026-04-23T10:39:00.000Z,118.63,EUR,mobile,ext-004617
customer-1019,2026-04-23T10:46:00.000Z,119.64,GBP,email,
customer-1020,2026-04-23T10:53:00.000Z,120.65,UAH,pos,
customer-1021,2026-04-23T11:00:00.000Z,121.66,USD,web,ext-004620
customer-1022,2026-04-23T11:07:00.000Z,122.67,EUR,mobile,
customer-1023,2026-04-23T11:14:00.000Z,123.68,GBP,email,
customer-1024,2026-04-23T11:21:00.000Z,124.69,UAH,pos,ext-004623
customer-1025,2026-04-23T11:28:00.000Z,125.70,USD,web,
customer-1026,2026-04-23T11:35:00.000Z,126.71,EUR,mobile,
customer-1027,2026-04-23T11:42:00.000Z,127.72,GBP,email,ext-004626
customer-1028,2026-04-23T11:49:00.000Z,128.73,UAH,pos,
customer-1029,2026-04-23T11:56:00.000Z,129.74,USD,web,
customer-1030,2026-04-23T12:03:00.000Z,130.75,EUR,mobile,ext-004629
customer-1031,2026-04-23T12:10:00.000Z,131.76,GBP,email,
customer-1032,2026-04-23T12:17:00.000Z,132.77,UAH,pos,
customer-1033,2026-04-23T12:24:00.000Z,133.78,USD,web,ext-004632
customer-1034,2026-04-23T12:31:00.000Z,134.79,EUR,mobile,
customer-1035,2026-04-23T12:38:00.000Z,135.80,GBP,email,
customer-1036,2026-04-23T12:45:00.000Z,136.81,UAH,pos,ext-004635
customer-1037,2026-04-23T12:52:00.000Z,137.82,USD,web,
customer-1038,2026-04-23T12:59:00.000Z,138.83,EUR,mobile,
customer-1039,2026-04-23T13:06:00.000Z,139.84,GBP,email,ext-004638
customer-1040,2026-04-23T13:13:00.000Z,140.85,UAH,pos,
customer-1041,2026-04-23T13:20:00.000Z,141.86,USD,web,
customer-1042,2026-04-23T13:27:00.000Z,142.87,EUR,mobile,ext-004641
customer-1043,2026-04-23T13:34:00.000Z,143.88,GBP,email,
customer-1044,2026-04-23T13:41:00.000Z,144.89,UAH,pos,
customer-1045,2026-04-23T13:48:00.000Z,145.90,USD,web,ext-004644
customer-1046,2026-04-23T13:55:00.000Z,146.91,EUR,mobile,
customer-1047,2026-04-23T14:02:00.000Z,147.92,GBP,email,
customer-1048,2026-04-23T14:09:00.000Z,148.93,UAH,pos,ext-004647
customer-1049,2026-04-23T14:16:00.000Z,149.94,USD,web,
customer-1050,2026-04-23T14:23:00.000Z,150.95,EUR,mobile,
customer-1051,2026-04-23T14:30:00.000Z,151.96,GBP,email,ext-004650
customer-1052,2026-04-23T14:37:00.000Z,152.97,UAH,pos,
customer-1053,2026-04-23T14:44:00.000Z,153.98,USD,web,
customer-1054,2026-04-23T14:51:00.000Z,154.00,EUR,mobile,ext-004653
customer-1055,2026-04-23T14:58:00.000Z,155.01,GBP,email,
customer-1056,2026-04-23T15:05:00.000Z,156.02,UAH,pos,
customer-1057,2026-04-23T15:12:00.000Z,157.03,USD,web,ext-004656
customer-1058,2026-04-23T15:19:00.000Z,158.04,EUR,mobile,
customer-1059,2026-04-23T15:26:00.000Z,159.05,GBP,email,
customer-1060,2026-04-23T15:33:00.000Z,160.06,UAH,pos,ext-004659
customer-1061,2026-04-23T15:40:00.000Z,161.07,USD,web,
customer-1062,2026-04-23T15:47:00.000Z,162.08,EUR,mobile,
customer-1063,2026-04-23T15:54:00.000Z,163.09,GBP,email,ext-004662
customer-1064,2026-04-23T16:01:00.000Z,164.10,UAH,pos,
customer-1065,2026-04-23T16:08:00.000Z,165.11,USD,web,
customer-1066,2026-04-23T16:15:00.000Z,166.12,EUR,mobile,ext-004665
customer-1067,2026-04-23T16:22:00.000Z,167.13,GBP,email,
customer-1068,2026-04-23T16:29:00.000Z,168.14,UAH,pos,
customer-1069,2026-04-23T16:36:00.000Z,169.15,USD,web,ext-004668
customer-1070,2026-04-23T16:43:00.000Z,170.16,EUR,mobile,
customer-1071,2026-04-23T16:50:00.000Z,171.17,GBP,email,
customer-1072,2026-04-23T16:57:00.000Z,172.18,UAH,pos,ext-004671
customer-1073,2026-04-23T17:04:00.000Z,173.19,USD,web,
customer-1074,2026-04-23T17:11:00.000Z,174.20,EUR,mobile,
customer-1075,2026-04-23T17:18:00.000Z,175.21,GBP,email,ext-004674
customer-1076,2026-04-23T17:25:00.000Z,176.22,UAH,pos,
customer-1077,2026-04-23T17:32:00.000Z,177.23,USD,web,
customer-1078,2026-04-23T17:39:00.000Z,178.24,EUR,mobile,ext-004677
customer-1079,2026-04-23T17:46:00.000Z,179.25,GBP,email,
customer-1080,2026-04-23T17:53:00.000Z,180.26,UAH,pos,
customer-1081,2026-04-23T18:00:00.000Z,181.27,USD,web,ext-004680
customer-1082,2026-04-23T18:07:00.000Z,182.28,EUR,mobile,
customer-1083,2026-04-23T18:14:00.000Z,183.29,GBP,email,
customer-1084,2026-04-23T18:21:00.000Z,184.30,UAH,pos,ext-004683
customer-1085,2026-04-23T18:28:00.000Z,185.31,USD,web,
customer-1086,2026-04-23T18:35:00.000Z,186.32,EUR,mobile,
customer-1087,2026-04-23T18:42:00.000Z,187.33,GBP,email,ext-004686
customer-1088,2026-04-23T18:49:00.000Z,188.34,UAH,pos,
customer-1089,2026-04-23T18:56:00.000Z,189.35,USD,web,
customer-1090,2026-04-23T19:03:00.000Z,190.36,EUR,mobile,ext-004689
customer-1091,2026-04-23T19:10:00.000Z,191.37,GBP,email,
customer-1092,2026-04-23T19:17:00.000Z,192.38,UAH,pos,
customer-1093,2026-04-23T19:24:00.000Z,193.39,USD,web,ext-004692
customer-1094,2026-04-23T19:31:00.000Z,194.40,EUR,mobile,
customer-1095,2026-04-23T19:38:00.000Z,195.41,GBP,email,
customer-1096,2026-04-23T19:45:00.000Z,196.42,UAH,pos,ext-004695
customer-1097,2026-04-23T19:52:00.000Z,197.43,USD,web,
customer-1098,2026-04-23T19:59:00.000Z,198.44,EUR,mobile,
customer-1099,2026-04-23T20:06:00.000Z,199.45,GBP,email,ext-004698
customer-1100,2026-04-23T20:13:00.000Z,200.46,UAH,pos,
customer-1101,2026-04-23T20:20:00.000Z,201.47,USD,web,
customer-1102,2026-04-23T20:27:00.000Z,202.48,EUR,mobile,ext-004701
customer-1103,2026-04-23T20:34:00.000Z,203.49,GBP,email,
customer-1104,2026-04-23T20:41:00.000Z,204.50,UAH,pos,
customer-1105,2026-04-23T20:48:00.000Z,205.51,USD,web,ext-004704
customer-1106,2026-04-23T20:55:00.000Z,206.52,EUR,mobile,
customer-1107,2026-04-23T21:02:00.000Z,207.53,GBP,email,
customer-1108,2026-04-23T21:09:00.000Z,208.54,UAH,pos,ext-004707
customer-1109,2026-04-23T21:16:00.000Z,209.55,USD,web,
customer-1110,2026-04-23T21:23:00.000Z,210.56,EUR,mobile,
customer-1111,2026-04-23T21:30:00.000Z,211.57,GBP,email,ext-004710
customer-1112,2026-04-23T21:37:00.000Z,212.58,UAH,pos,
customer-1113,2026-04-23T21:44:00.000Z,213.59,USD,web,
customer-1114,2026-04-23T21:51:00.000Z,214.60,EUR,mobile,ext-004713
customer-1115,2026-04-23T21:58:00.000Z,215.61,GBP,email,
customer-1116,2026-04-23T22:05:00.000Z,216.62,UAH,pos,
customer-1117,2026-04-23T22:12:00.000Z,217.63,USD,web,ext-004716
customer-1118,2026-04-23T22:19:00.000Z,218.64,EUR,mobile,
customer-1119,2026-04-23T22:26:00.000Z,219.65,GBP,email,
customer-1120,2026-04-23T22:33:00.000Z,220.66,UAH,pos,ext-004719
customer-1121,2026-04-23T22:40:00.000Z,221.67,USD,web,
customer-1122,2026-04-23T22:47:00.000Z,222.68,EUR,mobile,
customer-1123,2026-04-23T22:54:00.000Z,223.69,GBP,email,ext-004722
customer-1124,2026-04-23T23:01:00.000Z,224.70,UAH,pos,
customer-1125,2026-04-23T23:08:00.000Z,225.71,USD,web,
customer-1126,2026-04-23T23:15:00.000Z,226.72,EUR,mobile,ext-004725
customer-1127,2026-04-23T23:22:00.000Z,227.73,GBP,email,
customer-1128,2026-04-23T23:29:00.000Z,228.74,UAH,pos,
customer-1129,2026-04-23T23:36:00.000Z,229.75,USD,web,ext-004728
customer-1130,2026-04-23T23:43:00.000Z,230.76,EUR,mobile,
customer-1131,2026-04-23T23:50:00.000Z,231.77,GBP,email,
customer-1132,2026-04-23T23:57:00.000Z,232.78,UAH,pos,ext-004731
customer-1133,2026-04-24T00:04:00.000Z,233.79,USD,web,
customer-1134,2026-04-24T00:11:00.000Z,234.80,EUR,mobile,
customer-1135,2026-04-24T00:18:00.000Z,235.81,GBP,email,ext-004734
customer-1136,2026-04-24T00:25:00.000Z,236.82,UAH,pos,
customer-1137,2026-04-24T00:32:00.000Z,237.83,USD,web,
customer-1138,2026-04-24T00:39:00.000Z,238.84,EUR,mobile,ext-004737
customer-1139,2026-04-24T00:46:00.000Z,239.85,GBP,email,
customer-1140,2026-04-24T00:53:00.000Z,240.86,UAH,pos,
customer-1141,2026-04-24T01:00:00.000Z,241.87,USD,web,ext-004740
customer-1142,2026-04-24T01:07:00.000Z,242.88,EUR,mobile,
customer-1143,2026-04-24T01:14:00.000Z,243.89,GBP,email,
customer-1144,2026-04-24T01:21:00.000Z,244.90,UAH,pos,ext-004743
customer-1145,2026-04-24T01:28:00.000Z,245.91,USD,web,
customer-1146,2026-04-24T01:35:00.000Z,246.92,EUR,mobile,
customer-1147,2026-04-24T01:42:00.000Z,247.93,GBP,email,ext-004746
customer-1148,2026-04-24T01:49:00.000Z,248.94,UAH,pos,
customer-1149,2026-04-24T01:56:00.000Z,249.95,USD,web,
customer-1150,2026-04-24T02:03:00.000Z,250.96,EUR,mobile,ext-004749
customer-1151,2026-04-24T02:10:00.000Z,251.97,GBP,email,
customer-1152,2026-04-24T02:17:00.000Z,252.98,UAH,pos,
customer-1153,2026-04-24T02:24:00.000Z,253.00,USD,web,ext-004752
customer-1154,2026-04-24T02:31:00.000Z,254.01,EUR,mobile,
customer-1155,2026-04-24T02:38:00.000Z,255.02,GBP,email,
customer-1156,2026-04-24T02:45:00.000Z,256.03,UAH,pos,ext-004755
customer-1157,2026-04-24T02:52:00.000Z,257.04,USD,web,
customer-1158,2026-04-24T02:59:00.000Z,258.05,EUR,mobile,
customer-1159,2026-04-24T03:06:00.000Z,259.06,GBP,email,ext-004758
customer-1160,2026-04-24T03:13:00.000Z,260.07,UAH,pos,
customer-1161,2026-04-24T03:20:00.000Z,261.08,USD,web,
customer-1162,2026-04-24T03:27:00.000Z,262.09,EUR,mobile,ext-004761
customer-1163,2026-04-24T03:34:00.000Z,263.10,GBP,email,
customer-1164,2026-04-24T03:41:00.000Z,264.11,UAH,pos,
customer-1165,2026-04-24T03:48:00.000Z,265.12,USD,web,ext-004764
customer-1166,2026-04-24T03:55:00.000Z,266.13,EUR,mobile,
customer-1167,2026-04-24T04:02:00.000Z,267.14,GBP,email,
customer-1168,2026-04-24T04:09:00.000Z,268.15,UAH,pos,ext-004767
customer-1169,2026-04-24T04:16:00.000Z,269.16,USD,web,
customer-1170,2026-04-24T04:23:00.000Z,270.17,EUR,mobile,
customer-1171,2026-04-24T04:30:00.000Z,271.18,GBP,email,ext-004770
customer-1172,2026-04-24T04:37:00.000Z,272.19,UAH,pos,
customer-1173,2026-04-24T04:44:00.000Z,273.20,USD,web,
customer-1174,2026-04-24T04:51:00.000Z,274.21,EUR,mobile,ext-004773
customer-1175,2026-04-24T04:58:00.000Z,275.22,GBP,email,
customer-1176,2026-04-24T05:05:00.000Z,276.23,UAH,pos,
customer-1177,2026-04-24T05:12:00.000Z,277.24,USD,web,ext-004776
customer-1178,2026-04-24T05:19:00.000Z,278.25,EUR,mobile,
customer-1179,2026-04-24T05:26:00.000Z,279.26,GBP,email,
customer-1180,2026-04-24T05:33:00.000Z,280.27,UAH,pos,ext-004779
customer-1181,2026-04-24T05:40:00.000Z,281.28,USD,web,
customer-1182,2026-04-24T05:47:00.000Z,282.29,EUR,mobile,
customer-1183,2026-04-24T05:54:00.000Z,283.30,GBP,email,ext-004782
customer-1184,2026-04-24T06:01:00.000Z,284.31,UAH,pos,
customer-1185,2026-04-24T06:08:00.000Z,285.32,USD,web,
customer-1186,2026-04-24T06:15:00.000Z,286.33,EUR,mobile,ext-004785
customer-1187,2026-04-24T06:22:00.000Z,287.34,GBP,email,
customer-1188,2026-04-24T06:29:00.000Z,288.35,UAH,pos,
customer-1189,2026-04-24T06:36:00.000Z,289.36,USD,web,ext-004788
customer-1190,2026-04-24T06:43:00.000Z,290.37,EUR,mobile,
customer-1191,2026-04-24T06:50:00.000Z,291.38,GBP,email,
customer-1192,2026-04-24T06:57:00.000Z,292.39,UAH,pos,ext-004791
customer-1193,2026-04-24T07:04:00.000Z,293.40,USD,web,
customer-1194,2026-04-24T07:11:00.000Z,294.41,EUR,mobile,
customer-1195,2026-04-24T07:18:00.000Z,295.42,GBP,email,ext-004794
customer-1196,2026-04-24T07:25:00.000Z,296.43,UAH,pos,
customer-1197,2026-04-24T07:32:00.000Z,297.44,USD,web,
customer-1198,2026-04-24T07:39:00.000Z,298.45,EUR,mobile,ext-004797
customer-1199,2026-04-24T07:46:00.000Z,299.46,GBP,email,
customer-1200,2026-04-24T07:53:00.000Z,300.47,UAH,pos,
customer-0001,2026-04-24T08:00:00.000Z,301.48,USD,web,ext-004800
customer-0002,2026-04-24T08:07:00.000Z,302.49,EUR,mobile,
customer-0003,2026-04-24T08:14:00.000Z,303.50,GBP,email,
customer-0004,2026-04-24T08:21:00.000Z,304.51,UAH,pos,ext-004803
customer-0005,2026-04-24T08:28:00.000Z,305.52,USD,web,
customer-0006,2026-04-24T08:35:00.000Z,306.53,EUR,mobile,
customer-0007,2026-04-24T08:42:00.000Z,307.54,GBP,email,ext-004806
customer-0008,2026-04-24T08:49:00.000Z,308.55,UAH,pos,
customer-0009,2026-04-24T08:56:00.000Z,309.56,USD,web,
customer-0010,2026-04-24T09:03:00.000Z,310.57,EUR,mobile,ext-004809
customer-0011,2026-04-24T09:10:00.000Z,311.58,GBP,email,
customer-0012,2026-04-24T09:17:00.000Z,312.59,UAH,pos,
customer-0013,2026-04-24T09:24:00.000Z,313.60,USD,web,ext-004812
customer-0014,2026-04-24T09:31:00.000Z,314.61,EUR,mobile,
customer-0015,2026-04-24T09:38:00.000Z,315.62,GBP,email,
customer-0016,2026-04-24T09:45:00.000Z,316.63,UAH,pos,ext-004815
customer-0017,2026-04-24T09:52:00.000Z,317.64,USD,web,
customer-0018,2026-04-24T09:59:00.000Z,318.65,EUR,mobile,
customer-0019,2026-04-24T10:06:00.000Z,319.66,GBP,email,ext-004818
customer-0020,2026-04-24T10:13:00.000Z,320.67,UAH,pos,
customer-0021,2026-04-24T10:20:00.000Z,321.68,USD,web,
customer-0022,2026-04-24T10:27:00.000Z,322.69,EUR,mobile,ext-004821
customer-0023,2026-04-24T10:34:00.000Z,323.70,GBP,email,
customer-0024,2026-04-24T10:41:00.000Z,324.71,UAH,pos,
customer-0025,2026-04-24T10:48:00.000Z,325.72,USD,web,ext-004824
customer-0026,2026-04-24T10:55:00.000Z,326.73,EUR,mobile,
customer-0027,2026-04-24T11:02:00.000Z,327.74,GBP,email,
customer-0028,2026-04-24T11:09:00.000Z,328.75,UAH,pos,ext-004827
customer-0029,2026-04-24T11:16:00.000Z,329.76,USD,web,
customer-0030,2026-04-24T11:23:00.000Z,330.77,EUR,mobile,
customer-0031,2026-04-24T11:30:00.000Z,331.78,GBP,email,ext-004830
customer-0032,2026-04-24T11:37:00.000Z,332.79,UAH,pos,
customer-0033,2026-04-24T11:44:00.000Z,333.80,USD,web,
customer-0034,2026-04-24T11:51:00.000Z,334.81,EUR,mobile,ext-004833
customer-0035,2026-04-24T11:58:00.000Z,335.82,GBP,email,
customer-0036,2026-04-24T12:05:00.000Z,336.83,UAH,pos,
customer-0037,2026-04-24T12:12:00.000Z,337.84,USD,web,ext-004836
customer-0038,2026-04-24T12:19:00.000Z,338.85,EUR,mobile,
customer-0039,2026-04-24T12:26:00.000Z,339.86,GBP,email,
customer-0040,2026-04-24T12:33:00.000Z,340.87,UAH,pos,ext-004839
customer-0041,2026-04-24T12:40:00.000Z,341.88,USD,web,
customer-0042,2026-04-24T12:47:00.000Z,342.89,EUR,mobile,
customer-0043,2026-04-24T12:54:00.000Z,343.90,GBP,email,ext-004842
customer-0044,2026-04-24T13:01:00.000Z,344.91,UAH,pos,
customer-0045,2026-04-24T13:08:00.000Z,345.92,USD,web,
customer-0046,2026-04-24T13:15:00.000Z,346.93,EUR,mobile,ext-004845
customer-0047,2026-04-24T13:22:00.000Z,347.94,GBP,email,
customer-0048,2026-04-24T13:29:00.000Z,348.95,UAH,pos,
customer-0049,2026-04-24T13:36:00.000Z,349.96,USD,web,ext-004848
customer-0050,2026-04-24T13:43:00.000Z,350.97,EUR,mobile,
customer-0051,2026-04-24T13:50:00.000Z,351.98,GBP,email,
customer-0052,2026-04-24T13:57:00.000Z,352.00,UAH,pos,ext-004851
customer-0053,2026-04-24T14:04:00.000Z,353.01,USD,web,
customer-0054,2026-04-24T14:11:00.000Z,354.02,EUR,mobile,
customer-0055,2026-04-24T14:18:00.000Z,355.03,GBP,email,ext-004854
customer-0056,2026-04-24T14:25:00.000Z,356.04,UAH,pos,
customer-0057,2026-04-24T14:32:00.000Z,357.05,USD,web,
customer-0058,2026-04-24T14:39:00.000Z,358.06,EUR,mobile,ext-004857
customer-0059,2026-04-24T14:46:00.000Z,359.07,GBP,email,
customer-0060,2026-04-24T14:53:00.000Z,360.08,UAH,pos,
customer-0061,2026-04-24T15:00:00.000Z,361.09,USD,web,ext-004860
customer-0062,2026-04-24T15:07:00.000Z,362.10,EUR,mobile,
customer-0063,2026-04-24T15:14:00.000Z,363.11,GBP,email,
customer-0064,2026-04-24T15:21:00.000Z,364.12,UAH,pos,ext-004863
customer-0065,2026-04-24T15:28:00.000Z,365.13,USD,web,
customer-0066,2026-04-24T15:35:00.000Z,366.14,EUR,mobile,
customer-0067,2026-04-24T15:42:00.000Z,367.15,GBP,email,ext-004866
customer-0068,2026-04-24T15:49:00.000Z,368.16,UAH,pos,
customer-0069,2026-04-24T15:56:00.000Z,369.17,USD,web,
customer-0070,2026-04-24T16:03:00.000Z,370.18,EUR,mobile,ext-004869
customer-0071,2026-04-24T16:10:00.000Z,371.19,GBP,email,
customer-0072,2026-04-24T16:17:00.000Z,372.20,UAH,pos,
customer-0073,2026-04-24T16:24:00.000Z,373.21,USD,web,ext-004872
customer-0074,2026-04-24T16:31:00.000Z,374.22,EUR,mobile,
customer-0075,2026-04-24T16:38:00.000Z,375.23,GBP,email,
customer-0076,2026-04-24T16:45:00.000Z,376.24,UAH,pos,ext-004875
customer-0077,2026-04-24T16:52:00.000Z,377.25,USD,web,
customer-0078,2026-04-24T16:59:00.000Z,378.26,EUR,mobile,
customer-0079,2026-04-24T17:06:00.000Z,379.27,GBP,email,ext-004878
customer-0080,2026-04-24T17:13:00.000Z,380.28,UAH,pos,
customer-0081,2026-04-24T17:20:00.000Z,381.29,USD,web,
customer-0082,2026-04-24T17:27:00.000Z,382.30,EUR,mobile,ext-004881
customer-0083,2026-04-24T17:34:00.000Z,383.31,GBP,email,
customer-0084,2026-04-24T17:41:00.000Z,384.32,UAH,pos,
customer-0085,2026-04-24T17:48:00.000Z,385.33,USD,web,ext-004884
customer-0086,2026-04-24T17:55:00.000Z,386.34,EUR,mobile,
customer-0087,2026-04-24T18:02:00.000Z,387.35,GBP,email,
customer-0088,2026-04-24T18:09:00.000Z,388.36,UAH,pos,ext-004887
customer-0089,2026-04-24T18:16:00.000Z,389.37,USD,web,
customer-0090,2026-04-24T18:23:00.000Z,390.38,EUR,mobile,
customer-0091,2026-04-24T18:30:00.000Z,391.39,GBP,email,ext-004890
customer-0092,2026-04-24T18:37:00.000Z,392.40,UAH,pos,
customer-0093,2026-04-24T18:44:00.000Z,393.41,USD,web,
customer-0094,2026-04-24T18:51:00.000Z,394.42,EUR,mobile,ext-004893
customer-0095,2026-04-24T18:58:00.000Z,395.43,GBP,email,
customer-0096,2026-04-24T19:05:00.000Z,396.44,UAH,pos,
customer-0097,2026-04-24T19:12:00.000Z,397.45,USD,web,ext-004896
customer-0098,2026-04-24T19:19:00.000Z,398.46,EUR,mobile,
customer-0099,2026-04-24T19:26:00.000Z,399.47,GBP,email,
customer-0100,2026-04-24T19:33:00.000Z,400.48,UAH,pos,ext-004899
customer-0101,2026-04-24T19:40:00.000Z,401.49,USD,web,
customer-0102,2026-04-24T19:47:00.000Z,402.50,EUR,mobile,
customer-0103,2026-04-24T19:54:00.000Z,403.51,GBP,email,ext-004902
customer-0104,2026-04-24T20:01:00.000Z,404.52,UAH,pos,
customer-0105,2026-04-24T20:08:00.000Z,405.53,USD,web,
customer-0106,2026-04-24T20:15:00.000Z,406.54,EUR,mobile,ext-004905
customer-0107,2026-04-24T20:22:00.000Z,407.55,GBP,email,
customer-0108,2026-04-24T20:29:00.000Z,408.56,UAH,pos,
customer-0109,2026-04-24T20:36:00.000Z,409.57,USD,web,ext-004908
customer-0110,2026-04-24T20:43:00.000Z,410.58,EUR,mobile,
customer-0111,2026-04-24T20:50:00.000Z,411.59,GBP,email,
customer-0112,2026-04-24T20:57:00.000Z,412.60,UAH,pos,ext-004911
customer-0113,2026-04-24T21:04:00.000Z,413.61,USD,web,
customer-0114,2026-04-24T21:11:00.000Z,414.62,EUR,mobile,
customer-0115,2026-04-24T21:18:00.000Z,415.63,GBP,email,ext-004914
customer-0116,2026-04-24T21:25:00.000Z,416.64,UAH,pos,
customer-0117,2026-04-24T21:32:00.000Z,417.65,USD,web,
customer-0118,2026-04-24T21:39:00.000Z,418.66,EUR,mobile,ext-004917
customer-0119,2026-04-24T21:46:00.000Z,419.67,GBP,email,
customer-0120,2026-04-24T21:53:00.000Z,420.68,UAH,pos,
customer-0121,2026-04-24T22:00:00.000Z,421.69,USD,web,ext-004920
customer-0122,2026-04-24T22:07:00.000Z,422.70,EUR,mobile,
customer-0123,2026-04-24T22:14:00.000Z,423.71,GBP,email,
customer-0124,2026-04-24T22:21:00.000Z,424.72,UAH,pos,ext-004923
customer-0125,2026-04-24T22:28:00.000Z,425.73,USD,web,
customer-0126,2026-04-24T22:35:00.000Z,426.74,EUR,mobile,
customer-0127,2026-04-24T22:42:00.000Z,427.75,GBP,email,ext-004926
customer-0128,2026-04-24T22:49:00.000Z,428.76,UAH,pos,
customer-0129,2026-04-24T22:56:00.000Z,429.77,USD,web,
customer-0130,2026-04-24T23:03:00.000Z,430.78,EUR,mobile,ext-004929
customer-0131,2026-04-24T23:10:00.000Z,431.79,GBP,email,
customer-0132,2026-04-24T23:17:00.000Z,432.80,UAH,pos,
customer-0133,2026-04-24T23:24:00.000Z,433.81,USD,web,ext-004932
customer-0134,2026-04-24T23:31:00.000Z,434.82,EUR,mobile,
customer-0135,2026-04-24T23:38:00.000Z,435.83,GBP,email,
customer-0136,2026-04-24T23:45:00.000Z,436.84,UAH,pos,ext-004935
customer-0137,2026-04-24T23:52:00.000Z,437.85,USD,web,
customer-0138,2026-04-24T23:59:00.000Z,438.86,EUR,mobile,
customer-0139,2026-04-25T00:06:00.000Z,439.87,GBP,email,ext-004938
customer-0140,2026-04-25T00:13:00.000Z,440.88,UAH,pos,
customer-0141,2026-04-25T00:20:00.000Z,441.89,USD,web,
customer-0142,2026-04-25T00:27:00.000Z,442.90,EUR,mobile,ext-004941
customer-0143,2026-04-25T00:34:00.000Z,443.91,GBP,email,
customer-0144,2026-04-25T00:41:00.000Z,444.92,UAH,pos,
customer-0145,2026-04-25T00:48:00.000Z,445.93,USD,web,ext-004944
customer-0146,2026-04-25T00:55:00.000Z,446.94,EUR,mobile,
customer-0147,2026-04-25T01:02:00.000Z,447.95,GBP,email,
customer-0148,2026-04-25T01:09:00.000Z,448.96,UAH,pos,ext-004947
customer-0149,2026-04-25T01:16:00.000Z,449.97,USD,web,
customer-0150,2026-04-25T01:23:00.000Z,450.98,EUR,mobile,
customer-0151,2026-04-25T01:30:00.000Z,451.00,GBP,email,ext-004950
customer-0152,2026-04-25T01:37:00.000Z,452.01,UAH,pos,
customer-0153,2026-04-25T01:44:00.000Z,453.02,USD,web,
customer-0154,2026-04-25T01:51:00.000Z,454.03,EUR,mobile,ext-004953
customer-0155,2026-04-25T01:58:00.000Z,455.04,GBP,email,
customer-0156,2026-04-25T02:05:00.000Z,456.05,UAH,pos,
customer-0157,2026-04-25T02:12:00.000Z,457.06,USD,web,ext-004956
customer-0158,2026-04-25T02:19:00.000Z,458.07,EUR,mobile,
customer-0159,2026-04-25T02:26:00.000Z,459.08,GBP,email,
customer-0160,2026-04-25T02:33:00.000Z,460.09,UAH,pos,ext-004959
customer-0161,2026-04-25T02:40:00.000Z,461.10,USD,web,
customer-0162,2026-04-25T02:47:00.000Z,462.11,EUR,mobile,
customer-0163,2026-04-25T02:54:00.000Z,463.12,GBP,email,ext-004962
customer-0164,2026-04-25T03:01:00.000Z,464.13,UAH,pos,
customer-0165,2026-04-25T03:08:00.000Z,465.14,USD,web,
customer-0166,2026-04-25T03:15:00.000Z,466.15,EUR,mobile,ext-004965
customer-0167,2026-04-25T03:22:00.000Z,467.16,GBP,email,
customer-0168,2026-04-25T03:29:00.000Z,468.17,UAH,pos,
customer-0169,2026-04-25T03:36:00.000Z,469.18,USD,web,ext-004968
customer-0170,2026-04-25T03:43:00.000Z,470.19,EUR,mobile,
customer-0171,2026-04-25T03:50:00.000Z,471.20,GBP,email,
customer-0172,2026-04-25T03:57:00.000Z,472.21,UAH,pos,ext-004971
customer-0173,2026-04-25T04:04:00.000Z,473.22,USD,web,
customer-0174,2026-04-25T04:11:00.000Z,474.23,EUR,mobile,
customer-0175,2026-04-25T04:18:00.000Z,475.24,GBP,email,ext-004974
customer-0176,2026-04-25T04:25:00.000Z,476.25,UAH,pos,
customer-0177,2026-04-25T04:32:00.000Z,477.26,USD,web,
customer-0178,2026-04-25T04:39:00.000Z,478.27,EUR,mobile,ext-004977
customer-0179,2026-04-25T04:46:00.000Z,479.28,GBP,email,
customer-0180,2026-04-25T04:53:00.000Z,480.29,UAH,pos,
customer-0181,2026-04-25T05:00:00.000Z,481.30,USD,web,ext-004980
customer-0182,2026-04-25T05:07:00.000Z,482.31,EUR,mobile,
customer-0183,2026-04-25T05:14:00.000Z,483.32,GBP,email,
customer-0184,2026-04-25T05:21:00.000Z,484.33,UAH,pos,ext-004983
customer-0185,2026-04-25T05:28:00.000Z,485.34,USD,web,
customer-0186,2026-04-25T05:35:00.000Z,486.35,EUR,mobile,
customer-0187,2026-04-25T05:42:00.000Z,487.36,GBP,email,ext-004986
customer-0188,2026-04-25T05:49:00.000Z,488.37,UAH,pos,
customer-0189,2026-04-25T05:56:00.000Z,489.38,USD,web,
customer-0190,2026-04-25T06:03:00.000Z,490.39,EUR,mobile,ext-004989
customer-0191,2026-04-25T06:10:00.000Z,491.40,GBP,email,
customer-0192,2026-04-25T06:17:00.000Z,492.41,UAH,pos,
customer-0193,2026-04-25T06:24:00.000Z,493.42,USD,web,ext-004992
customer-0194,2026-04-25T06:31:00.000Z,494.43,EUR,mobile,
customer-0195,2026-04-25T06:38:00.000Z,495.44,GBP,email,
customer-0196,2026-04-25T06:45:00.000Z,496.45,UAH,pos,ext-004995
customer-0197,2026-04-25T06:52:00.000Z,497.46,USD,web,
customer-0198,2026-04-25T06:59:00.000Z,498.47,EUR,mobile,
customer-0199,2026-04-25T07:06:00.000Z,499.48,GBP,email,ext-004998
customer-0200,2026-04-25T07:13:00.000Z,500.49,UAH,pos,
customer-0201,2026-04-25T07:20:00.000Z,1.50,USD,web,
customer-0202,2026-04-25T07:27:00.000Z,2.51,EUR,mobile,ext-005001
customer-0203,2026-04-25T07:34:00.000Z,3.52,GBP,email,
customer-0204,2026-04-25T07:41:00.000Z,4.53,UAH,pos,
customer-0205,2026-04-25T07:48:00.000Z,5.54,USD,web,ext-005004
customer-0206,2026-04-25T07:55:00.000Z,6.55,EUR,mobile,
customer-0207,2026-04-25T08:02:00.000Z,7.56,GBP,email,
customer-0208,2026-04-25T08:09:00.000Z,8.57,UAH,pos,ext-005007
customer-0209,2026-04-25T08:16:00.000Z,9.58,USD,web,
customer-0210,2026-04-25T08:23:00.000Z,10.59,EUR,mobile,
customer-0211,2026-04-25T08:30:00.000Z,11.60,GBP,email,ext-005010
customer-0212,2026-04-25T08:37:00.000Z,12.61,UAH,pos,
customer-0213,2026-04-25T08:44:00.000Z,13.62,USD,web,
customer-0214,2026-04-25T08:51:00.000Z,14.63,EUR,mobile,ext-005013
customer-0215,2026-04-25T08:58:00.000Z,15.64,GBP,email,
customer-0216,2026-04-25T09:05:00.000Z,16.65,UAH,pos,
customer-0217,2026-04-25T09:12:00.000Z,17.66,USD,web,ext-005016
customer-0218,2026-04-25T09:19:00.000Z,18.67,EUR,mobile,
customer-0219,2026-04-25T09:26:00.000Z,19.68,GBP,email,
customer-0220,2026-04-25T09:33:00.000Z,20.69,UAH,pos,ext-005019
customer-0221,2026-04-25T09:40:00.000Z,21.70,USD,web,
customer-0222,2026-04-25T09:47:00.000Z,22.71,EUR,mobile,
customer-0223,2026-04-25T09:54:00.000Z,23.72,GBP,email,ext-005022
customer-0224,2026-04-25T10:01:00.000Z,24.73,UAH,pos,
customer-0225,2026-04-25T10:08:00.000Z,25.74,USD,web,
customer-0226,2026-04-25T10:15:00.000Z,26.75,EUR,mobile,ext-005025
customer-0227,2026-04-25T10:22:00.000Z,27.76,GBP,email,
customer-0228,2026-04-25T10:29:00.000Z,28.77,UAH,pos,
customer-0229,2026-04-25T10:36:00.000Z,29.78,USD,web,ext-005028
customer-0230,2026-04-25T10:43:00.000Z,30.79,EUR,mobile,
customer-0231,2026-04-25T10:50:00.000Z,31.80,GBP,email,
customer-0232,2026-04-25T10:57:00.000Z,32.81,UAH,pos,ext-005031
customer-0233,2026-04-25T11:04:00.000Z,33.82,USD,web,
customer-0234,2026-04-25T11:11:00.000Z,34.83,EUR,mobile,
customer-0235,2026-04-25T11:18:00.000Z,35.84,GBP,email,ext-005034
customer-0236,2026-04-25T11:25:00.000Z,36.85,UAH,pos,
customer-0237,2026-04-25T11:32:00.000Z,37.86,USD,web,
customer-0238,2026-04-25T11:39:00.000Z,38.87,EUR,mobile,ext-005037
customer-0239,2026-04-25T11:46:00.000Z,39.88,GBP,email,
customer-0240,2026-04-25T11:53:00.000Z,40.89,UAH,pos,
customer-0241,2026-04-25T12:00:00.000Z,41.90,USD,web,ext-005040
customer-0242,2026-04-25T12:07:00.000Z,42.91,EUR,mobile,
customer-0243,2026-04-25T12:14:00.000Z,43.92,GBP,email,
customer-0244,2026-04-25T12:21:00.000Z,44.93,UAH,pos,ext-005043
customer-0245,2026-04-25T12:28:00.000Z,45.94,USD,web,
customer-0246,2026-04-25T12:35:00.000Z,46.95,EUR,mobile,
customer-0247,2026-04-25T12:42:00.000Z,47.96,GBP,email,ext-005046
customer-0248,2026-04-25T12:49:00.000Z,48.97,UAH,pos,
customer-0249,2026-04-25T12:56:00.000Z,49.98,USD,web,
customer-0250,2026-04-25T13:03:00.000Z,50.00,EUR,mobile,ext-005049
customer-0251,2026-04-25T13:10:00.000Z,51.01,GBP,email,
customer-0252,2026-04-25T13:17:00.000Z,52.02,UAH,pos,
customer-0253,2026-04-25T13:24:00.000Z,53.03,USD,web,ext-005052
customer-0254,2026-04-25T13:31:00.000Z,54.04,EUR,mobile,
customer-0255,2026-04-25T13:38:00.000Z,55.05,GBP,email,
customer-0256,2026-04-25T13:45:00.000Z,56.06,UAH,pos,ext-005055
customer-0257,2026-04-25T13:52:00.000Z,57.07,USD,web,
customer-0258,2026-04-25T13:59:00.000Z,58.08,EUR,mobile,
customer-0259,2026-04-25T14:06:00.000Z,59.09,GBP,email,ext-005058
customer-0260,2026-04-25T14:13:00.000Z,60.10,UAH,pos,
customer-0261,2026-04-25T14:20:00.000Z,61.11,USD,web,
customer-0262,2026-04-25T14:27:00.000Z,62.12,EUR,mobile,ext-005061
customer-0263,2026-04-25T14:34:00.000Z,63.13,GBP,email,
customer-0264,2026-04-25T14:41:00.000Z,64.14,UAH,pos,
customer-0265,2026-04-25T14:48:00.000Z,65.15,USD,web,ext-005064
customer-0266,2026-04-25T14:55:00.000Z,66.16,EUR,mobile,
customer-0267,2026-04-25T15:02:00.000Z,67.17,GBP,email,
customer-0268,2026-04-25T15:09:00.000Z,68.18,UAH,pos,ext-005067
customer-0269,2026-04-25T15:16:00.000Z,69.19,USD,web,
customer-0270,2026-04-25T15:23:00.000Z,70.20,EUR,mobile,
customer-0271,2026-04-25T15:30:00.000Z,71.21,GBP,email,ext-005070
customer-0272,2026-04-25T15:37:00.000Z,72.22,UAH,pos,
customer-0273,2026-04-25T15:44:00.000Z,73.23,USD,web,
customer-0274,2026-04-25T15:51:00.000Z,74.24,EUR,mobile,ext-005073
customer-0275,2026-04-25T15:58:00.000Z,75.25,GBP,email,
customer-0276,2026-04-25T16:05:00.000Z,76.26,UAH,pos,
customer-0277,2026-04-25T16:12:00.000Z,77.27,USD,web,ext-005076
customer-0278,2026-04-25T16:19:00.000Z,78.28,EUR,mobile,
customer-0279,2026-04-25T16:26:00.000Z,79.29,GBP,email,
customer-0280,2026-04-25T16:33:00.000Z,80.30,UAH,pos,ext-005079
customer-0281,2026-04-25T16:40:00.000Z,81.31,USD,web,
customer-0282,2026-04-25T16:47:00.000Z,82.32,EUR,mobile,
customer-0283,2026-04-25T16:54:00.000Z,83.33,GBP,email,ext-005082
customer-0284,2026-04-25T17:01:00.000Z,84.34,UAH,pos,
customer-0285,2026-04-25T17:08:00.000Z,85.35,USD,web,
customer-0286,2026-04-25T17:15:00.000Z,86.36,EUR,mobile,ext-005085
customer-0287,2026-04-25T17:22:00.000Z,87.37,GBP,email,
customer-0288,2026-04-25T17:29:00.000Z,88.38,UAH,pos,
customer-0289,2026-04-25T17:36:00.000Z,89.39,USD,web,ext-005088
customer-0290,2026-04-25T17:43:00.000Z,90.40,EUR,mobile,
customer-0291,2026-04-25T17:50:00.000Z,91.41,GBP,email,
customer-0292,2026-04-25T17:57:00.000Z,92.42,UAH,pos,ext-005091
customer-0293,2026-04-25T18:04:00.000Z,93.43,USD,web,
customer-0294,2026-04-25T18:11:00.000Z,94.44,EUR,mobile,
customer-0295,2026-04-25T18:18:00.000Z,95.45,GBP,email,ext-005094
customer-0296,2026-04-25T18:25:00.000Z,96.46,UAH,pos,
customer-0297,2026-04-25T18:32:00.000Z,97.47,USD,web,
customer-0298,2026-04-25T18:39:00.000Z,98.48,EUR,mobile,ext-005097
customer-0299,2026-04-25T18:46:00.000Z,99.49,GBP,email,
customer-0300,2026-04-25T18:53:00.000Z,100.50,UAH,pos,
customer-0301,2026-04-25T19:00:00.000Z,101.51,USD,web,ext-005100
customer-0302,2026-04-25T19:07:00.000Z,102.52,EUR,mobile,
customer-0303,2026-04-25T19:14:00.000Z,103.53,GBP,email,
customer-0304,2026-04-25T19:21:00.000Z,104.54,UAH,pos,ext-005103
customer-0305,2026-04-25T19:28:00.000Z,105.55,USD,web,
customer-0306,2026-04-25T19:35:00.000Z,106.56,EUR,mobile,
customer-0307,2026-04-25T19:42:00.000Z,107.57,GBP,email,ext-005106
customer-0308,2026-04-25T19:49:00.000Z,108.58,UAH,pos,
customer-0309,2026-04-25T19:56:00.000Z,109.59,USD,web,
customer-0310,2026-04-25T20:03:00.000Z,110.60,EUR,mobile,ext-005109
customer-0311,2026-04-25T20:10:00.000Z,111.61,GBP,email,
customer-0312,2026-04-25T20:17:00.000Z,112.62,UAH,pos,
customer-0313,2026-04-25T20:24:00.000Z,113.63,USD,web,ext-005112
customer-0314,2026-04-25T20:31:00.000Z,114.64,EUR,mobile,
customer-0315,2026-04-25T20:38:00.000Z,115.65,GBP,email,
customer-0316,2026-04-25T20:45:00.000Z,116.66,UAH,pos,ext-005115
customer-0317,2026-04-25T20:52:00.000Z,117.67,USD,web,
customer-0318,2026-04-25T20:59:00.000Z,118.68,EUR,mobile,
customer-0319,2026-04-25T21:06:00.000Z,119.69,GBP,email,ext-005118
customer-0320,2026-04-25T21:13:00.000Z,120.70,UAH,pos,
customer-0321,2026-04-25T21:20:00.000Z,121.71,USD,web,
customer-0322,2026-04-25T21:27:00.000Z,122.72,EUR,mobile,ext-005121
customer-0323,2026-04-25T21:34:00.000Z,123.73,GBP,email,
customer-0324,2026-04-25T21:41:00.000Z,124.74,UAH,pos,
customer-0325,2026-04-25T21:48:00.000Z,125.75,USD,web,ext-005124
customer-0326,2026-04-25T21:55:00.000Z,126.76,EUR,mobile,
customer-0327,2026-04-25T22:02:00.000Z,127.77,GBP,email,
customer-0328,2026-04-25T22:09:00.000Z,128.78,UAH,pos,ext-005127
customer-0329,2026-04-25T22:16:00.000Z,129.79,USD,web,
customer-0330,2026-04-25T22:23:00.000Z,130.80,EUR,mobile,
customer-0331,2026-04-25T22:30:00.000Z,131.81,GBP,email,ext-005130
customer-0332,2026-04-25T22:37:00.000Z,132.82,UAH,pos,
customer-0333,2026-04-25T22:44:00.000Z,133.83,USD,web,
customer-0334,2026-04-25T22:51:00.000Z,134.84,EUR,mobile,ext-005133
customer-0335,2026-04-25T22:58:00.000Z,135.85,GBP,email,
customer-0336,2026-04-25T23:05:00.000Z,136.86,UAH,pos,
customer-0337,2026-04-25T23:12:00.000Z,137.87,USD,web,ext-005136
customer-0338,2026-04-25T23:19:00.000Z,138.88,EUR,mobile,
customer-0339,2026-04-25T23:26:00.000Z,139.89,GBP,email,
customer-0340,2026-04-25T23:33:00.000Z,140.90,UAH,pos,ext-005139
customer-0341,2026-04-25T23:40:00.000Z,141.91,USD,web,
customer-0342,2026-04-25T23:47:00.000Z,142.92,EUR,mobile,
customer-0343,2026-04-25T23:54:00.000Z,143.93,GBP,email,ext-005142
customer-0344,2026-04-26T00:01:00.000Z,144.94,UAH,pos,
customer-0345,2026-04-26T00:08:00.000Z,145.95,USD,web,
customer-0346,2026-04-26T00:15:00.000Z,146.96,EUR,mobile,ext-005145
customer-0347,2026-04-26T00:22:00.000Z,147.97,GBP,email,
customer-0348,2026-04-26T00:29:00.000Z,148.98,UAH,pos,
customer-0349,2026-04-26T00:36:00.000Z,149.00,USD,web,ext-005148
customer-0350,2026-04-26T00:43:00.000Z,150.01,EUR,mobile,
customer-0351,2026-04-26T00:50:00.000Z,151.02,GBP,email,
customer-0352,2026-04-26T00:57:00.000Z,152.03,UAH,pos,ext-005151
customer-0353,2026-04-26T01:04:00.000Z,153.04,USD,web,
customer-0354,2026-04-26T01:11:00.000Z,154.05,EUR,mobile,
customer-0355,2026-04-26T01:18:00.000Z,155.06,GBP,email,ext-005154
customer-0356,2026-04-26T01:25:00.000Z,156.07,UAH,pos,
customer-0357,2026-04-26T01:32:00.000Z,157.08,USD,web,
customer-0358,2026-04-26T01:39:00.000Z,158.09,EUR,mobile,ext-005157
customer-0359,2026-04-26T01:46:00.000Z,159.10,GBP,email,
customer-0360,2026-04-26T01:53:00.000Z,160.11,UAH,pos,
customer-0361,2026-04-26T02:00:00.000Z,161.12,USD,web,ext-005160
customer-0362,2026-04-26T02:07:00.000Z,162.13,EUR,mobile,
customer-0363,2026-04-26T02:14:00.000Z,163.14,GBP,email,
customer-0364,2026-04-26T02:21:00.000Z,164.15,UAH,pos,ext-005163
customer-0365,2026-04-26T02:28:00.000Z,165.16,USD,web,
customer-0366,2026-04-26T02:35:00.000Z,166.17,EUR,mobile,
customer-0367,2026-04-26T02:42:00.000Z,167.18,GBP,email,ext-005166
customer-0368,2026-04-26T02:49:00.000Z,168.19,UAH,pos,
customer-0369,2026-04-26T02:56:00.000Z,169.20,USD,web,
customer-0370,2026-04-26T03:03:00.000Z,170.21,EUR,mobile,ext-005169
customer-0371,2026-04-26T03:10:00.000Z,171.22,GBP,email,
customer-0372,2026-04-26T03:17:00.000Z,172.23,UAH,pos,
customer-0373,2026-04-26T03:24:00.000Z,173.24,USD,web,ext-005172
customer-0374,2026-04-26T03:31:00.000Z,174.25,EUR,mobile,
customer-0375,2026-04-26T03:38:00.000Z,175.26,GBP,email,
customer-0376,2026-04-26T03:45:00.000Z,176.27,UAH,pos,ext-005175
customer-0377,2026-04-26T03:52:00.000Z,177.28,USD,web,
customer-0378,2026-04-26T03:59:00.000Z,178.29,EUR,mobile,
customer-0379,2026-04-26T04:06:00.000Z,179.30,GBP,email,ext-005178
customer-0380,2026-04-26T04:13:00.000Z,180.31,UAH,pos,
customer-0381,2026-04-26T04:20:00.000Z,181.32,USD,web,
customer-0382,2026-04-26T04:27:00.000Z,182.33,EUR,mobile,ext-005181
customer-0383,2026-04-26T04:34:00.000Z,183.34,GBP,email,
customer-0384,2026-04-26T04:41:00.000Z,184.35,UAH,pos,
customer-0385,2026-04-26T04:48:00.000Z,185.36,USD,web,ext-005184
customer-0386,2026-04-26T04:55:00.000Z,186.37,EUR,mobile,
customer-0387,2026-04-26T05:02:00.000Z,187.38,GBP,email,
customer-0388,2026-04-26T05:09:00.000Z,188.39,UAH,pos,ext-005187
customer-0389,2026-04-26T05:16:00.000Z,189.40,USD,web,
customer-0390,2026-04-26T05:23:00.000Z,190.41,EUR,mobile,
customer-0391,2026-04-26T05:30:00.000Z,191.42,GBP,email,ext-005190
customer-0392,2026-04-26T05:37:00.000Z,192.43,UAH,pos,
customer-0393,2026-04-26T05:44:00.000Z,193.44,USD,web,
customer-0394,2026-04-26T05:51:00.000Z,194.45,EUR,mobile,ext-005193
customer-0395,2026-04-26T05:58:00.000Z,195.46,GBP,email,
customer-0396,2026-04-26T06:05:00.000Z,196.47,UAH,pos,
customer-0397,2026-04-26T06:12:00.000Z,197.48,USD,web,ext-005196
customer-0398,2026-04-26T06:19:00.000Z,198.49,EUR,mobile,
customer-0399,2026-04-26T06:26:00.000Z,199.50,GBP,email,
customer-0400,2026-04-26T06:33:00.000Z,200.51,UAH,pos,ext-005199
customer-0401,2026-04-26T06:40:00.000Z,201.52,USD,web,
customer-0402,2026-04-26T06:47:00.000Z,202.53,EUR,mobile,
customer-0403,2026-04-26T06:54:00.000Z,203.54,GBP,email,ext-005202
customer-0404,2026-04-26T07:01:00.000Z,204.55,UAH,pos,
customer-0405,2026-04-26T07:08:00.000Z,205.56,USD,web,
customer-0406,2026-04-26T07:15:00.000Z,206.57,EUR,mobile,ext-005205
customer-0407,2026-04-26T07:22:00.000Z,207.58,GBP,email,
customer-0408,2026-04-26T07:29:00.000Z,208.59,UAH,pos,
customer-0409,2026-04-26T07:36:00.000Z,209.60,USD,web,ext-005208
customer-0410,2026-04-26T07:43:00.000Z,210.61,EUR,mobile,
customer-0411,2026-04-26T07:50:00.000Z,211.62,GBP,email,
customer-0412,2026-04-26T07:57:00.000Z,212.63,UAH,pos,ext-005211
customer-0413,2026-04-26T08:04:00.000Z,213.64,USD,web,
customer-0414,2026-04-26T08:11:00.000Z,214.65,EUR,mobile,
customer-0415,2026-04-26T08:18:00.000Z,215.66,GBP,email,ext-005214
customer-0416,2026-04-26T08:25:00.000Z,216.67,UAH,pos,
customer-0417,2026-04-26T08:32:00.000Z,217.68,USD,web,
customer-0418,2026-04-26T08:39:00.000Z,218.69,EUR,mobile,ext-005217
customer-0419,2026-04-26T08:46:00.000Z,219.70,GBP,email,
customer-0420,2026-04-26T08:53:00.000Z,220.71,UAH,pos,
customer-0421,2026-04-26T09:00:00.000Z,221.72,USD,web,ext-005220
customer-0422,2026-04-26T09:07:00.000Z,222.73,EUR,mobile,
customer-0423,2026-04-26T09:14:00.000Z,223.74,GBP,email,
customer-0424,2026-04-26T09:21:00.000Z,224.75,UAH,pos,ext-005223
customer-0425,2026-04-26T09:28:00.000Z,225.76,USD,web,
customer-0426,2026-04-26T09:35:00.000Z,226.77,EUR,mobile,
customer-0427,2026-04-26T09:42:00.000Z,227.78,GBP,email,ext-005226
customer-0428,2026-04-26T09:49:00.000Z,228.79,UAH,pos,
customer-0429,2026-04-26T09:56:00.000Z,229.80,USD,web,
customer-0430,2026-04-26T10:03:00.000Z,230.81,EUR,mobile,ext-005229
customer-0431,2026-04-26T10:10:00.000Z,231.82,GBP,email,
customer-0432,2026-04-26T10:17:00.000Z,232.83,UAH,pos,
customer-0433,2026-04-26T10:24:00.000Z,233.84,USD,web,ext-005232
customer-0434,2026-04-26T10:31:00.000Z,234.85,EUR,mobile,
customer-0435,2026-04-26T10:38:00.000Z,235.86,GBP,email,
customer-0436,2026-04-26T10:45:00.000Z,236.87,UAH,pos,ext-005235
customer-0437,2026-04-26T10:52:00.000Z,237.88,USD,web,
customer-0438,2026-04-26T10:59:00.000Z,238.89,EUR,mobile,
customer-0439,2026-04-26T11:06:00.000Z,239.90,GBP,email,ext-005238
customer-0440,2026-04-26T11:13:00.000Z,240.91,UAH,pos,
customer-0441,2026-04-26T11:20:00.000Z,241.92,USD,web,
customer-0442,2026-04-26T11:27:00.000Z,242.93,EUR,mobile,ext-005241
customer-0443,2026-04-26T11:34:00.000Z,243.94,GBP,email,
customer-0444,2026-04-26T11:41:00.000Z,244.95,UAH,pos,
customer-0445,2026-04-26T11:48:00.000Z,245.96,USD,web,ext-005244
customer-0446,2026-04-26T11:55:00.000Z,246.97,EUR,mobile,
customer-0447,2026-04-26T12:02:00.000Z,247.98,GBP,email,
customer-0448,2026-04-26T12:09:00.000Z,248.00,UAH,pos,ext-005247
customer-0449,2026-04-26T12:16:00.000Z,249.01,USD,web,
customer-0450,2026-04-26T12:23:00.000Z,250.02,EUR,mobile,
customer-0451,2026-04-26T12:30:00.000Z,251.03,GBP,email,ext-005250
customer-0452,2026-04-26T12:37:00.000Z,252.04,UAH,pos,
customer-0453,2026-04-26T12:44:00.000Z,253.05,USD,web,
customer-0454,2026-04-26T12:51:00.000Z,254.06,EUR,mobile,ext-005253
customer-0455,2026-04-26T12:58:00.000Z,255.07,GBP,email,
customer-0456,2026-04-26T13:05:00.000Z,256.08,UAH,pos,
customer-0457,2026-04-26T13:12:00.000Z,257.09,USD,web,ext-005256
customer-0458,2026-04-26T13:19:00.000Z,258.10,EUR,mobile,
customer-0459,2026-04-26T13:26:00.000Z,259.11,GBP,email,
customer-0460,2026-04-26T13:33:00.000Z,260.12,UAH,pos,ext-005259
customer-0461,2026-04-26T13:40:00.000Z,261.13,USD,web,
customer-0462,2026-04-26T13:47:00.000Z,262.14,EUR,mobile,
customer-0463,2026-04-26T13:54:00.000Z,263.15,GBP,email,ext-005262
customer-0464,2026-04-26T14:01:00.000Z,264.16,UAH,pos,
customer-0465,2026-04-26T14:08:00.000Z,265.17,USD,web,
customer-0466,2026-04-26T14:15:00.000Z,266.18,EUR,mobile,ext-005265
customer-0467,2026-04-26T14:22:00.000Z,267.19,GBP,email,
customer-0468,2026-04-26T14:29:00.000Z,268.20,UAH,pos,
customer-0469,2026-04-26T14:36:00.000Z,269.21,USD,web,ext-005268
customer-0470,2026-04-26T14:43:00.000Z,270.22,EUR,mobile,
customer-0471,2026-04-26T14:50:00.000Z,271.23,GBP,email,
customer-0472,2026-04-26T14:57:00.000Z,272.24,UAH,pos,ext-005271
customer-0473,2026-04-26T15:04:00.000Z,273.25,USD,web,
customer-0474,2026-04-26T15:11:00.000Z,274.26,EUR,mobile,
customer-0475,2026-04-26T15:18:00.000Z,275.27,GBP,email,ext-005274
customer-0476,2026-04-26T15:25:00.000Z,276.28,UAH,pos,
customer-0477,2026-04-26T15:32:00.000Z,277.29,USD,web,
customer-0478,2026-04-26T15:39:00.000Z,278.30,EUR,mobile,ext-005277
customer-0479,2026-04-26T15:46:00.000Z,279.31,GBP,email,
customer-0480,2026-04-26T15:53:00.000Z,280.32,UAH,pos,
customer-0481,2026-04-26T16:00:00.000Z,281.33,USD,web,ext-005280
customer-0482,2026-04-26T16:07:00.000Z,282.34,EUR,mobile,
customer-0483,2026-04-26T16:14:00.000Z,283.35,GBP,email,
customer-0484,2026-04-26T16:21:00.000Z,284.36,UAH,pos,ext-005283
customer-0485,2026-04-26T16:28:00.000Z,285.37,USD,web,
customer-0486,2026-04-26T16:35:00.000Z,286.38,EUR,mobile,
customer-0487,2026-04-26T16:42:00.000Z,287.39,GBP,email,ext-005286
customer-0488,2026-04-26T16:49:00.000Z,288.40,UAH,pos,
customer-0489,2026-04-26T16:56:00.000Z,289.41,USD,web,
customer-0490,2026-04-26T17:03:00.000Z,290.42,EUR,mobile,ext-005289
customer-0491,2026-04-26T17:10:00.000Z,291.43,GBP,email,
customer-0492,2026-04-26T17:17:00.000Z,292.44,UAH,pos,
customer-0493,2026-04-26T17:24:00.000Z,293.45,USD,web,ext-005292
customer-0494,2026-04-26T17:31:00.000Z,294.46,EUR,mobile,
customer-0495,2026-04-26T17:38:00.000Z,295.47,GBP,email,
customer-0496,2026-04-26T17:45:00.000Z,296.48,UAH,pos,ext-005295
customer-0497,2026-04-26T17:52:00.000Z,297.49,USD,web,
customer-0498,2026-04-26T17:59:00.000Z,298.50,EUR,mobile,
customer-0499,2026-04-26T18:06:00.000Z,299.51,GBP,email,ext-005298
customer-0500,2026-04-26T18:13:00.000Z,300.52,UAH,pos,
customer-0501,2026-04-26T18:20:00.000Z,301.53,USD,web,
customer-0502,2026-04-26T18:27:00.000Z,302.54,EUR,mobile,ext-005301
customer-0503,2026-04-26T18:34:00.000Z,303.55,GBP,email,
customer-0504,2026-04-26T18:41:00.000Z,304.56,UAH,pos,
customer-0505,2026-04-26T18:48:00.000Z,305.57,USD,web,ext-005304
customer-0506,2026-04-26T18:55:00.000Z,306.58,EUR,mobile,
customer-0507,2026-04-26T19:02:00.000Z,307.59,GBP,email,
customer-0508,2026-04-26T19:09:00.000Z,308.60,UAH,pos,ext-005307
customer-0509,2026-04-26T19:16:00.000Z,309.61,USD,web,
customer-0510,2026-04-26T19:23:00.000Z,310.62,EUR,mobile,
customer-0511,2026-04-26T19:30:00.000Z,311.63,GBP,email,ext-005310
customer-0512,2026-04-26T19:37:00.000Z,312.64,UAH,pos,
customer-0513,2026-04-26T19:44:00.000Z,313.65,USD,web,
customer-0514,2026-04-26T19:51:00.000Z,314.66,EUR,mobile,ext-005313
customer-0515,2026-04-26T19:58:00.000Z,315.67,GBP,email,
customer-0516,2026-04-26T20:05:00.000Z,316.68,UAH,pos,
customer-0517,2026-04-26T20:12:00.000Z,317.69,USD,web,ext-005316
customer-0518,2026-04-26T20:19:00.000Z,318.70,EUR,mobile,
customer-0519,2026-04-26T20:26:00.000Z,319.71,GBP,email,
customer-0520,2026-04-26T20:33:00.000Z,320.72,UAH,pos,ext-005319
customer-0521,2026-04-26T20:40:00.000Z,321.73,USD,web,
customer-0522,2026-04-26T20:47:00.000Z,322.74,EUR,mobile,
customer-0523,2026-04-26T20:54:00.000Z,323.75,GBP,email,ext-005322
customer-0524,2026-04-26T21:01:00.000Z,324.76,UAH,pos,
customer-0525,2026-04-26T21:08:00.000Z,325.77,USD,web,
customer-0526,2026-04-26T21:15:00.000Z,326.78,EUR,mobile,ext-005325
customer-0527,2026-04-26T21:22:00.000Z,327.79,GBP,email,
customer-0528,2026-04-26T21:29:00.000Z,328.80,UAH,pos,
customer-0529,2026-04-26T21:36:00.000Z,329.81,USD,web,ext-005328
customer-0530,2026-04-26T21:43:00.000Z,330.82,EUR,mobile,
customer-0531,2026-04-26T21:50:00.000Z,331.83,GBP,email,
customer-0532,2026-04-26T21:57:00.000Z,332.84,UAH,pos,ext-005331
customer-0533,2026-04-26T22:04:00.000Z,333.85,USD,web,
customer-0534,2026-04-26T22:11:00.000Z,334.86,EUR,mobile,
customer-0535,2026-04-26T22:18:00.000Z,335.87,GBP,email,ext-005334
customer-0536,2026-04-26T22:25:00.000Z,336.88,UAH,pos,
customer-0537,2026-04-26T22:32:00.000Z,337.89,USD,web,
customer-0538,2026-04-26T22:39:00.000Z,338.90,EUR,mobile,ext-005337
customer-0539,2026-04-26T22:46:00.000Z,339.91,GBP,email,
customer-0540,2026-04-26T22:53:00.000Z,340.92,UAH,pos,
customer-0541,2026-04-26T23:00:00.000Z,341.93,USD,web,ext-005340
customer-0542,2026-04-26T23:07:00.000Z,342.94,EUR,mobile,
customer-0543,2026-04-26T23:14:00.000Z,343.95,GBP,email,
customer-0544,2026-04-26T23:21:00.000Z,344.96,UAH,pos,ext-005343
customer-0545,2026-04-26T23:28:00.000Z,345.97,USD,web,
customer-0546,2026-04-26T23:35:00.000Z,346.98,EUR,mobile,
customer-0547,2026-04-26T23:42:00.000Z,347.00,GBP,email,ext-005346
customer-0548,2026-04-26T23:49:00.000Z,348.01,UAH,pos,
customer-0549,2026-04-26T23:56:00.000Z,349.02,USD,web,
customer-0550,2026-04-27T00:03:00.000Z,350.03,EUR,mobile,ext-005349
customer-0551,2026-04-27T00:10:00.000Z,351.04,GBP,email,
customer-0552,2026-04-27T00:17:00.000Z,352.05,UAH,pos,
customer-0553,2026-04-27T00:24:00.000Z,353.06,USD,web,ext-005352
customer-0554,2026-04-27T00:31:00.000Z,354.07,EUR,mobile,
customer-0555,2026-04-27T00:38:00.000Z,355.08,GBP,email,
customer-0556,2026-04-27T00:45:00.000Z,356.09,UAH,pos,ext-005355
customer-0557,2026-04-27T00:52:00.000Z,357.10,USD,web,
customer-0558,2026-04-27T00:59:00.000Z,358.11,EUR,mobile,
customer-0559,2026-04-27T01:06:00.000Z,359.12,GBP,email,ext-005358
customer-0560,2026-04-27T01:13:00.000Z,360.13,UAH,pos,
customer-0561,2026-04-27T01:20:00.000Z,361.14,USD,web,
customer-0562,2026-04-27T01:27:00.000Z,362.15,EUR,mobile,ext-005361
customer-0563,2026-04-27T01:34:00.000Z,363.16,GBP,email,
customer-0564,2026-04-27T01:41:00.000Z,364.17,UAH,pos,
customer-0565,2026-04-27T01:48:00.000Z,365.18,USD,web,ext-005364
customer-0566,2026-04-27T01:55:00.000Z,366.19,EUR,mobile,
customer-0567,2026-04-27T02:02:00.000Z,367.20,GBP,email,
customer-0568,2026-04-27T02:09:00.000Z,368.21,UAH,pos,ext-005367
customer-0569,2026-04-27T02:16:00.000Z,369.22,USD,web,
customer-0570,2026-04-27T02:23:00.000Z,370.23,EUR,mobile,
customer-0571,2026-04-27T02:30:00.000Z,371.24,GBP,email,ext-005370
customer-0572,2026-04-27T02:37:00.000Z,372.25,UAH,pos,
customer-0573,2026-04-27T02:44:00.000Z,373.26,USD,web,
customer-0574,2026-04-27T02:51:00.000Z,374.27,EUR,mobile,ext-005373
customer-0575,2026-04-27T02:58:00.000Z,375.28,GBP,email,
customer-0576,2026-04-27T03:05:00.000Z,376.29,UAH,pos,
customer-0577,2026-04-27T03:12:00.000Z,377.30,USD,web,ext-005376
customer-0578,2026-04-27T03:19:00.000Z,378.31,EUR,mobile,
customer-0579,2026-04-27T03:26:00.000Z,379.32,GBP,email,
customer-0580,2026-04-27T03:33:00.000Z,380.33,UAH,pos,ext-005379
customer-0581,2026-04-27T03:40:00.000Z,381.34,USD,web,
customer-0582,2026-04-27T03:47:00.000Z,382.35,EUR,mobile,
customer-0583,2026-04-27T03:54:00.000Z,383.36,GBP,email,ext-005382
customer-0584,2026-04-27T04:01:00.000Z,384.37,UAH,pos,
customer-0585,2026-04-27T04:08:00.000Z,385.38,USD,web,
customer-0586,2026-04-27T04:15:00.000Z,386.39,EUR,mobile,ext-005385
customer-0587,2026-04-27T04:22:00.000Z,387.40,GBP,email,
customer-0588,2026-04-27T04:29:00.000Z,388.41,UAH,pos,
customer-0589,2026-04-27T04:36:00.000Z,389.42,USD,web,ext-005388
customer-0590,2026-04-27T04:43:00.000Z,390.43,EUR,mobile,
customer-0591,2026-04-27T04:50:00.000Z,391.44,GBP,email,
customer-0592,2026-04-27T04:57:00.000Z,392.45,UAH,pos,ext-005391
customer-0593,2026-04-27T05:04:00.000Z,393.46,USD,web,
customer-0594,2026-04-27T05:11:00.000Z,394.47,EUR,mobile,
customer-0595,2026-04-27T05:18:00.000Z,395.48,GBP,email,ext-005394
customer-0596,2026-04-27T05:25:00.000Z,396.49,UAH,pos,
customer-0597,2026-04-27T05:32:00.000Z,397.50,USD,web,
customer-0598,2026-04-27T05:39:00.000Z,398.51,EUR,mobile,ext-005397
customer-0599,2026-04-27T05:46:00.000Z,399.52,GBP,email,
customer-0600,2026-04-27T05:53:00.000Z,400.53,UAH,pos,
customer-0601,2026-04-27T06:00:00.000Z,401.54,USD,web,ext-005400
customer-0602,2026-04-27T06:07:00.000Z,402.55,EUR,mobile,
customer-0603,2026-04-27T06:14:00.000Z,403.56,GBP,email,
customer-0604,2026-04-27T06:21:00.000Z,404.57,UAH,pos,ext-005403
customer-0605,2026-04-27T06:28:00.000Z,405.58,USD,web,
customer-0606,2026-04-27T06:35:00.000Z,406.59,EUR,mobile,
customer-0607,2026-04-27T06:42:00.000Z,407.60,GBP,email,ext-005406
customer-0608,2026-04-27T06:49:00.000Z,408.61,UAH,pos,
customer-0609,2026-04-27T06:56:00.000Z,409.62,USD,web,
customer-0610,2026-04-27T07:03:00.000Z,410.63,EUR,mobile,ext-005409
customer-0611,2026-04-27T07:10:00.000Z,411.64,GBP,email,
customer-0612,2026-04-27T07:17:00.000Z,412.65,UAH,pos,
customer-0613,2026-04-27T07:24:00.000Z,413.66,USD,web,ext-005412
customer-0614,2026-04-27T07:31:00.000Z,414.67,EUR,mobile,
customer-0615,2026-04-27T07:38:00.000Z,415.68,GBP,email,
customer-0616,2026-04-27T07:45:00.000Z,416.69,UAH,pos,ext-005415
customer-0617,2026-04-27T07:52:00.000Z,417.70,USD,web,
customer-0618,2026-04-27T07:59:00.000Z,418.71,EUR,mobile,
customer-0619,2026-04-27T08:06:00.000Z,419.72,GBP,email,ext-005418
customer-0620,2026-04-27T08:13:00.000Z,420.73,UAH,pos,
customer-0621,2026-04-27T08:20:00.000Z,421.74,USD,web,
customer-0622,2026-04-27T08:27:00.000Z,422.75,EUR,mobile,ext-005421
customer-0623,2026-04-27T08:34:00.000Z,423.76,GBP,email,
customer-0624,2026-04-27T08:41:00.000Z,424.77,UAH,pos,
customer-0625,2026-04-27T08:48:00.000Z,425.78,USD,web,ext-005424
customer-0626,2026-04-27T08:55:00.000Z,426.79,EUR,mobile,
customer-0627,2026-04-27T09:02:00.000Z,427.80,GBP,email,
customer-0628,2026-04-27T09:09:00.000Z,428.81,UAH,pos,ext-005427
customer-0629,2026-04-27T09:16:00.000Z,429.82,USD,web,
customer-0630,2026-04-27T09:23:00.000Z,430.83,EUR,mobile,
customer-0631,2026-04-27T09:30:00.000Z,431.84,GBP,email,ext-005430
customer-0632,2026-04-27T09:37:00.000Z,432.85,UAH,pos,
customer-0633,2026-04-27T09:44:00.000Z,433.86,USD,web,
customer-0634,2026-04-27T09:51:00.000Z,434.87,EUR,mobile,ext-005433
customer-0635,2026-04-27T09:58:00.000Z,435.88,GBP,email,
customer-0636,2026-04-27T10:05:00.000Z,436.89,UAH,pos,
customer-0637,2026-04-27T10:12:00.000Z,437.90,USD,web,ext-005436
customer-0638,2026-04-27T10:19:00.000Z,438.91,EUR,mobile,
customer-0639,2026-04-27T10:26:00.000Z,439.92,GBP,email,
customer-0640,2026-04-27T10:33:00.000Z,440.93,UAH,pos,ext-005439
customer-0641,2026-04-27T10:40:00.000Z,441.94,USD,web,
customer-0642,2026-04-27T10:47:00.000Z,442.95,EUR,mobile,
customer-0643,2026-04-27T10:54:00.000Z,443.96,GBP,email,ext-005442
customer-0644,2026-04-27T11:01:00.000Z,444.97,UAH,pos,
customer-0645,2026-04-27T11:08:00.000Z,445.98,USD,web,
customer-0646,2026-04-27T11:15:00.000Z,446.00,EUR,mobile,ext-005445
customer-0647,2026-04-27T11:22:00.000Z,447.01,GBP,email,
customer-0648,2026-04-27T11:29:00.000Z,448.02,UAH,pos,
customer-0649,2026-04-27T11:36:00.000Z,449.03,USD,web,ext-005448
customer-0650,2026-04-27T11:43:00.000Z,450.04,EUR,mobile,
customer-0651,2026-04-27T11:50:00.000Z,451.05,GBP,email,
customer-0652,2026-04-27T11:57:00.000Z,452.06,UAH,pos,ext-005451
customer-0653,2026-04-27T12:04:00.000Z,453.07,USD,web,
customer-0654,2026-04-27T12:11:00.000Z,454.08,EUR,mobile,
customer-0655,2026-04-27T12:18:00.000Z,455.09,GBP,email,ext-005454
customer-0656,2026-04-27T12:25:00.000Z,456.10,UAH,pos,
customer-0657,2026-04-27T12:32:00.000Z,457.11,USD,web,
customer-0658,2026-04-27T12:39:00.000Z,458.12,EUR,mobile,ext-005457
customer-0659,2026-04-27T12:46:00.000Z,459.13,GBP,email,
customer-0660,2026-04-27T12:53:00.000Z,460.14,UAH,pos,
customer-0661,2026-04-27T13:00:00.000Z,461.15,USD,web,ext-005460
customer-0662,2026-04-27T13:07:00.000Z,462.16,EUR,mobile,
customer-0663,2026-04-27T13:14:00.000Z,463.17,GBP,email,
customer-0664,2026-04-27T13:21:00.000Z,464.18,UAH,pos,ext-005463
customer-0665,2026-04-27T13:28:00.000Z,465.19,USD,web,
customer-0666,2026-04-27T13:35:00.000Z,466.20,EUR,mobile,
customer-0667,2026-04-27T13:42:00.000Z,467.21,GBP,email,ext-005466
customer-0668,2026-04-27T13:49:00.000Z,468.22,UAH,pos,
customer-0669,2026-04-27T13:56:00.000Z,469.23,USD,web,
customer-0670,2026-04-27T14:03:00.000Z,470.24,EUR,mobile,ext-005469
customer-0671,2026-04-27T14:10:00.000Z,471.25,GBP,email,
customer-0672,2026-04-27T14:17:00.000Z,472.26,UAH,pos,
customer-0673,2026-04-27T14:24:00.000Z,473.27,USD,web,ext-005472
customer-0674,2026-04-27T14:31:00.000Z,474.28,EUR,mobile,
customer-0675,2026-04-27T14:38:00.000Z,475.29,GBP,email,
customer-0676,2026-04-27T14:45:00.000Z,476.30,UAH,pos,ext-005475
customer-0677,2026-04-27T14:52:00.000Z,477.31,USD,web,
customer-0678,2026-04-27T14:59:00.000Z,478.32,EUR,mobile,
customer-0679,2026-04-27T15:06:00.000Z,479.33,GBP,email,ext-005478
customer-0680,2026-04-27T15:13:00.000Z,480.34,UAH,pos,
customer-0681,2026-04-27T15:20:00.000Z,481.35,USD,web,
customer-0682,2026-04-27T15:27:00.000Z,482.36,EUR,mobile,ext-005481
customer-0683,2026-04-27T15:34:00.000Z,483.37,GBP,email,
customer-0684,2026-04-27T15:41:00.000Z,484.38,UAH,pos,
customer-0685,2026-04-27T15:48:00.000Z,485.39,USD,web,ext-005484
customer-0686,2026-04-27T15:55:00.000Z,486.40,EUR,mobile,
customer-0687,2026-04-27T16:02:00.000Z,487.41,GBP,email,
customer-0688,2026-04-27T16:09:00.000Z,488.42,UAH,pos,ext-005487
customer-0689,2026-04-27T16:16:00.000Z,489.43,USD,web,
customer-0690,2026-04-27T16:23:00.000Z,490.44,EUR,mobile,
customer-0691,2026-04-27T16:30:00.000Z,491.45,GBP,email,ext-005490
customer-0692,2026-04-27T16:37:00.000Z,492.46,UAH,pos,
customer-0693,2026-04-27T16:44:00.000Z,493.47,USD,web,
customer-0694,2026-04-27T16:51:00.000Z,494.48,EUR,mobile,ext-005493
customer-0695,2026-04-27T16:58:00.000Z,495.49,GBP,email,
customer-0696,2026-04-27T17:05:00.000Z,496.50,UAH,pos,
customer-0697,2026-04-27T17:12:00.000Z,497.51,USD,web,ext-005496
customer-0698,2026-04-27T17:19:00.000Z,498.52,EUR,mobile,
customer-0699,2026-04-27T17:26:00.000Z,499.53,GBP,email,
customer-0700,2026-04-27T17:33:00.000Z,500.54,UAH,pos,ext-005499
customer-0701,2026-04-27T17:40:00.000Z,1.55,USD,web,
customer-0702,2026-04-27T17:47:00.000Z,2.56,EUR,mobile,
customer-0703,2026-04-27T17:54:00.000Z,3.57,GBP,email,ext-005502
customer-0704,2026-04-27T18:01:00.000Z,4.58,UAH,pos,
customer-0705,2026-04-27T18:08:00.000Z,5.59,USD,web,
customer-0706,2026-04-27T18:15:00.000Z,6.60,EUR,mobile,ext-005505
customer-0707,2026-04-27T18:22:00.000Z,7.61,GBP,email,
customer-0708,2026-04-27T18:29:00.000Z,8.62,UAH,pos,
customer-0709,2026-04-27T18:36:00.000Z,9.63,USD,web,ext-005508
customer-0710,2026-04-27T18:43:00.000Z,10.64,EUR,mobile,
customer-0711,2026-04-27T18:50:00.000Z,11.65,GBP,email,
customer-0712,2026-04-27T18:57:00.000Z,12.66,UAH,pos,ext-005511
customer-0713,2026-04-27T19:04:00.000Z,13.67,USD,web,
customer-0714,2026-04-27T19:11:00.000Z,14.68,EUR,mobile,
customer-0715,2026-04-27T19:18:00.000Z,15.69,GBP,email,ext-005514
customer-0716,2026-04-27T19:25:00.000Z,16.70,UAH,pos,
customer-0717,2026-04-27T19:32:00.000Z,17.71,USD,web,
customer-0718,2026-04-27T19:39:00.000Z,18.72,EUR,mobile,ext-005517
customer-0719,2026-04-27T19:46:00.000Z,19.73,GBP,email,
customer-0720,2026-04-27T19:53:00.000Z,20.74,UAH,pos,
customer-0721,2026-04-27T20:00:00.000Z,21.75,USD,web,ext-005520
customer-0722,2026-04-27T20:07:00.000Z,22.76,EUR,mobile,
customer-0723,2026-04-27T20:14:00.000Z,23.77,GBP,email,
customer-0724,2026-04-27T20:21:00.000Z,24.78,UAH,pos,ext-005523
customer-0725,2026-04-27T20:28:00.000Z,25.79,USD,web,
customer-0726,2026-04-27T20:35:00.000Z,26.80,EUR,mobile,
customer-0727,2026-04-27T20:42:00.000Z,27.81,GBP,email,ext-005526
customer-0728,2026-04-27T20:49:00.000Z,28.82,UAH,pos,
customer-0729,2026-04-27T20:56:00.000Z,29.83,USD,web,
customer-0730,2026-04-27T21:03:00.000Z,30.84,EUR,mobile,ext-005529
customer-0731,2026-04-27T21:10:00.000Z,31.85,GBP,email,
customer-0732,2026-04-27T21:17:00.000Z,32.86,UAH,pos,
customer-0733,2026-04-27T21:24:00.000Z,33.87,USD,web,ext-005532
customer-0734,2026-04-27T21:31:00.000Z,34.88,EUR,mobile,
customer-0735,2026-04-27T21:38:00.000Z,35.89,GBP,email,
customer-0736,2026-04-27T21:45:00.000Z,36.90,UAH,pos,ext-005535
customer-0737,2026-04-27T21:52:00.000Z,37.91,USD,web,
customer-0738,2026-04-27T21:59:00.000Z,38.92,EUR,mobile,
customer-0739,2026-04-27T22:06:00.000Z,39.93,GBP,email,ext-005538
customer-0740,2026-04-27T22:13:00.000Z,40.94,UAH,pos,
customer-0741,2026-04-27T22:20:00.000Z,41.95,USD,web,
customer-0742,2026-04-27T22:27:00.000Z,42.96,EUR,mobile,ext-005541
customer-0743,2026-04-27T22:34:00.000Z,43.97,GBP,email,
customer-0744,2026-04-27T22:41:00.000Z,44.98,UAH,pos,
customer-0745,2026-04-27T22:48:00.000Z,45.00,USD,web,ext-005544
customer-0746,2026-04-27T22:55:00.000Z,46.01,EUR,mobile,
customer-0747,2026-04-27T23:02:00.000Z,47.02,GBP,email,
customer-0748,2026-04-27T23:09:00.000Z,48.03,UAH,pos,ext-005547
customer-0749,2026-04-27T23:16:00.000Z,49.04,USD,web,
customer-0750,2026-04-27T23:23:00.000Z,50.05,EUR,mobile,
customer-0751,2026-04-27T23:30:00.000Z,51.06,GBP,email,ext-005550
customer-0752,2026-04-27T23:37:00.000Z,52.07,UAH,pos,
customer-0753,2026-04-27T23:44:00.000Z,53.08,USD,web,
customer-0754,2026-04-27T23:51:00.000Z,54.09,EUR,mobile,ext-005553
customer-0755,2026-04-27T23:58:00.000Z,55.10,GBP,email,
customer-0756,2026-04-28T00:05:00.000Z,56.11,UAH,pos,
customer-0757,2026-04-28T00:12:00.000Z,57.12,USD,web,ext-005556
customer-0758,2026-04-28T00:19:00.000Z,58.13,EUR,mobile,
customer-0759,2026-04-28T00:26:00.000Z,59.14,GBP,email,
customer-0760,2026-04-28T00:33:00.000Z,60.15,UAH,pos,ext-005559
customer-0761,2026-04-28T00:40:00.000Z,61.16,USD,web,
customer-0762,2026-04-28T00:47:00.000Z,62.17,EUR,mobile,
customer-0763,2026-04-28T00:54:00.000Z,63.18,GBP,email,ext-005562
customer-0764,2026-04-28T01:01:00.000Z,64.19,UAH,pos,
customer-0765,2026-04-28T01:08:00.000Z,65.20,USD,web,
customer-0766,2026-04-28T01:15:00.000Z,66.21,EUR,mobile,ext-005565
customer-0767,2026-04-28T01:22:00.000Z,67.22,GBP,email,
customer-0768,2026-04-28T01:29:00.000Z,68.23,UAH,pos,
customer-0769,2026-04-28T01:36:00.000Z,69.24,USD,web,ext-005568
customer-0770,2026-04-28T01:43:00.000Z,70.25,EUR,mobile,
customer-0771,2026-04-28T01:50:00.000Z,71.26,GBP,email,
customer-0772,2026-04-28T01:57:00.000Z,72.27,UAH,pos,ext-005571
customer-0773,2026-04-28T02:04:00.000Z,73.28,USD,web,
customer-0774,2026-04-28T02:11:00.000Z,74.29,EUR,mobile,
customer-0775,2026-04-28T02:18:00.000Z,75.30,GBP,email,ext-005574
customer-0776,2026-04-28T02:25:00.000Z,76.31,UAH,pos,
customer-0777,2026-04-28T02:32:00.000Z,77.32,USD,web,
customer-0778,2026-04-28T02:39:00.000Z,78.33,EUR,mobile,ext-005577
customer-0779,2026-04-28T02:46:00.000Z,79.34,GBP,email,
customer-0780,2026-04-28T02:53:00.000Z,80.35,UAH,pos,
customer-0781,2026-04-28T03:00:00.000Z,81.36,USD,web,ext-005580
customer-0782,2026-04-28T03:07:00.000Z,82.37,EUR,mobile,
customer-0783,2026-04-28T03:14:00.000Z,83.38,GBP,email,
customer-0784,2026-04-28T03:21:00.000Z,84.39,UAH,pos,ext-005583
customer-0785,2026-04-28T03:28:00.000Z,85.40,USD,web,
customer-0786,2026-04-28T03:35:00.000Z,86.41,EUR,mobile,
customer-0787,2026-04-28T03:42:00.000Z,87.42,GBP,email,ext-005586
customer-0788,2026-04-28T03:49:00.000Z,88.43,UAH,pos,
customer-0789,2026-04-28T03:56:00.000Z,89.44,USD,web,
customer-0790,2026-04-28T04:03:00.000Z,90.45,EUR,mobile,ext-005589
customer-0791,2026-04-28T04:10:00.000Z,91.46,GBP,email,
customer-0792,2026-04-28T04:17:00.000Z,92.47,UAH,pos,
customer-0793,2026-04-28T04:24:00.000Z,93.48,USD,web,ext-005592
customer-0794,2026-04-28T04:31:00.000Z,94.49,EUR,mobile,
customer-0795,2026-04-28T04:38:00.000Z,95.50,GBP,email,
customer-0796,2026-04-28T04:45:00.000Z,96.51,UAH,pos,ext-005595
customer-0797,2026-04-28T04:52:00.000Z,97.52,USD,web,
customer-0798,2026-04-28T04:59:00.000Z,98.53,EUR,mobile,
customer-0799,2026-04-28T05:06:00.000Z,99.54,GBP,email,ext-005598
customer-0800,2026-04-28T05:13:00.000Z,100.55,UAH,pos,
customer-0801,2026-04-28T05:20:00.000Z,101.56,USD,web,
customer-0802,2026-04-28T05:27:00.000Z,102.57,EUR,mobile,ext-005601
customer-0803,2026-04-28T05:34:00.000Z,103.58,GBP,email,
customer-0804,2026-04-28T05:41:00.000Z,104.59,UAH,pos,
customer-0805,2026-04-28T05:48:00.000Z,105.60,USD,web,ext-005604
customer-0806,2026-04-28T05:55:00.000Z,106.61,EUR,mobile,
customer-0807,2026-04-28T06:02:00.000Z,107.62,GBP,email,
customer-0808,2026-04-28T06:09:00.000Z,108.63,UAH,pos,ext-005607
customer-0809,2026-04-28T06:16:00.000Z,109.64,USD,web,
customer-0810,2026-04-28T06:23:00.000Z,110.65,EUR,mobile,
customer-0811,2026-04-28T06:30:00.000Z,111.66,GBP,email,ext-005610
customer-0812,2026-04-28T06:37:00.000Z,112.67,UAH,pos,
customer-0813,2026-04-28T06:44:00.000Z,113.68,USD,web,
customer-0814,2026-04-28T06:51:00.000Z,114.69,EUR,mobile,ext-005613
customer-0815,2026-04-28T06:58:00.000Z,115.70,GBP,email,
customer-0816,2026-04-28T07:05:00.000Z,116.71,UAH,pos,
customer-0817,2026-04-28T07:12:00.000Z,117.72,USD,web,ext-005616
customer-0818,2026-04-28T07:19:00.000Z,118.73,EUR,mobile,
customer-0819,2026-04-28T07:26:00.000Z,119.74,GBP,email,
customer-0820,2026-04-28T07:33:00.000Z,120.75,UAH,pos,ext-005619
customer-0821,2026-04-28T07:40:00.000Z,121.76,USD,web,
customer-0822,2026-04-28T07:47:00.000Z,122.77,EUR,mobile,
customer-0823,2026-04-28T07:54:00.000Z,123.78,GBP,email,ext-005622
customer-0824,2026-04-28T08:01:00.000Z,124.79,UAH,pos,
customer-0825,2026-04-28T08:08:00.000Z,125.80,USD,web,
customer-0826,2026-04-28T08:15:00.000Z,126.81,EUR,mobile,ext-005625
customer-0827,2026-04-28T08:22:00.000Z,127.82,GBP,email,
customer-0828,2026-04-28T08:29:00.000Z,128.83,UAH,pos,
customer-0829,2026-04-28T08:36:00.000Z,129.84,USD,web,ext-005628
customer-0830,2026-04-28T08:43:00.000Z,130.85,EUR,mobile,
customer-0831,2026-04-28T08:50:00.000Z,131.86,GBP,email,
customer-0832,2026-04-28T08:57:00.000Z,132.87,UAH,pos,ext-005631
customer-0833,2026-04-28T09:04:00.000Z,133.88,USD,web,
customer-0834,2026-04-28T09:11:00.000Z,134.89,EUR,mobile,
customer-0835,2026-04-28T09:18:00.000Z,135.90,GBP,email,ext-005634
customer-0836,2026-04-28T09:25:00.000Z,136.91,UAH,pos,
customer-0837,2026-04-28T09:32:00.000Z,137.92,USD,web,
customer-0838,2026-04-28T09:39:00.000Z,138.93,EUR,mobile,ext-005637
customer-0839,2026-04-28T09:46:00.000Z,139.94,GBP,email,
customer-0840,2026-04-28T09:53:00.000Z,140.95,UAH,pos,
customer-0841,2026-04-28T10:00:00.000Z,141.96,USD,web,ext-005640
customer-0842,2026-04-28T10:07:00.000Z,142.97,EUR,mobile,
customer-0843,2026-04-28T10:14:00.000Z,143.98,GBP,email,
customer-0844,2026-04-28T10:21:00.000Z,144.00,UAH,pos,ext-005643
customer-0845,2026-04-28T10:28:00.000Z,145.01,USD,web,
customer-0846,2026-04-28T10:35:00.000Z,146.02,EUR,mobile,
customer-0847,2026-04-28T10:42:00.000Z,147.03,GBP,email,ext-005646
customer-0848,2026-04-28T10:49:00.000Z,148.04,UAH,pos,
customer-0849,2026-04-28T10:56:00.000Z,149.05,USD,web,
customer-0850,2026-04-28T11:03:00.000Z,150.06,EUR,mobile,ext-005649
customer-0851,2026-04-28T11:10:00.000Z,151.07,GBP,email,
customer-0852,2026-04-28T11:17:00.000Z,152.08,UAH,pos,
customer-0853,2026-04-28T11:24:00.000Z,153.09,USD,web,ext-005652
customer-0854,2026-04-28T11:31:00.000Z,154.10,EUR,mobile,
customer-0855,2026-04-28T11:38:00.000Z,155.11,GBP,email,
customer-0856,2026-04-28T11:45:00.000Z,156.12,UAH,pos,ext-005655
customer-0857,2026-04-28T11:52:00.000Z,157.13,USD,web,
customer-0858,2026-04-28T11:59:00.000Z,158.14,EUR,mobile,
customer-0859,2026-04-28T12:06:00.000Z,159.15,GBP,email,ext-005658
customer-0860,2026-04-28T12:13:00.000Z,160.16,UAH,pos,
customer-0861,2026-04-28T12:20:00.000Z,161.17,USD,web,
customer-0862,2026-04-28T12:27:00.000Z,162.18,EUR,mobile,ext-005661
customer-0863,2026-04-28T12:34:00.000Z,163.19,GBP,email,
customer-0864,2026-04-28T12:41:00.000Z,164.20,UAH,pos,
customer-0865,2026-04-28T12:48:00.000Z,165.21,USD,web,ext-005664
customer-0866,2026-04-28T12:55:00.000Z,166.22,EUR,mobile,
customer-0867,2026-04-28T13:02:00.000Z,167.23,GBP,email,
customer-0868,2026-04-28T13:09:00.000Z,168.24,UAH,pos,ext-005667
customer-0869,2026-04-28T13:16:00.000Z,169.25,USD,web,
customer-0870,2026-04-28T13:23:00.000Z,170.26,EUR,mobile,
customer-0871,2026-04-28T13:30:00.000Z,171.27,GBP,email,ext-005670
customer-0872,2026-04-28T13:37:00.000Z,172.28,UAH,pos,
customer-0873,2026-04-28T13:44:00.000Z,173.29,USD,web,
customer-0874,2026-04-28T13:51:00.000Z,174.30,EUR,mobile,ext-005673
customer-0875,2026-04-28T13:58:00.000Z,175.31,GBP,email,
customer-0876,2026-04-28T14:05:00.000Z,176.32,UAH,pos,
customer-0877,2026-04-28T14:12:00.000Z,177.33,USD,web,ext-005676
customer-0878,2026-04-28T14:19:00.000Z,178.34,EUR,mobile,
customer-0879,2026-04-28T14:26:00.000Z,179.35,GBP,email,
customer-0880,2026-04-28T14:33:00.000Z,180.36,UAH,pos,ext-005679
customer-0881,2026-04-28T14:40:00.000Z,181.37,USD,web,
customer-0882,2026-04-28T14:47:00.000Z,182.38,EUR,mobile,
customer-0883,2026-04-28T14:54:00.000Z,183.39,GBP,email,ext-005682
customer-0884,2026-04-28T15:01:00.000Z,184.40,UAH,pos,
customer-0885,2026-04-28T15:08:00.000Z,185.41,USD,web,
customer-0886,2026-04-28T15:15:00.000Z,186.42,EUR,mobile,ext-005685
customer-0887,2026-04-28T15:22:00.000Z,187.43,GBP,email,
customer-0888,2026-04-28T15:29:00.000Z,188.44,UAH,pos,
customer-0889,2026-04-28T15:36:00.000Z,189.45,USD,web,ext-005688
customer-0890,2026-04-28T15:43:00.000Z,190.46,EUR,mobile,
customer-0891,2026-04-28T15:50:00.000Z,191.47,GBP,email,
customer-0892,2026-04-28T15:57:00.000Z,192.48,UAH,pos,ext-005691
customer-0893,2026-04-28T16:04:00.000Z,193.49,USD,web,
customer-0894,2026-04-28T16:11:00.000Z,194.50,EUR,mobile,
customer-0895,2026-04-28T16:18:00.000Z,195.51,GBP,email,ext-005694
customer-0896,2026-04-28T16:25:00.000Z,196.52,UAH,pos,
customer-0897,2026-04-28T16:32:00.000Z,197.53,USD,web,
customer-0898,2026-04-28T16:39:00.000Z,198.54,EUR,mobile,ext-005697
customer-0899,2026-04-28T16:46:00.000Z,199.55,GBP,email,
customer-0900,2026-04-28T16:53:00.000Z,200.56,UAH,pos,
customer-0901,2026-04-28T17:00:00.000Z,201.57,USD,web,ext-005700
customer-0902,2026-04-28T17:07:00.000Z,202.58,EUR,mobile,
customer-0903,2026-04-28T17:14:00.000Z,203.59,GBP,email,
customer-0904,2026-04-28T17:21:00.000Z,204.60,UAH,pos,ext-005703
customer-0905,2026-04-28T17:28:00.000Z,205.61,USD,web,
customer-0906,2026-04-28T17:35:00.000Z,206.62,EUR,mobile,
customer-0907,2026-04-28T17:42:00.000Z,207.63,GBP,email,ext-005706
customer-0908,2026-04-28T17:49:00.000Z,208.64,UAH,pos,
customer-0909,2026-04-28T17:56:00.000Z,209.65,USD,web,
customer-0910,2026-04-28T18:03:00.000Z,210.66,EUR,mobile,ext-005709
customer-0911,2026-04-28T18:10:00.000Z,211.67,GBP,email,
customer-0912,2026-04-28T18:17:00.000Z,212.68,UAH,pos,
customer-0913,2026-04-28T18:24:00.000Z,213.69,USD,web,ext-005712
customer-0914,2026-04-28T18:31:00.000Z,214.70,EUR,mobile,
customer-0915,2026-04-28T18:38:00.000Z,215.71,GBP,email,
customer-0916,2026-04-28T18:45:00.000Z,216.72,UAH,pos,ext-005715
customer-0917,2026-04-28T18:52:00.000Z,217.73,USD,web,
customer-0918,2026-04-28T18:59:00.000Z,218.74,EUR,mobile,
customer-0919,2026-04-28T19:06:00.000Z,219.75,GBP,email,ext-005718
customer-0920,2026-04-28T19:13:00.000Z,220.76,UAH,pos,
customer-0921,2026-04-28T19:20:00.000Z,221.77,USD,web,
customer-0922,2026-04-28T19:27:00.000Z,222.78,EUR,mobile,ext-005721
customer-0923,2026-04-28T19:34:00.000Z,223.79,GBP,email,
customer-0924,2026-04-28T19:41:00.000Z,224.80,UAH,pos,
customer-0925,2026-04-28T19:48:00.000Z,225.81,USD,web,ext-005724
customer-0926,2026-04-28T19:55:00.000Z,226.82,EUR,mobile,
customer-0927,2026-04-28T20:02:00.000Z,227.83,GBP,email,
customer-0928,2026-04-28T20:09:00.000Z,228.84,UAH,pos,ext-005727
customer-0929,2026-04-28T20:16:00.000Z,229.85,USD,web,
customer-0930,2026-04-28T20:23:00.000Z,230.86,EUR,mobile,
customer-0931,2026-04-28T20:30:00.000Z,231.87,GBP,email,ext-005730
customer-0932,2026-04-28T20:37:00.000Z,232.88,UAH,pos,
customer-0933,2026-04-28T20:44:00.000Z,233.89,USD,web,
customer-0934,2026-04-28T20:51:00.000Z,234.90,EUR,mobile,ext-005733
customer-0935,2026-04-28T20:58:00.000Z,235.91,GBP,email,
customer-0936,2026-04-28T21:05:00.000Z,236.92,UAH,pos,
customer-0937,2026-04-28T21:12:00.000Z,237.93,USD,web,ext-005736
customer-0938,2026-04-28T21:19:00.000Z,238.94,EUR,mobile,
customer-0939,2026-04-28T21:26:00.000Z,239.95,GBP,email,
customer-0940,2026-04-28T21:33:00.000Z,240.96,UAH,pos,ext-005739
customer-0941,2026-04-28T21:40:00.000Z,241.97,USD,web,
customer-0942,2026-04-28T21:47:00.000Z,242.98,EUR,mobile,
customer-0943,2026-04-28T21:54:00.000Z,243.00,GBP,email,ext-005742
customer-0944,2026-04-28T22:01:00.000Z,244.01,UAH,pos,
customer-0945,2026-04-28T22:08:00.000Z,245.02,USD,web,
customer-0946,2026-04-28T22:15:00.000Z,246.03,EUR,mobile,ext-005745
customer-0947,2026-04-28T22:22:00.000Z,247.04,GBP,email,
customer-0948,2026-04-28T22:29:00.000Z,248.05,UAH,pos,
customer-0949,2026-04-28T22:36:00.000Z,249.06,USD,web,ext-005748
customer-0950,2026-04-28T22:43:00.000Z,250.07,EUR,mobile,
customer-0951,2026-04-28T22:50:00.000Z,251.08,GBP,email,
customer-0952,2026-04-28T22:57:00.000Z,252.09,UAH,pos,ext-005751
customer-0953,2026-04-28T23:04:00.000Z,253.10,USD,web,
customer-0954,2026-04-28T23:11:00.000Z,254.11,EUR,mobile,
customer-0955,2026-04-28T23:18:00.000Z,255.12,GBP,email,ext-005754
customer-0956,2026-04-28T23:25:00.000Z,256.13,UAH,pos,
customer-0957,2026-04-28T23:32:00.000Z,257.14,USD,web,
customer-0958,2026-04-28T23:39:00.000Z,258.15,EUR,mobile,ext-005757
customer-0959,2026-04-28T23:46:00.000Z,259.16,GBP,email,
customer-0960,2026-04-28T23:53:00.000Z,260.17,UAH,pos,
customer-0961,2026-04-29T00:00:00.000Z,261.18,USD,web,ext-005760
customer-0962,2026-04-29T00:07:00.000Z,262.19,EUR,mobile,
customer-0963,2026-04-29T00:14:00.000Z,263.20,GBP,email,
customer-0964,2026-04-29T00:21:00.000Z,264.21,UAH,pos,ext-005763
customer-0965,2026-04-29T00:28:00.000Z,265.22,USD,web,
customer-0966,2026-04-29T00:35:00.000Z,266.23,EUR,mobile,
customer-0967,2026-04-29T00:42:00.000Z,267.24,GBP,email,ext-005766
customer-0968,2026-04-29T00:49:00.000Z,268.25,UAH,pos,
customer-0969,2026-04-29T00:56:00.000Z,269.26,USD,web,
customer-0970,2026-04-29T01:03:00.000Z,270.27,EUR,mobile,ext-005769
customer-0971,2026-04-29T01:10:00.000Z,271.28,GBP,email,
customer-0972,2026-04-29T01:17:00.000Z,272.29,UAH,pos,
customer-0973,2026-04-29T01:24:00.000Z,273.30,USD,web,ext-005772
customer-0974,2026-04-29T01:31:00.000Z,274.31,EUR,mobile,
customer-0975,2026-04-29T01:38:00.000Z,275.32,GBP,email,
customer-0976,2026-04-29T01:45:00.000Z,276.33,UAH,pos,ext-005775
customer-0977,2026-04-29T01:52:00.000Z,277.34,USD,web,
customer-0978,2026-04-29T01:59:00.000Z,278.35,EUR,mobile,
customer-0979,2026-04-29T02:06:00.000Z,279.36,GBP,email,ext-005778
customer-0980,2026-04-29T02:13:00.000Z,280.37,UAH,pos,
customer-0981,2026-04-29T02:20:00.000Z,281.38,USD,web,
customer-0982,2026-04-29T02:27:00.000Z,282.39,EUR,mobile,ext-005781
customer-0983,2026-04-29T02:34:00.000Z,283.40,GBP,email,
customer-0984,2026-04-29T02:41:00.000Z,284.41,UAH,pos,
customer-0985,2026-04-29T02:48:00.000Z,285.42,USD,web,ext-005784
customer-0986,2026-04-29T02:55:00.000Z,286.43,EUR,mobile,
customer-0987,2026-04-29T03:02:00.000Z,287.44,GBP,email,
customer-0988,2026-04-29T03:09:00.000Z,288.45,UAH,pos,ext-005787
customer-0989,2026-04-29T03:16:00.000Z,289.46,USD,web,
customer-0990,2026-04-29T03:23:00.000Z,290.47,EUR,mobile,
customer-0991,2026-04-29T03:30:00.000Z,291.48,GBP,email,ext-005790
customer-0992,2026-04-29T03:37:00.000Z,292.49,UAH,pos,
customer-0993,2026-04-29T03:44:00.000Z,293.50,USD,web,
customer-0994,2026-04-29T03:51:00.000Z,294.51,EUR,mobile,ext-005793
customer-0995,2026-04-29T03:58:00.000Z,295.52,GBP,email,
customer-0996,2026-04-29T04:05:00.000Z,296.53,UAH,pos,
customer-0997,2026-04-29T04:12:00.000Z,297.54,USD,web,ext-005796
customer-0998,2026-04-29T04:19:00.000Z,298.55,EUR,mobile,
customer-0999,2026-04-29T04:26:00.000Z,299.56,GBP,email,
customer-1000,2026-04-29T04:33:00.000Z,300.57,UAH,pos,ext-005799
customer-1001,2026-04-29T04:40:00.000Z,301.58,USD,web,
customer-1002,2026-04-29T04:47:00.000Z,302.59,EUR,mobile,
customer-1003,2026-04-29T04:54:00.000Z,303.60,GBP,email,ext-005802
customer-1004,2026-04-29T05:01:00.000Z,304.61,UAH,pos,
customer-1005,2026-04-29T05:08:00.000Z,305.62,USD,web,
customer-1006,2026-04-29T05:15:00.000Z,306.63,EUR,mobile,ext-005805
customer-1007,2026-04-29T05:22:00.000Z,307.64,GBP,email,
customer-1008,2026-04-29T05:29:00.000Z,308.65,UAH,pos,
customer-1009,2026-04-29T05:36:00.000Z,309.66,USD,web,ext-005808
customer-1010,2026-04-29T05:43:00.000Z,310.67,EUR,mobile,
customer-1011,2026-04-29T05:50:00.000Z,311.68,GBP,email,
customer-1012,2026-04-29T05:57:00.000Z,312.69,UAH,pos,ext-005811
customer-1013,2026-04-29T06:04:00.000Z,313.70,USD,web,
customer-1014,2026-04-29T06:11:00.000Z,314.71,EUR,mobile,
customer-1015,2026-04-29T06:18:00.000Z,315.72,GBP,email,ext-005814
customer-1016,2026-04-29T06:25:00.000Z,316.73,UAH,pos,
customer-1017,2026-04-29T06:32:00.000Z,317.74,USD,web,
customer-1018,2026-04-29T06:39:00.000Z,318.75,EUR,mobile,ext-005817
customer-1019,2026-04-29T06:46:00.000Z,319.76,GBP,email,
customer-1020,2026-04-29T06:53:00.000Z,320.77,UAH,pos,
customer-1021,2026-04-29T07:00:00.000Z,321.78,USD,web,ext-005820
customer-1022,2026-04-29T07:07:00.000Z,322.79,EUR,mobile,
customer-1023,2026-04-29T07:14:00.000Z,323.80,GBP,email,
customer-1024,2026-04-29T07:21:00.000Z,324.81,UAH,pos,ext-005823
customer-1025,2026-04-29T07:28:00.000Z,325.82,USD,web,
customer-1026,2026-04-29T07:35:00.000Z,326.83,EUR,mobile,
customer-1027,2026-04-29T07:42:00.000Z,327.84,GBP,email,ext-005826
customer-1028,2026-04-29T07:49:00.000Z,328.85,UAH,pos,
customer-1029,2026-04-29T07:56:00.000Z,329.86,USD,web,
customer-1030,2026-04-29T08:03:00.000Z,330.87,EUR,mobile,ext-005829
customer-1031,2026-04-29T08:10:00.000Z,331.88,GBP,email,
customer-1032,2026-04-29T08:17:00.000Z,332.89,UAH,pos,
customer-1033,2026-04-29T08:24:00.000Z,333.90,USD,web,ext-005832
customer-1034,2026-04-29T08:31:00.000Z,334.91,EUR,mobile,
customer-1035,2026-04-29T08:38:00.000Z,335.92,GBP,email,
customer-1036,2026-04-29T08:45:00.000Z,336.93,UAH,pos,ext-005835
customer-1037,2026-04-29T08:52:00.000Z,337.94,USD,web,
customer-1038,2026-04-29T08:59:00.000Z,338.95,EUR,mobile,
customer-1039,2026-04-29T09:06:00.000Z,339.96,GBP,email,ext-005838
customer-1040,2026-04-29T09:13:00.000Z,340.97,UAH,pos,
customer-1041,2026-04-29T09:20:00.000Z,341.98,USD,web,
customer-1042,2026-04-29T09:27:00.000Z,342.00,EUR,mobile,ext-005841
customer-1043,2026-04-29T09:34:00.000Z,343.01,GBP,email,
customer-1044,2026-04-29T09:41:00.000Z,344.02,UAH,pos,
customer-1045,2026-04-29T09:48:00.000Z,345.03,USD,web,ext-005844
customer-1046,2026-04-29T09:55:00.000Z,346.04,EUR,mobile,
customer-1047,2026-04-29T10:02:00.000Z,347.05,GBP,email,
customer-1048,2026-04-29T10:09:00.000Z,348.06,UAH,pos,ext-005847
customer-1049,2026-04-29T10:16:00.000Z,349.07,USD,web,
customer-1050,2026-04-29T10:23:00.000Z,350.08,EUR,mobile,
customer-1051,2026-04-29T10:30:00.000Z,351.09,GBP,email,ext-005850
customer-1052,2026-04-29T10:37:00.000Z,352.10,UAH,pos,
customer-1053,2026-04-29T10:44:00.000Z,353.11,USD,web,
customer-1054,2026-04-29T10:51:00.000Z,354.12,EUR,mobile,ext-005853
customer-1055,2026-04-29T10:58:00.000Z,355.13,GBP,email,
customer-1056,2026-04-29T11:05:00.000Z,356.14,UAH,pos,
customer-1057,2026-04-29T11:12:00.000Z,357.15,USD,web,ext-005856
customer-1058,2026-04-29T11:19:00.000Z,358.16,EUR,mobile,
customer-1059,2026-04-29T11:26:00.000Z,359.17,GBP,email,
customer-1060,2026-04-29T11:33:00.000Z,360.18,UAH,pos,ext-005859
customer-1061,2026-04-29T11:40:00.000Z,361.19,USD,web,
customer-1062,2026-04-29T11:47:00.000Z,362.20,EUR,mobile,
customer-1063,2026-04-29T11:54:00.000Z,363.21,GBP,email,ext-005862
customer-1064,2026-04-29T12:01:00.000Z,364.22,UAH,pos,
customer-1065,2026-04-29T12:08:00.000Z,365.23,USD,web,
customer-1066,2026-04-29T12:15:00.000Z,366.24,EUR,mobile,ext-005865
customer-1067,2026-04-29T12:22:00.000Z,367.25,GBP,email,
customer-1068,2026-04-29T12:29:00.000Z,368.26,UAH,pos,
customer-1069,2026-04-29T12:36:00.000Z,369.27,USD,web,ext-005868
customer-1070,2026-04-29T12:43:00.000Z,370.28,EUR,mobile,
customer-1071,2026-04-29T12:50:00.000Z,371.29,GBP,email,
customer-1072,2026-04-29T12:57:00.000Z,372.30,UAH,pos,ext-005871
customer-1073,2026-04-29T13:04:00.000Z,373.31,USD,web,
customer-1074,2026-04-29T13:11:00.000Z,374.32,EUR,mobile,
customer-1075,2026-04-29T13:18:00.000Z,375.33,GBP,email,ext-005874
customer-1076,2026-04-29T13:25:00.000Z,376.34,UAH,pos,
customer-1077,2026-04-29T13:32:00.000Z,377.35,USD,web,
customer-1078,2026-04-29T13:39:00.000Z,378.36,EUR,mobile,ext-005877
customer-1079,2026-04-29T13:46:00.000Z,379.37,GBP,email,
customer-1080,2026-04-29T13:53:00.000Z,380.38,UAH,pos,
customer-1081,2026-04-29T14:00:00.000Z,381.39,USD,web,ext-005880
customer-1082,2026-04-29T14:07:00.000Z,382.40,EUR,mobile,
customer-1083,2026-04-29T14:14:00.000Z,383.41,GBP,email,
customer-1084,2026-04-29T14:21:00.000Z,384.42,UAH,pos,ext-005883
customer-1085,2026-04-29T14:28:00.000Z,385.43,USD,web,
customer-1086,2026-04-29T14:35:00.000Z,386.44,EUR,mobile,
customer-1087,2026-04-29T14:42:00.000Z,387.45,GBP,email,ext-005886
customer-1088,2026-04-29T14:49:00.000Z,388.46,UAH,pos,
customer-1089,2026-04-29T14:56:00.000Z,389.47,USD,web,
customer-1090,2026-04-29T15:03:00.000Z,390.48,EUR,mobile,ext-005889
customer-1091,2026-04-29T15:10:00.000Z,391.49,GBP,email,
customer-1092,2026-04-29T15:17:00.000Z,392.50,UAH,pos,
customer-1093,2026-04-29T15:24:00.000Z,393.51,USD,web,ext-005892
customer-1094,2026-04-29T15:31:00.000Z,394.52,EUR,mobile,
customer-1095,2026-04-29T15:38:00.000Z,395.53,GBP,email,
customer-1096,2026-04-29T15:45:00.000Z,396.54,UAH,pos,ext-005895
customer-1097,2026-04-29T15:52:00.000Z,397.55,USD,web,
customer-1098,2026-04-29T15:59:00.000Z,398.56,EUR,mobile,
customer-1099,2026-04-29T16:06:00.000Z,399.57,GBP,email,ext-005898
customer-1100,2026-04-29T16:13:00.000Z,400.58,UAH,pos,
customer-1101,2026-04-29T16:20:00.000Z,401.59,USD,web,
customer-1102,2026-04-29T16:27:00.000Z,402.60,EUR,mobile,ext-005901
customer-1103,2026-04-29T16:34:00.000Z,403.61,GBP,email,
customer-1104,2026-04-29T16:41:00.000Z,404.62,UAH,pos,
customer-1105,2026-04-29T16:48:00.000Z,405.63,USD,web,ext-005904
customer-1106,2026-04-29T16:55:00.000Z,406.64,EUR,mobile,
customer-1107,2026-04-29T17:02:00.000Z,407.65,GBP,email,
customer-1108,2026-04-29T17:09:00.000Z,408.66,UAH,pos,ext-005907
customer-1109,2026-04-29T17:16:00.000Z,409.67,USD,web,
customer-1110,2026-04-29T17:23:00.000Z,410.68,EUR,mobile,
customer-1111,2026-04-29T17:30:00.000Z,411.69,GBP,email,ext-005910
customer-1112,2026-04-29T17:37:00.000Z,412.70,UAH,pos,
customer-1113,2026-04-29T17:44:00.000Z,413.71,USD,web,
customer-1114,2026-04-29T17:51:00.000Z,414.72,EUR,mobile,ext-005913
customer-1115,2026-04-29T17:58:00.000Z,415.73,GBP,email,
customer-1116,2026-04-29T18:05:00.000Z,416.74,UAH,pos,
customer-1117,2026-04-29T18:12:00.000Z,417.75,USD,web,ext-005916
customer-1118,2026-04-29T18:19:00.000Z,418.76,EUR,mobile,
customer-1119,2026-04-29T18:26:00.000Z,419.77,GBP,email,
customer-1120,2026-04-29T18:33:00.000Z,420.78,UAH,pos,ext-005919
customer-1121,2026-04-29T18:40:00.000Z,421.79,USD,web,
customer-1122,2026-04-29T18:47:00.000Z,422.80,EUR,mobile,
customer-1123,2026-04-29T18:54:00.000Z,423.81,GBP,email,ext-005922
customer-1124,2026-04-29T19:01:00.000Z,424.82,UAH,pos,
customer-1125,2026-04-29T19:08:00.000Z,425.83,USD,web,
customer-1126,2026-04-29T19:15:00.000Z,426.84,EUR,mobile,ext-005925
customer-1127,2026-04-29T19:22:00.000Z,427.85,GBP,email,
customer-1128,2026-04-29T19:29:00.000Z,428.86,UAH,pos,
customer-1129,2026-04-29T19:36:00.000Z,429.87,USD,web,ext-005928
customer-1130,2026-04-29T19:43:00.000Z,430.88,EUR,mobile,
customer-1131,2026-04-29T19:50:00.000Z,431.89,GBP,email,
customer-1132,2026-04-29T19:57:00.000Z,432.90,UAH,pos,ext-005931
customer-1133,2026-04-29T20:04:00.000Z,433.91,USD,web,
customer-1134,2026-04-29T20:11:00.000Z,434.92,EUR,mobile,
customer-1135,2026-04-29T20:18:00.000Z,435.93,GBP,email,ext-005934
customer-1136,2026-04-29T20:25:00.000Z,436.94,UAH,pos,
customer-1137,2026-04-29T20:32:00.000Z,437.95,USD,web,
customer-1138,2026-04-29T20:39:00.000Z,438.96,EUR,mobile,ext-005937
customer-1139,2026-04-29T20:46:00.000Z,439.97,GBP,email,
customer-1140,2026-04-29T20:53:00.000Z,440.98,UAH,pos,
customer-1141,2026-04-29T21:00:00.000Z,441.00,USD,web,ext-005940
customer-1142,2026-04-29T21:07:00.000Z,442.01,EUR,mobile,
customer-1143,2026-04-29T21:14:00.000Z,443.02,GBP,email,
customer-1144,2026-04-29T21:21:00.000Z,444.03,UAH,pos,ext-005943
customer-1145,2026-04-29T21:28:00.000Z,445.04,USD,web,
customer-1146,2026-04-29T21:35:00.000Z,446.05,EUR,mobile,
customer-1147,2026-04-29T21:42:00.000Z,447.06,GBP,email,ext-005946
customer-1148,2026-04-29T21:49:00.000Z,448.07,UAH,pos,
customer-1149,2026-04-29T21:56:00.000Z,449.08,USD,web,
customer-1150,2026-04-29T22:03:00.000Z,450.09,EUR,mobile,ext-005949
customer-1151,2026-04-29T22:10:00.000Z,451.10,GBP,email,
customer-1152,2026-04-29T22:17:00.000Z,452.11,UAH,pos,
customer-1153,2026-04-29T22:24:00.000Z,453.12,USD,web,ext-005952
customer-1154,2026-04-29T22:31:00.000Z,454.13,EUR,mobile,
customer-1155,2026-04-29T22:38:00.000Z,455.14,GBP,email,
customer-1156,2026-04-29T22:45:00.000Z,456.15,UAH,pos,ext-005955
customer-1157,2026-04-29T22:52:00.000Z,457.16,USD,web,
customer-1158,2026-04-29T22:59:00.000Z,458.17,EUR,mobile,
customer-1159,2026-04-29T23:06:00.000Z,459.18,GBP,email,ext-005958
customer-1160,2026-04-29T23:13:00.000Z,460.19,UAH,pos,
customer-1161,2026-04-29T23:20:00.000Z,461.20,USD,web,
customer-1162,2026-04-29T23:27:00.000Z,462.21,EUR,mobile,ext-005961
customer-1163,2026-04-29T23:34:00.000Z,463.22,GBP,email,
customer-1164,2026-04-29T23:41:00.000Z,464.23,UAH,pos,
customer-1165,2026-04-29T23:48:00.000Z,465.24,USD,web,ext-005964
customer-1166,2026-04-29T23:55:00.000Z,466.25,EUR,mobile,
customer-1167,2026-04-30T00:02:00.000Z,467.26,GBP,email,
customer-1168,2026-04-30T00:09:00.000Z,468.27,UAH,pos,ext-005967
customer-1169,2026-04-30T00:16:00.000Z,469.28,USD,web,
customer-1170,2026-04-30T00:23:00.000Z,470.29,EUR,mobile,
customer-1171,2026-04-30T00:30:00.000Z,471.30,GBP,email,ext-005970
customer-1172,2026-04-30T00:37:00.000Z,472.31,UAH,pos,
customer-1173,2026-04-30T00:44:00.000Z,473.32,USD,web,
customer-1174,2026-04-30T00:51:00.000Z,474.33,EUR,mobile,ext-005973
customer-1175,2026-04-30T00:58:00.000Z,475.34,GBP,email,
customer-1176,2026-04-30T01:05:00.000Z,476.35,UAH,pos,
customer-1177,2026-04-30T01:12:00.000Z,477.36,USD,web,ext-005976
customer-1178,2026-04-30T01:19:00.000Z,478.37,EUR,mobile,
customer-1179,2026-04-30T01:26:00.000Z,479.38,GBP,email,
customer-1180,2026-04-30T01:33:00.000Z,480.39,UAH,pos,ext-005979
customer-1181,2026-04-30T01:40:00.000Z,481.40,USD,web,
customer-1182,2026-04-30T01:47:00.000Z,482.41,EUR,mobile,
customer-1183,2026-04-30T01:54:00.000Z,483.42,GBP,email,ext-005982
customer-1184,2026-04-30T02:01:00.000Z,484.43,UAH,pos,
customer-1185,2026-04-30T02:08:00.000Z,485.44,USD,web,
customer-1186,2026-04-30T02:15:00.000Z,486.45,EUR,mobile,ext-005985
customer-1187,2026-04-30T02:22:00.000Z,487.46,GBP,email,
customer-1188,2026-04-30T02:29:00.000Z,488.47,UAH,pos,
customer-1189,2026-04-30T02:36:00.000Z,489.48,USD,web,ext-005988
customer-1190,2026-04-30T02:43:00.000Z,490.49,EUR,mobile,
customer-1191,2026-04-30T02:50:00.000Z,491.50,GBP,email,
customer-1192,2026-04-30T02:57:00.000Z,492.51,UAH,pos,ext-005991
customer-1193,2026-04-30T03:04:00.000Z,493.52,USD,web,
customer-1194,2026-04-30T03:11:00.000Z,494.53,EUR,mobile,
customer-1195,2026-04-30T03:18:00.000Z,495.54,GBP,email,ext-005994
customer-1196,2026-04-30T03:25:00.000Z,496.55,UAH,pos,
customer-1197,2026-04-30T03:32:00.000Z,497.56,USD,web,
customer-1198,2026-04-30T03:39:00.000Z,498.57,EUR,mobile,ext-005997
customer-1199,2026-04-30T03:46:00.000Z,499.58,GBP,email,
customer-1200,2026-04-30T03:53:00.000Z,500.59,UAH,pos,
customer-0001,2026-04-30T04:00:00.000Z,1.60,USD,web,ext-006000
customer-0002,2026-04-30T04:07:00.000Z,2.61,EUR,mobile,
customer-0003,2026-04-30T04:14:00.000Z,3.62,GBP,email,
customer-0004,2026-04-30T04:21:00.000Z,4.63,UAH,pos,ext-006003
customer-0005,2026-04-30T04:28:00.000Z,5.64,USD,web,
customer-0006,2026-04-30T04:35:00.000Z,6.65,EUR,mobile,
customer-0007,2026-04-30T04:42:00.000Z,7.66,GBP,email,ext-006006
customer-0008,2026-04-30T04:49:00.000Z,8.67,UAH,pos,
customer-0009,2026-04-30T04:56:00.000Z,9.68,USD,web,
customer-0010,2026-04-30T05:03:00.000Z,10.69,EUR,mobile,ext-006009
customer-0011,2026-04-30T05:10:00.000Z,11.70,GBP,email,
customer-0012,2026-04-30T05:17:00.000Z,12.71,UAH,pos,
customer-0013,2026-04-30T05:24:00.000Z,13.72,USD,web,ext-006012
customer-0014,2026-04-30T05:31:00.000Z,14.73,EUR,mobile,
customer-0015,2026-04-30T05:38:00.000Z,15.74,GBP,email,
customer-0016,2026-04-30T05:45:00.000Z,16.75,UAH,pos,ext-006015
customer-0017,2026-04-30T05:52:00.000Z,17.76,USD,web,
customer-0018,2026-04-30T05:59:00.000Z,18.77,EUR,mobile,
customer-0019,2026-04-30T06:06:00.000Z,19.78,GBP,email,ext-006018
customer-0020,2026-04-30T06:13:00.000Z,20.79,UAH,pos,
customer-0021,2026-04-30T06:20:00.000Z,21.80,USD,web,
customer-0022,2026-04-30T06:27:00.000Z,22.81,EUR,mobile,ext-006021
customer-0023,2026-04-30T06:34:00.000Z,23.82,GBP,email,
customer-0024,2026-04-30T06:41:00.000Z,24.83,UAH,pos,
customer-0025,2026-04-30T06:48:00.000Z,25.84,USD,web,ext-006024
customer-0026,2026-04-30T06:55:00.000Z,26.85,EUR,mobile,
customer-0027,2026-04-30T07:02:00.000Z,27.86,GBP,email,
customer-0028,2026-04-30T07:09:00.000Z,28.87,UAH,pos,ext-006027
customer-0029,2026-04-30T07:16:00.000Z,29.88,USD,web,
customer-0030,2026-04-30T07:23:00.000Z,30.89,EUR,mobile,
customer-0031,2026-04-30T07:30:00.000Z,31.90,GBP,email,ext-006030
customer-0032,2026-04-30T07:37:00.000Z,32.91,UAH,pos,
customer-0033,2026-04-30T07:44:00.000Z,33.92,USD,web,
customer-0034,2026-04-30T07:51:00.000Z,34.93,EUR,mobile,ext-006033
customer-0035,2026-04-30T07:58:00.000Z,35.94,GBP,email,
customer-0036,2026-04-30T08:05:00.000Z,36.95,UAH,pos,
customer-0037,2026-04-30T08:12:00.000Z,37.96,USD,web,ext-006036
customer-0038,2026-04-30T08:19:00.000Z,38.97,EUR,mobile,
customer-0039,2026-04-30T08:26:00.000Z,39.98,GBP,email,
customer-0040,2026-04-30T08:33:00.000Z,40.00,UAH,pos,ext-006039
customer-0041,2026-04-30T08:40:00.000Z,41.01,USD,web,
customer-0042,2026-04-30T08:47:00.000Z,42.02,EUR,mobile,
customer-0043,2026-04-30T08:54:00.000Z,43.03,GBP,email,ext-006042
customer-0044,2026-04-30T09:01:00.000Z,44.04,UAH,pos,
customer-0045,2026-04-30T09:08:00.000Z,45.05,USD,web,
customer-0046,2026-04-30T09:15:00.000Z,46.06,EUR,mobile,ext-006045
customer-0047,2026-04-30T09:22:00.000Z,47.07,GBP,email,
customer-0048,2026-04-30T09:29:00.000Z,48.08,UAH,pos,
customer-0049,2026-04-30T09:36:00.000Z,49.09,USD,web,ext-006048
customer-0050,2026-04-30T09:43:00.000Z,50.10,EUR,mobile,
customer-0051,2026-04-30T09:50:00.000Z,51.11,GBP,email,
customer-0052,2026-04-30T09:57:00.000Z,52.12,UAH,pos,ext-006051
customer-0053,2026-04-30T10:04:00.000Z,53.13,USD,web,
customer-0054,2026-04-30T10:11:00.000Z,54.14,EUR,mobile,
customer-0055,2026-04-30T10:18:00.000Z,55.15,GBP,email,ext-006054
customer-0056,2026-04-30T10:25:00.000Z,56.16,UAH,pos,
customer-0057,2026-04-30T10:32:00.000Z,57.17,USD,web,
customer-0058,2026-04-30T10:39:00.000Z,58.18,EUR,mobile,ext-006057
customer-0059,2026-04-30T10:46:00.000Z,59.19,GBP,email,
customer-0060,2026-04-30T10:53:00.000Z,60.20,UAH,pos,
customer-0061,2026-04-30T11:00:00.000Z,61.21,USD,web,ext-006060
customer-0062,2026-04-30T11:07:00.000Z,62.22,EUR,mobile,
customer-0063,2026-04-30T11:14:00.000Z,63.23,GBP,email,
customer-0064,2026-04-30T11:21:00.000Z,64.24,UAH,pos,ext-006063
customer-0065,2026-04-30T11:28:00.000Z,65.25,USD,web,
customer-0066,2026-04-30T11:35:00.000Z,66.26,EUR,mobile,
customer-0067,2026-04-30T11:42:00.000Z,67.27,GBP,email,ext-006066
customer-0068,2026-04-30T11:49:00.000Z,68.28,UAH,pos,
customer-0069,2026-04-30T11:56:00.000Z,69.29,USD,web,
customer-0070,2026-04-30T12:03:00.000Z,70.30,EUR,mobile,ext-006069
customer-0071,2026-04-30T12:10:00.000Z,71.31,GBP,email,
customer-0072,2026-04-30T12:17:00.000Z,72.32,UAH,pos,
customer-0073,2026-04-30T12:24:00.000Z,73.33,USD,web,ext-006072
customer-0074,2026-04-30T12:31:00.000Z,74.34,EUR,mobile,
customer-0075,2026-04-30T12:38:00.000Z,75.35,GBP,email,
customer-0076,2026-04-30T12:45:00.000Z,76.36,UAH,pos,ext-006075
customer-0077,2026-04-30T12:52:00.000Z,77.37,USD,web,
customer-0078,2026-04-30T12:59:00.000Z,78.38,EUR,mobile,
customer-0079,2026-04-30T13:06:00.000Z,79.39,GBP,email,ext-006078
customer-0080,2026-04-30T13:13:00.000Z,80.40,UAH,pos,
customer-0081,2026-04-30T13:20:00.000Z,81.41,USD,web,
customer-0082,2026-04-30T13:27:00.000Z,82.42,EUR,mobile,ext-006081
customer-0083,2026-04-30T13:34:00.000Z,83.43,GBP,email,
customer-0084,2026-04-30T13:41:00.000Z,84.44,UAH,pos,
customer-0085,2026-04-30T13:48:00.000Z,85.45,USD,web,ext-006084
customer-0086,2026-04-30T13:55:00.000Z,86.46,EUR,mobile,
customer-0087,2026-04-30T14:02:00.000Z,87.47,GBP,email,
customer-0088,2026-04-30T14:09:00.000Z,88.48,UAH,pos,ext-006087
customer-0089,2026-04-30T14:16:00.000Z,89.49,USD,web,
customer-0090,2026-04-30T14:23:00.000Z,90.50,EUR,mobile,
customer-0091,2026-04-30T14:30:00.000Z,91.51,GBP,email,ext-006090
customer-0092,2026-04-30T14:37:00.000Z,92.52,UAH,pos,
customer-0093,2026-04-30T14:44:00.000Z,93.53,USD,web,
customer-0094,2026-04-30T14:51:00.000Z,94.54,EUR,mobile,ext-006093
customer-0095,2026-04-30T14:58:00.000Z,95.55,GBP,email,
customer-0096,2026-04-30T15:05:00.000Z,96.56,UAH,pos,
customer-0097,2026-04-30T15:12:00.000Z,97.57,USD,web,ext-006096
customer-0098,2026-04-30T15:19:00.000Z,98.58,EUR,mobile,
customer-0099,2026-04-30T15:26:00.000Z,99.59,GBP,email,
customer-0100,2026-04-30T15:33:00.000Z,100.60,UAH,pos,ext-006099
customer-0101,2026-04-30T15:40:00.000Z,101.61,USD,web,
customer-0102,2026-04-30T15:47:00.000Z,102.62,EUR,mobile,
customer-0103,2026-04-30T15:54:00.000Z,103.63,GBP,email,ext-006102
customer-0104,2026-04-30T16:01:00.000Z,104.64,UAH,pos,
customer-0105,2026-04-30T16:08:00.000Z,105.65,USD,web,
customer-0106,2026-04-30T16:15:00.000Z,106.66,EUR,mobile,ext-006105
customer-0107,2026-04-30T16:22:00.000Z,107.67,GBP,email,
customer-0108,2026-04-30T16:29:00.000Z,108.68,UAH,pos,
customer-0109,2026-04-30T16:36:00.000Z,109.69,USD,web,ext-006108
customer-0110,2026-04-30T16:43:00.000Z,110.70,EUR,mobile,
customer-0111,2026-04-30T16:50:00.000Z,111.71,GBP,email,
customer-0112,2026-04-30T16:57:00.000Z,112.72,UAH,pos,ext-006111
customer-0113,2026-04-30T17:04:00.000Z,113.73,USD,web,
customer-0114,2026-04-30T17:11:00.000Z,114.74,EUR,mobile,
customer-0115,2026-04-30T17:18:00.000Z,115.75,GBP,email,ext-006114
customer-0116,2026-04-30T17:25:00.000Z,116.76,UAH,pos,
customer-0117,2026-04-30T17:32:00.000Z,117.77,USD,web,
customer-0118,2026-04-30T17:39:00.000Z,118.78,EUR,mobile,ext-006117
customer-0119,2026-04-30T17:46:00.000Z,119.79,GBP,email,
customer-0120,2026-04-30T17:53:00.000Z,120.80,UAH,pos,
customer-0121,2026-04-30T18:00:00.000Z,121.81,USD,web,ext-006120
customer-0122,2026-04-30T18:07:00.000Z,122.82,EUR,mobile,
customer-0123,2026-04-30T18:14:00.000Z,123.83,GBP,email,
customer-0124,2026-04-30T18:21:00.000Z,124.84,UAH,pos,ext-006123
customer-0125,2026-04-30T18:28:00.000Z,125.85,USD,web,
customer-0126,2026-04-30T18:35:00.000Z,126.86,EUR,mobile,
customer-0127,2026-04-30T18:42:00.000Z,127.87,GBP,email,ext-006126
customer-0128,2026-04-30T18:49:00.000Z,128.88,UAH,pos,
customer-0129,2026-04-30T18:56:00.000Z,129.89,USD,web,
customer-0130,2026-04-30T19:03:00.000Z,130.90,EUR,mobile,ext-006129
customer-0131,2026-04-30T19:10:00.000Z,131.91,GBP,email,
customer-0132,2026-04-30T19:17:00.000Z,132.92,UAH,pos,
customer-0133,2026-04-30T19:24:00.000Z,133.93,USD,web,ext-006132
customer-0134,2026-04-30T19:31:00.000Z,134.94,EUR,mobile,
customer-0135,2026-04-30T19:38:00.000Z,135.95,GBP,email,
customer-0136,2026-04-30T19:45:00.000Z,136.96,UAH,pos,ext-006135
customer-0137,2026-04-30T19:52:00.000Z,137.97,USD,web,
customer-0138,2026-04-30T19:59:00.000Z,138.98,EUR,mobile,
customer-0139,2026-04-30T20:06:00.000Z,139.00,GBP,email,ext-006138
customer-0140,2026-04-30T20:13:00.000Z,140.01,UAH,pos,
customer-0141,2026-04-30T20:20:00.000Z,141.02,USD,web,
customer-0142,2026-04-30T20:27:00.000Z,142.03,EUR,mobile,ext-006141
customer-0143,2026-04-30T20:34:00.000Z,143.04,GBP,email,
customer-0144,2026-04-30T20:41:00.000Z,144.05,UAH,pos,
customer-0145,2026-04-30T20:48:00.000Z,145.06,USD,web,ext-006144
customer-0146,2026-04-30T20:55:00.000Z,146.07,EUR,mobile,
customer-0147,2026-04-30T21:02:00.000Z,147.08,GBP,email,
customer-0148,2026-04-30T21:09:00.000Z,148.09,UAH,pos,ext-006147
customer-0149,2026-04-30T21:16:00.000Z,149.10,USD,web,
customer-0150,2026-04-30T21:23:00.000Z,150.11,EUR,mobile,
customer-0151,2026-04-30T21:30:00.000Z,151.12,GBP,email,ext-006150
customer-0152,2026-04-30T21:37:00.000Z,152.13,UAH,pos,
customer-0153,2026-04-30T21:44:00.000Z,153.14,USD,web,
customer-0154,2026-04-30T21:51:00.000Z,154.15,EUR,mobile,ext-006153
customer-0155,2026-04-30T21:58:00.000Z,155.16,GBP,email,
customer-0156,2026-04-30T22:05:00.000Z,156.17,UAH,pos,
customer-0157,2026-04-30T22:12:00.000Z,157.18,USD,web,ext-006156
customer-0158,2026-04-30T22:19:00.000Z,158.19,EUR,mobile,
customer-0159,2026-04-30T22:26:00.000Z,159.20,GBP,email,
customer-0160,2026-04-30T22:33:00.000Z,160.21,UAH,pos,ext-006159
customer-0161,2026-04-30T22:40:00.000Z,161.22,USD,web,
customer-0162,2026-04-30T22:47:00.000Z,162.23,EUR,mobile,
customer-0163,2026-04-30T22:54:00.000Z,163.24,GBP,email,ext-006162
customer-0164,2026-04-30T23:01:00.000Z,164.25,UAH,pos,
customer-0165,2026-04-30T23:08:00.000Z,165.26,USD,web,
customer-0166,2026-04-30T23:15:00.000Z,166.27,EUR,mobile,ext-006165
customer-0167,2026-04-30T23:22:00.000Z,167.28,GBP,email,
customer-0168,2026-04-30T23:29:00.000Z,168.29,UAH,pos,
customer-0169,2026-04-30T23:36:00.000Z,169.30,USD,web,ext-006168
customer-0170,2026-04-30T23:43:00.000Z,170.31,EUR,mobile,
customer-0171,2026-04-30T23:50:00.000Z,171.32,GBP,email,
customer-0172,2026-04-30T23:57:00.000Z,172.33,UAH,pos,ext-006171
customer-0173,2026-05-01T00:04:00.000Z,173.34,USD,web,
customer-0174,2026-05-01T00:11:00.000Z,174.35,EUR,mobile,
customer-0175,2026-05-01T00:18:00.000Z,175.36,GBP,email,ext-006174
customer-0176,2026-05-01T00:25:00.000Z,176.37,UAH,pos,
customer-0177,2026-05-01T00:32:00.000Z,177.38,USD,web,
customer-0178,2026-05-01T00:39:00.000Z,178.39,EUR,mobile,ext-006177
customer-0179,2026-05-01T00:46:00.000Z,179.40,GBP,email,
customer-0180,2026-05-01T00:53:00.000Z,180.41,UAH,pos,
customer-0181,2026-05-01T01:00:00.000Z,181.42,USD,web,ext-006180
customer-0182,2026-05-01T01:07:00.000Z,182.43,EUR,mobile,
customer-0183,2026-05-01T01:14:00.000Z,183.44,GBP,email,
customer-0184,2026-05-01T01:21:00.000Z,184.45,UAH,pos,ext-006183
customer-0185,2026-05-01T01:28:00.000Z,185.46,USD,web,
customer-0186,2026-05-01T01:35:00.000Z,186.47,EUR,mobile,
customer-0187,2026-05-01T01:42:00.000Z,187.48,GBP,email,ext-006186
customer-0188,2026-05-01T01:49:00.000Z,188.49,UAH,pos,
customer-0189,2026-05-01T01:56:00.000Z,189.50,USD,web,
customer-0190,2026-05-01T02:03:00.000Z,190.51,EUR,mobile,ext-006189
customer-0191,2026-05-01T02:10:00.000Z,191.52,GBP,email,
customer-0192,2026-05-01T02:17:00.000Z,192.53,UAH,pos,
customer-0193,2026-05-01T02:24:00.000Z,193.54,USD,web,ext-006192
customer-0194,2026-05-01T02:31:00.000Z,194.55,EUR,mobile,
customer-0195,2026-05-01T02:38:00.000Z,195.56,GBP,email,
customer-0196,2026-05-01T02:45:00.000Z,196.57,UAH,pos,ext-006195
customer-0197,2026-05-01T02:52:00.000Z,197.58,USD,web,
customer-0198,2026-05-01T02:59:00.000Z,198.59,EUR,mobile,
customer-0199,2026-05-01T03:06:00.000Z,199.60,GBP,email,ext-006198
customer-0200,2026-05-01T03:13:00.000Z,200.61,UAH,pos,
customer-0201,2026-05-01T03:20:00.000Z,201.62,USD,web,
customer-0202,2026-05-01T03:27:00.000Z,202.63,EUR,mobile,ext-006201
customer-0203,2026-05-01T03:34:00.000Z,203.64,GBP,email,
customer-0204,2026-05-01T03:41:00.000Z,204.65,UAH,pos,
customer-0205,2026-05-01T03:48:00.000Z,205.66,USD,web,ext-006204
customer-0206,2026-05-01T03:55:00.000Z,206.67,EUR,mobile,
customer-0207,2026-05-01T04:02:00.000Z,207.68,GBP,email,
customer-0208,2026-05-01T04:09:00.000Z,208.69,UAH,pos,ext-006207
customer-0209,2026-05-01T04:16:00.000Z,209.70,USD,web,
customer-0210,2026-05-01T04:23:00.000Z,210.71,EUR,mobile,
customer-0211,2026-05-01T04:30:00.000Z,211.72,GBP,email,ext-006210
customer-0212,2026-05-01T04:37:00.000Z,212.73,UAH,pos,
customer-0213,2026-05-01T04:44:00.000Z,213.74,USD,web,
customer-0214,2026-05-01T04:51:00.000Z,214.75,EUR,mobile,ext-006213
customer-0215,2026-05-01T04:58:00.000Z,215.76,GBP,email,
customer-0216,2026-05-01T05:05:00.000Z,216.77,UAH,pos,
customer-0217,2026-05-01T05:12:00.000Z,217.78,USD,web,ext-006216
customer-0218,2026-05-01T05:19:00.000Z,218.79,EUR,mobile,
customer-0219,2026-05-01T05:26:00.000Z,219.80,GBP,email,
customer-0220,2026-05-01T05:33:00.000Z,220.81,UAH,pos,ext-006219
customer-0221,2026-05-01T05:40:00.000Z,221.82,USD,web,
customer-0222,2026-05-01T05:47:00.000Z,222.83,EUR,mobile,
customer-0223,2026-05-01T05:54:00.000Z,223.84,GBP,email,ext-006222
customer-0224,2026-05-01T06:01:00.000Z,224.85,UAH,pos,
customer-0225,2026-05-01T06:08:00.000Z,225.86,USD,web,
customer-0226,2026-05-01T06:15:00.000Z,226.87,EUR,mobile,ext-006225
customer-0227,2026-05-01T06:22:00.000Z,227.88,GBP,email,
customer-0228,2026-05-01T06:29:00.000Z,228.89,UAH,pos,
customer-0229,2026-05-01T06:36:00.000Z,229.90,USD,web,ext-006228
customer-0230,2026-05-01T06:43:00.000Z,230.91,EUR,mobile,
customer-0231,2026-05-01T06:50:00.000Z,231.92,GBP,email,
customer-0232,2026-05-01T06:57:00.000Z,232.93,UAH,pos,ext-006231
customer-0233,2026-05-01T07:04:00.000Z,233.94,USD,web,
customer-0234,2026-05-01T07:11:00.000Z,234.95,EUR,mobile,
customer-0235,2026-05-01T07:18:00.000Z,235.96,GBP,email,ext-006234
customer-0236,2026-05-01T07:25:00.000Z,236.97,UAH,pos,
customer-0237,2026-05-01T07:32:00.000Z,237.98,USD,web,
customer-0238,2026-05-01T07:39:00.000Z,238.00,EUR,mobile,ext-006237
customer-0239,2026-05-01T07:46:00.000Z,239.01,GBP,email,
customer-0240,2026-05-01T07:53:00.000Z,240.02,UAH,pos,
customer-0241,2026-05-01T08:00:00.000Z,241.03,USD,web,ext-006240
customer-0242,2026-05-01T08:07:00.000Z,242.04,EUR,mobile,
customer-0243,2026-05-01T08:14:00.000Z,243.05,GBP,email,
customer-0244,2026-05-01T08:21:00.000Z,244.06,UAH,pos,ext-006243
customer-0245,2026-05-01T08:28:00.000Z,245.07,USD,web,
customer-0246,2026-05-01T08:35:00.000Z,246.08,EUR,mobile,
customer-0247,2026-05-01T08:42:00.000Z,247.09,GBP,email,ext-006246
customer-0248,2026-05-01T08:49:00.000Z,248.10,UAH,pos,
customer-0249,2026-05-01T08:56:00.000Z,249.11,USD,web,
customer-0250,2026-05-01T09:03:00.000Z,250.12,EUR,mobile,ext-006249
customer-0251,2026-05-01T09:10:00.000Z,251.13,GBP,email,
customer-0252,2026-05-01T09:17:00.000Z,252.14,UAH,pos,
customer-0253,2026-05-01T09:24:00.000Z,253.15,USD,web,ext-006252
customer-0254,2026-05-01T09:31:00.000Z,254.16,EUR,mobile,
customer-0255,2026-05-01T09:38:00.000Z,255.17,GBP,email,
customer-0256,2026-05-01T09:45:00.000Z,256.18,UAH,pos,ext-006255
customer-0257,2026-05-01T09:52:00.000Z,257.19,USD,web,
customer-0258,2026-05-01T09:59:00.000Z,258.20,EUR,mobile,
customer-0259,2026-05-01T10:06:00.000Z,259.21,GBP,email,ext-006258
customer-0260,2026-05-01T10:13:00.000Z,260.22,UAH,pos,
customer-0261,2026-05-01T10:20:00.000Z,261.23,USD,web,
customer-0262,2026-05-01T10:27:00.000Z,262.24,EUR,mobile,ext-006261
customer-0263,2026-05-01T10:34:00.000Z,263.25,GBP,email,
customer-0264,2026-05-01T10:41:00.000Z,264.26,UAH,pos,
customer-0265,2026-05-01T10:48:00.000Z,265.27,USD,web,ext-006264
customer-0266,2026-05-01T10:55:00.000Z,266.28,EUR,mobile,
customer-0267,2026-05-01T11:02:00.000Z,267.29,GBP,email,
customer-0268,2026-05-01T11:09:00.000Z,268.30,UAH,pos,ext-006267
customer-0269,2026-05-01T11:16:00.000Z,269.31,USD,web,
customer-0270,2026-05-01T11:23:00.000Z,270.32,EUR,mobile,
customer-0271,2026-05-01T11:30:00.000Z,271.33,GBP,email,ext-006270
customer-0272,2026-05-01T11:37:00.000Z,272.34,UAH,pos,
customer-0273,2026-05-01T11:44:00.000Z,273.35,USD,web,
customer-0274,2026-05-01T11:51:00.000Z,274.36,EUR,mobile,ext-006273
customer-0275,2026-05-01T11:58:00.000Z,275.37,GBP,email,
customer-0276,2026-05-01T12:05:00.000Z,276.38,UAH,pos,
customer-0277,2026-05-01T12:12:00.000Z,277.39,USD,web,ext-006276
customer-0278,2026-05-01T12:19:00.000Z,278.40,EUR,mobile,
customer-0279,2026-05-01T12:26:00.000Z,279.41,GBP,email,
customer-0280,2026-05-01T12:33:00.000Z,280.42,UAH,pos,ext-006279
customer-0281,2026-05-01T12:40:00.000Z,281.43,USD,web,
customer-0282,2026-05-01T12:47:00.000Z,282.44,EUR,mobile,
customer-0283,2026-05-01T12:54:00.000Z,283.45,GBP,email,ext-006282
customer-0284,2026-05-01T13:01:00.000Z,284.46,UAH,pos,
customer-0285,2026-05-01T13:08:00.000Z,285.47,USD,web,
customer-0286,2026-05-01T13:15:00.000Z,286.48,EUR,mobile,ext-006285
customer-0287,2026-05-01T13:22:00.000Z,287.49,GBP,email,
customer-0288,2026-05-01T13:29:00.000Z,288.50,UAH,pos,
customer-0289,2026-05-01T13:36:00.000Z,289.51,USD,web,ext-006288
customer-0290,2026-05-01T13:43:00.000Z,290.52,EUR,mobile,
customer-0291,2026-05-01T13:50:00.000Z,291.53,GBP,email,
customer-0292,2026-05-01T13:57:00.000Z,292.54,UAH,pos,ext-006291
customer-0293,2026-05-01T14:04:00.000Z,293.55,USD,web,
customer-0294,2026-05-01T14:11:00.000Z,294.56,EUR,mobile,
customer-0295,2026-05-01T14:18:00.000Z,295.57,GBP,email,ext-006294
customer-0296,2026-05-01T14:25:00.000Z,296.58,UAH,pos,
customer-0297,2026-05-01T14:32:00.000Z,297.59,USD,web,
customer-0298,2026-05-01T14:39:00.000Z,298.60,EUR,mobile,ext-006297
customer-0299,2026-05-01T14:46:00.000Z,299.61,GBP,email,
customer-0300,2026-05-01T14:53:00.000Z,300.62,UAH,pos,
customer-0301,2026-05-01T15:00:00.000Z,301.63,USD,web,ext-006300
customer-0302,2026-05-01T15:07:00.000Z,302.64,EUR,mobile,
customer-0303,2026-05-01T15:14:00.000Z,303.65,GBP,email,
customer-0304,2026-05-01T15:21:00.000Z,304.66,UAH,pos,ext-006303
customer-0305,2026-05-01T15:28:00.000Z,305.67,USD,web,
customer-0306,2026-05-01T15:35:00.000Z,306.68,EUR,mobile,
customer-0307,2026-05-01T15:42:00.000Z,307.69,GBP,email,ext-006306
customer-0308,2026-05-01T15:49:00.000Z,308.70,UAH,pos,
customer-0309,2026-05-01T15:56:00.000Z,309.71,USD,web,
customer-0310,2026-05-01T16:03:00.000Z,310.72,EUR,mobile,ext-006309
customer-0311,2026-05-01T16:10:00.000Z,311.73,GBP,email,
customer-0312,2026-05-01T16:17:00.000Z,312.74,UAH,pos,
customer-0313,2026-05-01T16:24:00.000Z,313.75,USD,web,ext-006312
customer-0314,2026-05-01T16:31:00.000Z,314.76,EUR,mobile,
customer-0315,2026-05-01T16:38:00.000Z,315.77,GBP,email,
customer-0316,2026-05-01T16:45:00.000Z,316.78,UAH,pos,ext-006315
customer-0317,2026-05-01T16:52:00.000Z,317.79,USD,web,
customer-0318,2026-05-01T16:59:00.000Z,318.80,EUR,mobile,
customer-0319,2026-05-01T17:06:00.000Z,319.81,GBP,email,ext-006318
customer-0320,2026-05-01T17:13:00.000Z,320.82,UAH,pos,
customer-0321,2026-05-01T17:20:00.000Z,321.83,USD,web,
customer-0322,2026-05-01T17:27:00.000Z,322.84,EUR,mobile,ext-006321
customer-0323,2026-05-01T17:34:00.000Z,323.85,GBP,email,
customer-0324,2026-05-01T17:41:00.000Z,324.86,UAH,pos,
customer-0325,2026-05-01T17:48:00.000Z,325.87,USD,web,ext-006324
customer-0326,2026-05-01T17:55:00.000Z,326.88,EUR,mobile,
customer-0327,2026-05-01T18:02:00.000Z,327.89,GBP,email,
customer-0328,2026-05-01T18:09:00.000Z,328.90,UAH,pos,ext-006327
customer-0329,2026-05-01T18:16:00.000Z,329.91,USD,web,
customer-0330,2026-05-01T18:23:00.000Z,330.92,EUR,mobile,
customer-0331,2026-05-01T18:30:00.000Z,331.93,GBP,email,ext-006330
customer-0332,2026-05-01T18:37:00.000Z,332.94,UAH,pos,
customer-0333,2026-05-01T18:44:00.000Z,333.95,USD,web,
customer-0334,2026-05-01T18:51:00.000Z,334.96,EUR,mobile,ext-006333
customer-0335,2026-05-01T18:58:00.000Z,335.97,GBP,email,
customer-0336,2026-05-01T19:05:00.000Z,336.98,UAH,pos,
customer-0337,2026-05-01T19:12:00.000Z,337.00,USD,web,ext-006336
customer-0338,2026-05-01T19:19:00.000Z,338.01,EUR,mobile,
customer-0339,2026-05-01T19:26:00.000Z,339.02,GBP,email,
customer-0340,2026-05-01T19:33:00.000Z,340.03,UAH,pos,ext-006339
customer-0341,2026-05-01T19:40:00.000Z,341.04,USD,web,
customer-0342,2026-05-01T19:47:00.000Z,342.05,EUR,mobile,
customer-0343,2026-05-01T19:54:00.000Z,343.06,GBP,email,ext-006342
customer-0344,2026-05-01T20:01:00.000Z,344.07,UAH,pos,
customer-0345,2026-05-01T20:08:00.000Z,345.08,USD,web,
customer-0346,2026-05-01T20:15:00.000Z,346.09,EUR,mobile,ext-006345
customer-0347,2026-05-01T20:22:00.000Z,347.10,GBP,email,
customer-0348,2026-05-01T20:29:00.000Z,348.11,UAH,pos,
customer-0349,2026-05-01T20:36:00.000Z,349.12,USD,web,ext-006348
customer-0350,2026-05-01T20:43:00.000Z,350.13,EUR,mobile,
customer-0351,2026-05-01T20:50:00.000Z,351.14,GBP,email,
customer-0352,2026-05-01T20:57:00.000Z,352.15,UAH,pos,ext-006351
customer-0353,2026-05-01T21:04:00.000Z,353.16,USD,web,
customer-0354,2026-05-01T21:11:00.000Z,354.17,EUR,mobile,
customer-0355,2026-05-01T21:18:00.000Z,355.18,GBP,email,ext-006354
customer-0356,2026-05-01T21:25:00.000Z,356.19,UAH,pos,
customer-0357,2026-05-01T21:32:00.000Z,357.20,USD,web,
customer-0358,2026-05-01T21:39:00.000Z,358.21,EUR,mobile,ext-006357
customer-0359,2026-05-01T21:46:00.000Z,359.22,GBP,email,
customer-0360,2026-05-01T21:53:00.000Z,360.23,UAH,pos,
customer-0361,2026-05-01T22:00:00.000Z,361.24,USD,web,ext-006360
customer-0362,2026-05-01T22:07:00.000Z,362.25,EUR,mobile,
customer-0363,2026-05-01T22:14:00.000Z,363.26,GBP,email,
customer-0364,2026-05-01T22:21:00.000Z,364.27,UAH,pos,ext-006363
customer-0365,2026-05-01T22:28:00.000Z,365.28,USD,web,
customer-0366,2026-05-01T22:35:00.000Z,366.29,EUR,mobile,
customer-0367,2026-05-01T22:42:00.000Z,367.30,GBP,email,ext-006366
customer-0368,2026-05-01T22:49:00.000Z,368.31,UAH,pos,
customer-0369,2026-05-01T22:56:00.000Z,369.32,USD,web,
customer-0370,2026-05-01T23:03:00.000Z,370.33,EUR,mobile,ext-006369
customer-0371,2026-05-01T23:10:00.000Z,371.34,GBP,email,
customer-0372,2026-05-01T23:17:00.000Z,372.35,UAH,pos,
customer-0373,2026-05-01T23:24:00.000Z,373.36,USD,web,ext-006372
customer-0374,2026-05-01T23:31:00.000Z,374.37,EUR,mobile,
customer-0375,2026-05-01T23:38:00.000Z,375.38,GBP,email,
customer-0376,2026-05-01T23:45:00.000Z,376.39,UAH,pos,ext-006375
customer-0377,2026-05-01T23:52:00.000Z,377.40,USD,web,
customer-0378,2026-05-01T23:59:00.000Z,378.41,EUR,mobile,
customer-0379,2026-05-02T00:06:00.000Z,379.42,GBP,email,ext-006378
customer-0380,2026-05-02T00:13:00.000Z,380.43,UAH,pos,
customer-0381,2026-05-02T00:20:00.000Z,381.44,USD,web,
customer-0382,2026-05-02T00:27:00.000Z,382.45,EUR,mobile,ext-006381
customer-0383,2026-05-02T00:34:00.000Z,383.46,GBP,email,
customer-0384,2026-05-02T00:41:00.000Z,384.47,UAH,pos,
customer-0385,2026-05-02T00:48:00.000Z,385.48,USD,web,ext-006384
customer-0386,2026-05-02T00:55:00.000Z,386.49,EUR,mobile,
customer-0387,2026-05-02T01:02:00.000Z,387.50,GBP,email,
customer-0388,2026-05-02T01:09:00.000Z,388.51,UAH,pos,ext-006387
customer-0389,2026-05-02T01:16:00.000Z,389.52,USD,web,
customer-0390,2026-05-02T01:23:00.000Z,390.53,EUR,mobile,
customer-0391,2026-05-02T01:30:00.000Z,391.54,GBP,email,ext-006390
customer-0392,2026-05-02T01:37:00.000Z,392.55,UAH,pos,
customer-0393,2026-05-02T01:44:00.000Z,393.56,USD,web,
customer-0394,2026-05-02T01:51:00.000Z,394.57,EUR,mobile,ext-006393
customer-0395,2026-05-02T01:58:00.000Z,395.58,GBP,email,
customer-0396,2026-05-02T02:05:00.000Z,396.59,UAH,pos,
customer-0397,2026-05-02T02:12:00.000Z,397.60,USD,web,ext-006396
customer-0398,2026-05-02T02:19:00.000Z,398.61,EUR,mobile,
customer-0399,2026-05-02T02:26:00.000Z,399.62,GBP,email,
customer-0400,2026-05-02T02:33:00.000Z,400.63,UAH,pos,ext-006399
customer-0401,2026-05-02T02:40:00.000Z,401.64,USD,web,
customer-0402,2026-05-02T02:47:00.000Z,402.65,EUR,mobile,
customer-0403,2026-05-02T02:54:00.000Z,403.66,GBP,email,ext-006402
customer-0404,2026-05-02T03:01:00.000Z,404.67,UAH,pos,
customer-0405,2026-05-02T03:08:00.000Z,405.68,USD,web,
customer-0406,2026-05-02T03:15:00.000Z,406.69,EUR,mobile,ext-006405
customer-0407,2026-05-02T03:22:00.000Z,407.70,GBP,email,
customer-0408,2026-05-02T03:29:00.000Z,408.71,UAH,pos,
customer-0409,2026-05-02T03:36:00.000Z,409.72,USD,web,ext-006408
customer-0410,2026-05-02T03:43:00.000Z,410.73,EUR,mobile,
customer-0411,2026-05-02T03:50:00.000Z,411.74,GBP,email,
customer-0412,2026-05-02T03:57:00.000Z,412.75,UAH,pos,ext-006411
customer-0413,2026-05-02T04:04:00.000Z,413.76,USD,web,
customer-0414,2026-05-02T04:11:00.000Z,414.77,EUR,mobile,
customer-0415,2026-05-02T04:18:00.000Z,415.78,GBP,email,ext-006414
customer-0416,2026-05-02T04:25:00.000Z,416.79,UAH,pos,
customer-0417,2026-05-02T04:32:00.000Z,417.80,USD,web,
customer-0418,2026-05-02T04:39:00.000Z,418.81,EUR,mobile,ext-006417
customer-0419,2026-05-02T04:46:00.000Z,419.82,GBP,email,
customer-0420,2026-05-02T04:53:00.000Z,420.83,UAH,pos,
customer-0421,2026-05-02T05:00:00.000Z,421.84,USD,web,ext-006420
customer-0422,2026-05-02T05:07:00.000Z,422.85,EUR,mobile,
customer-0423,2026-05-02T05:14:00.000Z,423.86,GBP,email,
customer-0424,2026-05-02T05:21:00.000Z,424.87,UAH,pos,ext-006423
customer-0425,2026-05-02T05:28:00.000Z,425.88,USD,web,
customer-0426,2026-05-02T05:35:00.000Z,426.89,EUR,mobile,
customer-0427,2026-05-02T05:42:00.000Z,427.90,GBP,email,ext-006426
customer-0428,2026-05-02T05:49:00.000Z,428.91,UAH,pos,
customer-0429,2026-05-02T05:56:00.000Z,429.92,USD,web,
customer-0430,2026-05-02T06:03:00.000Z,430.93,EUR,mobile,ext-006429
customer-0431,2026-05-02T06:10:00.000Z,431.94,GBP,email,
customer-0432,2026-05-02T06:17:00.000Z,432.95,UAH,pos,
customer-0433,2026-05-02T06:24:00.000Z,433.96,USD,web,ext-006432
customer-0434,2026-05-02T06:31:00.000Z,434.97,EUR,mobile,
customer-0435,2026-05-02T06:38:00.000Z,435.98,GBP,email,
customer-0436,2026-05-02T06:45:00.000Z,436.00,UAH,pos,ext-006435
customer-0437,2026-05-02T06:52:00.000Z,437.01,USD,web,
customer-0438,2026-05-02T06:59:00.000Z,438.02,EUR,mobile,
customer-0439,2026-05-02T07:06:00.000Z,439.03,GBP,email,ext-006438
customer-0440,2026-05-02T07:13:00.000Z,440.04,UAH,pos,
customer-0441,2026-05-02T07:20:00.000Z,441.05,USD,web,
customer-0442,2026-05-02T07:27:00.000Z,442.06,EUR,mobile,ext-006441
customer-0443,2026-05-02T07:34:00.000Z,443.07,GBP,email,
customer-0444,2026-05-02T07:41:00.000Z,444.08,UAH,pos,
customer-0445,2026-05-02T07:48:00.000Z,445.09,USD,web,ext-006444
customer-0446,2026-05-02T07:55:00.000Z,446.10,EUR,mobile,
customer-0447,2026-05-02T08:02:00.000Z,447.11,GBP,email,
customer-0448,2026-05-02T08:09:00.000Z,448.12,UAH,pos,ext-006447
customer-0449,2026-05-02T08:16:00.000Z,449.13,USD,web,
customer-0450,2026-05-02T08:23:00.000Z,450.14,EUR,mobile,
customer-0451,2026-05-02T08:30:00.000Z,451.15,GBP,email,ext-006450
customer-0452,2026-05-02T08:37:00.000Z,452.16,UAH,pos,
customer-0453,2026-05-02T08:44:00.000Z,453.17,USD,web,
customer-0454,2026-05-02T08:51:00.000Z,454.18,EUR,mobile,ext-006453
customer-0455,2026-05-02T08:58:00.000Z,455.19,GBP,email,
customer-0456,2026-05-02T09:05:00.000Z,456.20,UAH,pos,
customer-0457,2026-05-02T09:12:00.000Z,457.21,USD,web,ext-006456
customer-0458,2026-05-02T09:19:00.000Z,458.22,EUR,mobile,
customer-0459,2026-05-02T09:26:00.000Z,459.23,GBP,email,
customer-0460,2026-05-02T09:33:00.000Z,460.24,UAH,pos,ext-006459
customer-0461,2026-05-02T09:40:00.000Z,461.25,USD,web,
customer-0462,2026-05-02T09:47:00.000Z,462.26,EUR,mobile,
customer-0463,2026-05-02T09:54:00.000Z,463.27,GBP,email,ext-006462
customer-0464,2026-05-02T10:01:00.000Z,464.28,UAH,pos,
customer-0465,2026-05-02T10:08:00.000Z,465.29,USD,web,
customer-0466,2026-05-02T10:15:00.000Z,466.30,EUR,mobile,ext-006465
customer-0467,2026-05-02T10:22:00.000Z,467.31,GBP,email,
customer-0468,2026-05-02T10:29:00.000Z,468.32,UAH,pos,
customer-0469,2026-05-02T10:36:00.000Z,469.33,USD,web,ext-006468
customer-0470,2026-05-02T10:43:00.000Z,470.34,EUR,mobile,
customer-0471,2026-05-02T10:50:00.000Z,471.35,GBP,email,
customer-0472,2026-05-02T10:57:00.000Z,472.36,UAH,pos,ext-006471
customer-0473,2026-05-02T11:04:00.000Z,473.37,USD,web,
customer-0474,2026-05-02T11:11:00.000Z,474.38,EUR,mobile,
customer-0475,2026-05-02T11:18:00.000Z,475.39,GBP,email,ext-006474
customer-0476,2026-05-02T11:25:00.000Z,476.40,UAH,pos,
customer-0477,2026-05-02T11:32:00.000Z,477.41,USD,web,
customer-0478,2026-05-02T11:39:00.000Z,478.42,EUR,mobile,ext-006477
customer-0479,2026-05-02T11:46:00.000Z,479.43,GBP,email,
customer-0480,2026-05-02T11:53:00.000Z,480.44,UAH,pos,
customer-0481,2026-05-02T12:00:00.000Z,481.45,USD,web,ext-006480
customer-0482,2026-05-02T12:07:00.000Z,482.46,EUR,mobile,
customer-0483,2026-05-02T12:14:00.000Z,483.47,GBP,email,
customer-0484,2026-05-02T12:21:00.000Z,484.48,UAH,pos,ext-006483
customer-0485,2026-05-02T12:28:00.000Z,485.49,USD,web,
customer-0486,2026-05-02T12:35:00.000Z,486.50,EUR,mobile,
customer-0487,2026-05-02T12:42:00.000Z,487.51,GBP,email,ext-006486
customer-0488,2026-05-02T12:49:00.000Z,488.52,UAH,pos,
customer-0489,2026-05-02T12:56:00.000Z,489.53,USD,web,
customer-0490,2026-05-02T13:03:00.000Z,490.54,EUR,mobile,ext-006489
customer-0491,2026-05-02T13:10:00.000Z,491.55,GBP,email,
customer-0492,2026-05-02T13:17:00.000Z,492.56,UAH,pos,
customer-0493,2026-05-02T13:24:00.000Z,493.57,USD,web,ext-006492
customer-0494,2026-05-02T13:31:00.000Z,494.58,EUR,mobile,
customer-0495,2026-05-02T13:38:00.000Z,495.59,GBP,email,
customer-0496,2026-05-02T13:45:00.000Z,496.60,UAH,pos,ext-006495
customer-0497,2026-05-02T13:52:00.000Z,497.61,USD,web,
customer-0498,2026-05-02T13:59:00.000Z,498.62,EUR,mobile,
customer-0499,2026-05-02T14:06:00.000Z,499.63,GBP,email,ext-006498
customer-0500,2026-05-02T14:13:00.000Z,500.64,UAH,pos,
customer-0501,2026-05-02T14:20:00.000Z,1.65,USD,web,
customer-0502,2026-05-02T14:27:00.000Z,2.66,EUR,mobile,ext-006501
customer-0503,2026-05-02T14:34:00.000Z,3.67,GBP,email,
customer-0504,2026-05-02T14:41:00.000Z,4.68,UAH,pos,
customer-0505,2026-05-02T14:48:00.000Z,5.69,USD,web,ext-006504
customer-0506,2026-05-02T14:55:00.000Z,6.70,EUR,mobile,
customer-0507,2026-05-02T15:02:00.000Z,7.71,GBP,email,
customer-0508,2026-05-02T15:09:00.000Z,8.72,UAH,pos,ext-006507
customer-0509,2026-05-02T15:16:00.000Z,9.73,USD,web,
customer-0510,2026-05-02T15:23:00.000Z,10.74,EUR,mobile,
customer-0511,2026-05-02T15:30:00.000Z,11.75,GBP,email,ext-006510
customer-0512,2026-05-02T15:37:00.000Z,12.76,UAH,pos,
customer-0513,2026-05-02T15:44:00.000Z,13.77,USD,web,
customer-0514,2026-05-02T15:51:00.000Z,14.78,EUR,mobile,ext-006513
customer-0515,2026-05-02T15:58:00.000Z,15.79,GBP,email,
customer-0516,2026-05-02T16:05:00.000Z,16.80,UAH,pos,
customer-0517,2026-05-02T16:12:00.000Z,17.81,USD,web,ext-006516
customer-0518,2026-05-02T16:19:00.000Z,18.82,EUR,mobile,
customer-0519,2026-05-02T16:26:00.000Z,19.83,GBP,email,
customer-0520,2026-05-02T16:33:00.000Z,20.84,UAH,pos,ext-006519
customer-0521,2026-05-02T16:40:00.000Z,21.85,USD,web,
customer-0522,2026-05-02T16:47:00.000Z,22.86,EUR,mobile,
customer-0523,2026-05-02T16:54:00.000Z,23.87,GBP,email,ext-006522
customer-0524,2026-05-02T17:01:00.000Z,24.88,UAH,pos,
customer-0525,2026-05-02T17:08:00.000Z,25.89,USD,web,
customer-0526,2026-05-02T17:15:00.000Z,26.90,EUR,mobile,ext-006525
customer-0527,2026-05-02T17:22:00.000Z,27.91,GBP,email,
customer-0528,2026-05-02T17:29:00.000Z,28.92,UAH,pos,
customer-0529,2026-05-02T17:36:00.000Z,29.93,USD,web,ext-006528
customer-0530,2026-05-02T17:43:00.000Z,30.94,EUR,mobile,
customer-0531,2026-05-02T17:50:00.000Z,31.95,GBP,email,
customer-0532,2026-05-02T17:57:00.000Z,32.96,UAH,pos,ext-006531
customer-0533,2026-05-02T18:04:00.000Z,33.97,USD,web,
customer-0534,2026-05-02T18:11:00.000Z,34.98,EUR,mobile,
customer-0535,2026-05-02T18:18:00.000Z,35.00,GBP,email,ext-006534
customer-0536,2026-05-02T18:25:00.000Z,36.01,UAH,pos,
customer-0537,2026-05-02T18:32:00.000Z,37.02,USD,web,
customer-0538,2026-05-02T18:39:00.000Z,38.03,EUR,mobile,ext-006537
customer-0539,2026-05-02T18:46:00.000Z,39.04,GBP,email,
customer-0540,2026-05-02T18:53:00.000Z,40.05,UAH,pos,
customer-0541,2026-05-02T19:00:00.000Z,41.06,USD,web,ext-006540
customer-0542,2026-05-02T19:07:00.000Z,42.07,EUR,mobile,
customer-0543,2026-05-02T19:14:00.000Z,43.08,GBP,email,
customer-0544,2026-05-02T19:21:00.000Z,44.09,UAH,pos,ext-006543
customer-0545,2026-05-02T19:28:00.000Z,45.10,USD,web,
customer-0546,2026-05-02T19:35:00.000Z,46.11,EUR,mobile,
customer-0547,2026-05-02T19:42:00.000Z,47.12,GBP,email,ext-006546
customer-0548,2026-05-02T19:49:00.000Z,48.13,UAH,pos,
customer-0549,2026-05-02T19:56:00.000Z,49.14,USD,web,
customer-0550,2026-05-02T20:03:00.000Z,50.15,EUR,mobile,ext-006549
customer-0551,2026-05-02T20:10:00.000Z,51.16,GBP,email,
customer-0552,2026-05-02T20:17:00.000Z,52.17,UAH,pos,
customer-0553,2026-05-02T20:24:00.000Z,53.18,USD,web,ext-006552
customer-0554,2026-05-02T20:31:00.000Z,54.19,EUR,mobile,
customer-0555,2026-05-02T20:38:00.000Z,55.20,GBP,email,
customer-0556,2026-05-02T20:45:00.000Z,56.21,UAH,pos,ext-006555
customer-0557,2026-05-02T20:52:00.000Z,57.22,USD,web,
customer-0558,2026-05-02T20:59:00.000Z,58.23,EUR,mobile,
customer-0559,2026-05-02T21:06:00.000Z,59.24,GBP,email,ext-006558
customer-0560,2026-05-02T21:13:00.000Z,60.25,UAH,pos,
customer-0561,2026-05-02T21:20:00.000Z,61.26,USD,web,
customer-0562,2026-05-02T21:27:00.000Z,62.27,EUR,mobile,ext-006561
customer-0563,2026-05-02T21:34:00.000Z,63.28,GBP,email,
customer-0564,2026-05-02T21:41:00.000Z,64.29,UAH,pos,
customer-0565,2026-05-02T21:48:00.000Z,65.30,USD,web,ext-006564
customer-0566,2026-05-02T21:55:00.000Z,66.31,EUR,mobile,
customer-0567,2026-05-02T22:02:00.000Z,67.32,GBP,email,
customer-0568,2026-05-02T22:09:00.000Z,68.33,UAH,pos,ext-006567
customer-0569,2026-05-02T22:16:00.000Z,69.34,USD,web,
customer-0570,2026-05-02T22:23:00.000Z,70.35,EUR,mobile,
customer-0571,2026-05-02T22:30:00.000Z,71.36,GBP,email,ext-006570
customer-0572,2026-05-02T22:37:00.000Z,72.37,UAH,pos,
customer-0573,2026-05-02T22:44:00.000Z,73.38,USD,web,
customer-0574,2026-05-02T22:51:00.000Z,74.39,EUR,mobile,ext-006573
customer-0575,2026-05-02T22:58:00.000Z,75.40,GBP,email,
customer-0576,2026-05-02T23:05:00.000Z,76.41,UAH,pos,
customer-0577,2026-05-02T23:12:00.000Z,77.42,USD,web,ext-006576
customer-0578,2026-05-02T23:19:00.000Z,78.43,EUR,mobile,
customer-0579,2026-05-02T23:26:00.000Z,79.44,GBP,email,
customer-0580,2026-05-02T23:33:00.000Z,80.45,UAH,pos,ext-006579
customer-0581,2026-05-02T23:40:00.000Z,81.46,USD,web,
customer-0582,2026-05-02T23:47:00.000Z,82.47,EUR,mobile,
customer-0583,2026-05-02T23:54:00.000Z,83.48,GBP,email,ext-006582
customer-0584,2026-05-03T00:01:00.000Z,84.49,UAH,pos,
customer-0585,2026-05-03T00:08:00.000Z,85.50,USD,web,
customer-0586,2026-05-03T00:15:00.000Z,86.51,EUR,mobile,ext-006585
customer-0587,2026-05-03T00:22:00.000Z,87.52,GBP,email,
customer-0588,2026-05-03T00:29:00.000Z,88.53,UAH,pos,
customer-0589,2026-05-03T00:36:00.000Z,89.54,USD,web,ext-006588
customer-0590,2026-05-03T00:43:00.000Z,90.55,EUR,mobile,
customer-0591,2026-05-03T00:50:00.000Z,91.56,GBP,email,
customer-0592,2026-05-03T00:57:00.000Z,92.57,UAH,pos,ext-006591
customer-0593,2026-05-03T01:04:00.000Z,93.58,USD,web,
customer-0594,2026-05-03T01:11:00.000Z,94.59,EUR,mobile,
customer-0595,2026-05-03T01:18:00.000Z,95.60,GBP,email,ext-006594
customer-0596,2026-05-03T01:25:00.000Z,96.61,UAH,pos,
customer-0597,2026-05-03T01:32:00.000Z,97.62,USD,web,
customer-0598,2026-05-03T01:39:00.000Z,98.63,EUR,mobile,ext-006597
customer-0599,2026-05-03T01:46:00.000Z,99.64,GBP,email,
customer-0600,2026-05-03T01:53:00.000Z,100.65,UAH,pos,
customer-0601,2026-05-03T02:00:00.000Z,101.66,USD,web,ext-006600
customer-0602,2026-05-03T02:07:00.000Z,102.67,EUR,mobile,
customer-0603,2026-05-03T02:14:00.000Z,103.68,GBP,email,
customer-0604,2026-05-03T02:21:00.000Z,104.69,UAH,pos,ext-006603
customer-0605,2026-05-03T02:28:00.000Z,105.70,USD,web,
customer-0606,2026-05-03T02:35:00.000Z,106.71,EUR,mobile,
customer-0607,2026-05-03T02:42:00.000Z,107.72,GBP,email,ext-006606
customer-0608,2026-05-03T02:49:00.000Z,108.73,UAH,pos,
customer-0609,2026-05-03T02:56:00.000Z,109.74,USD,web,
customer-0610,2026-05-03T03:03:00.000Z,110.75,EUR,mobile,ext-006609
customer-0611,2026-05-03T03:10:00.000Z,111.76,GBP,email,
customer-0612,2026-05-03T03:17:00.000Z,112.77,UAH,pos,
customer-0613,2026-05-03T03:24:00.000Z,113.78,USD,web,ext-006612
customer-0614,2026-05-03T03:31:00.000Z,114.79,EUR,mobile,
customer-0615,2026-05-03T03:38:00.000Z,115.80,GBP,email,
customer-0616,2026-05-03T03:45:00.000Z,116.81,UAH,pos,ext-006615
customer-0617,2026-05-03T03:52:00.000Z,117.82,USD,web,
customer-0618,2026-05-03T03:59:00.000Z,118.83,EUR,mobile,
customer-0619,2026-05-03T04:06:00.000Z,119.84,GBP,email,ext-006618
customer-0620,2026-05-03T04:13:00.000Z,120.85,UAH,pos,
customer-0621,2026-05-03T04:20:00.000Z,121.86,USD,web,
customer-0622,2026-05-03T04:27:00.000Z,122.87,EUR,mobile,ext-006621
customer-0623,2026-05-03T04:34:00.000Z,123.88,GBP,email,
customer-0624,2026-05-03T04:41:00.000Z,124.89,UAH,pos,
customer-0625,2026-05-03T04:48:00.000Z,125.90,USD,web,ext-006624
customer-0626,2026-05-03T04:55:00.000Z,126.91,EUR,mobile,
customer-0627,2026-05-03T05:02:00.000Z,127.92,GBP,email,
customer-0628,2026-05-03T05:09:00.000Z,128.93,UAH,pos,ext-006627
customer-0629,2026-05-03T05:16:00.000Z,129.94,USD,web,
customer-0630,2026-05-03T05:23:00.000Z,130.95,EUR,mobile,
customer-0631,2026-05-03T05:30:00.000Z,131.96,GBP,email,ext-006630
customer-0632,2026-05-03T05:37:00.000Z,132.97,UAH,pos,
customer-0633,2026-05-03T05:44:00.000Z,133.98,USD,web,
customer-0634,2026-05-03T05:51:00.000Z,134.00,EUR,mobile,ext-006633
customer-0635,2026-05-03T05:58:00.000Z,135.01,GBP,email,
customer-0636,2026-05-03T06:05:00.000Z,136.02,UAH,pos,
customer-0637,2026-05-03T06:12:00.000Z,137.03,USD,web,ext-006636
customer-0638,2026-05-03T06:19:00.000Z,138.04,EUR,mobile,
customer-0639,2026-05-03T06:26:00.000Z,139.05,GBP,email,
customer-0640,2026-05-03T06:33:00.000Z,140.06,UAH,pos,ext-006639
customer-0641,2026-05-03T06:40:00.000Z,141.07,USD,web,
customer-0642,2026-05-03T06:47:00.000Z,142.08,EUR,mobile,
customer-0643,2026-05-03T06:54:00.000Z,143.09,GBP,email,ext-006642
customer-0644,2026-05-03T07:01:00.000Z,144.10,UAH,pos,
customer-0645,2026-05-03T07:08:00.000Z,145.11,USD,web,
customer-0646,2026-05-03T07:15:00.000Z,146.12,EUR,mobile,ext-006645
customer-0647,2026-05-03T07:22:00.000Z,147.13,GBP,email,
customer-0648,2026-05-03T07:29:00.000Z,148.14,UAH,pos,
customer-0649,2026-05-03T07:36:00.000Z,149.15,USD,web,ext-006648
customer-0650,2026-05-03T07:43:00.000Z,150.16,EUR,mobile,
customer-0651,2026-05-03T07:50:00.000Z,151.17,GBP,email,
customer-0652,2026-05-03T07:57:00.000Z,152.18,UAH,pos,ext-006651
customer-0653,2026-05-03T08:04:00.000Z,153.19,USD,web,
customer-0654,2026-05-03T08:11:00.000Z,154.20,EUR,mobile,
customer-0655,2026-05-03T08:18:00.000Z,155.21,GBP,email,ext-006654
customer-0656,2026-05-03T08:25:00.000Z,156.22,UAH,pos,
customer-0657,2026-05-03T08:32:00.000Z,157.23,USD,web,
customer-0658,2026-05-03T08:39:00.000Z,158.24,EUR,mobile,ext-006657
customer-0659,2026-05-03T08:46:00.000Z,159.25,GBP,email,
customer-0660,2026-05-03T08:53:00.000Z,160.26,UAH,pos,
customer-0661,2026-05-03T09:00:00.000Z,161.27,USD,web,ext-006660
customer-0662,2026-05-03T09:07:00.000Z,162.28,EUR,mobile,
customer-0663,2026-05-03T09:14:00.000Z,163.29,GBP,email,
customer-0664,2026-05-03T09:21:00.000Z,164.30,UAH,pos,ext-006663
customer-0665,2026-05-03T09:28:00.000Z,165.31,USD,web,
customer-0666,2026-05-03T09:35:00.000Z,166.32,EUR,mobile,
customer-0667,2026-05-03T09:42:00.000Z,167.33,GBP,email,ext-006666
customer-0668,2026-05-03T09:49:00.000Z,168.34,UAH,pos,
customer-0669,2026-05-03T09:56:00.000Z,169.35,USD,web,
customer-0670,2026-05-03T10:03:00.000Z,170.36,EUR,mobile,ext-006669
customer-0671,2026-05-03T10:10:00.000Z,171.37,GBP,email,
customer-0672,2026-05-03T10:17:00.000Z,172.38,UAH,pos,
customer-0673,2026-05-03T10:24:00.000Z,173.39,USD,web,ext-006672
customer-0674,2026-05-03T10:31:00.000Z,174.40,EUR,mobile,
customer-0675,2026-05-03T10:38:00.000Z,175.41,GBP,email,
customer-0676,2026-05-03T10:45:00.000Z,176.42,UAH,pos,ext-006675
customer-0677,2026-05-03T10:52:00.000Z,177.43,USD,web,
customer-0678,2026-05-03T10:59:00.000Z,178.44,EUR,mobile,
customer-0679,2026-05-03T11:06:00.000Z,179.45,GBP,email,ext-006678
customer-0680,2026-05-03T11:13:00.000Z,180.46,UAH,pos,
customer-0681,2026-05-03T11:20:00.000Z,181.47,USD,web,
customer-0682,2026-05-03T11:27:00.000Z,182.48,EUR,mobile,ext-006681
customer-0683,2026-05-03T11:34:00.000Z,183.49,GBP,email,
customer-0684,2026-05-03T11:41:00.000Z,184.50,UAH,pos,
customer-0685,2026-05-03T11:48:00.000Z,185.51,USD,web,ext-006684
customer-0686,2026-05-03T11:55:00.000Z,186.52,EUR,mobile,
customer-0687,2026-05-03T12:02:00.000Z,187.53,GBP,email,
customer-0688,2026-05-03T12:09:00.000Z,188.54,UAH,pos,ext-006687
customer-0689,2026-05-03T12:16:00.000Z,189.55,USD,web,
customer-0690,2026-05-03T12:23:00.000Z,190.56,EUR,mobile,
customer-0691,2026-05-03T12:30:00.000Z,191.57,GBP,email,ext-006690
customer-0692,2026-05-03T12:37:00.000Z,192.58,UAH,pos,
customer-0693,2026-05-03T12:44:00.000Z,193.59,USD,web,
customer-0694,2026-05-03T12:51:00.000Z,194.60,EUR,mobile,ext-006693
customer-0695,2026-05-03T12:58:00.000Z,195.61,GBP,email,
customer-0696,2026-05-03T13:05:00.000Z,196.62,UAH,pos,
customer-0697,2026-05-03T13:12:00.000Z,197.63,USD,web,ext-006696
customer-0698,2026-05-03T13:19:00.000Z,198.64,EUR,mobile,
customer-0699,2026-05-03T13:26:00.000Z,199.65,GBP,email,
customer-0700,2026-05-03T13:33:00.000Z,200.66,UAH,pos,ext-006699
customer-0701,2026-05-03T13:40:00.000Z,201.67,USD,web,
customer-0702,2026-05-03T13:47:00.000Z,202.68,EUR,mobile,
customer-0703,2026-05-03T13:54:00.000Z,203.69,GBP,email,ext-006702
customer-0704,2026-05-03T14:01:00.000Z,204.70,UAH,pos,
customer-0705,2026-05-03T14:08:00.000Z,205.71,USD,web,
customer-0706,2026-05-03T14:15:00.000Z,206.72,EUR,mobile,ext-006705
customer-0707,2026-05-03T14:22:00.000Z,207.73,GBP,email,
customer-0708,2026-05-03T14:29:00.000Z,208.74,UAH,pos,
customer-0709,2026-05-03T14:36:00.000Z,209.75,USD,web,ext-006708
customer-0710,2026-05-03T14:43:00.000Z,210.76,EUR,mobile,
customer-0711,2026-05-03T14:50:00.000Z,211.77,GBP,email,
customer-0712,2026-05-03T14:57:00.000Z,212.78,UAH,pos,ext-006711
customer-0713,2026-05-03T15:04:00.000Z,213.79,USD,web,
customer-0714,2026-05-03T15:11:00.000Z,214.80,EUR,mobile,
customer-0715,2026-05-03T15:18:00.000Z,215.81,GBP,email,ext-006714
customer-0716,2026-05-03T15:25:00.000Z,216.82,UAH,pos,
customer-0717,2026-05-03T15:32:00.000Z,217.83,USD,web,
customer-0718,2026-05-03T15:39:00.000Z,218.84,EUR,mobile,ext-006717
customer-0719,2026-05-03T15:46:00.000Z,219.85,GBP,email,
customer-0720,2026-05-03T15:53:00.000Z,220.86,UAH,pos,
customer-0721,2026-05-03T16:00:00.000Z,221.87,USD,web,ext-006720
customer-0722,2026-05-03T16:07:00.000Z,222.88,EUR,mobile,
customer-0723,2026-05-03T16:14:00.000Z,223.89,GBP,email,
customer-0724,2026-05-03T16:21:00.000Z,224.90,UAH,pos,ext-006723
customer-0725,2026-05-03T16:28:00.000Z,225.91,USD,web,
customer-0726,2026-05-03T16:35:00.000Z,226.92,EUR,mobile,
customer-0727,2026-05-03T16:42:00.000Z,227.93,GBP,email,ext-006726
customer-0728,2026-05-03T16:49:00.000Z,228.94,UAH,pos,
customer-0729,2026-05-03T16:56:00.000Z,229.95,USD,web,
customer-0730,2026-05-03T17:03:00.000Z,230.96,EUR,mobile,ext-006729
customer-0731,2026-05-03T17:10:00.000Z,231.97,GBP,email,
customer-0732,2026-05-03T17:17:00.000Z,232.98,UAH,pos,
customer-0733,2026-05-03T17:24:00.000Z,233.00,USD,web,ext-006732
customer-0734,2026-05-03T17:31:00.000Z,234.01,EUR,mobile,
customer-0735,2026-05-03T17:38:00.000Z,235.02,GBP,email,
customer-0736,2026-05-03T17:45:00.000Z,236.03,UAH,pos,ext-006735
customer-0737,2026-05-03T17:52:00.000Z,237.04,USD,web,
customer-0738,2026-05-03T17:59:00.000Z,238.05,EUR,mobile,
customer-0739,2026-05-03T18:06:00.000Z,239.06,GBP,email,ext-006738
customer-0740,2026-05-03T18:13:00.000Z,240.07,UAH,pos,
customer-0741,2026-05-03T18:20:00.000Z,241.08,USD,web,
customer-0742,2026-05-03T18:27:00.000Z,242.09,EUR,mobile,ext-006741
customer-0743,2026-05-03T18:34:00.000Z,243.10,GBP,email,
customer-0744,2026-05-03T18:41:00.000Z,244.11,UAH,pos,
customer-0745,2026-05-03T18:48:00.000Z,245.12,USD,web,ext-006744
customer-0746,2026-05-03T18:55:00.000Z,246.13,EUR,mobile,
customer-0747,2026-05-03T19:02:00.000Z,247.14,GBP,email,
customer-0748,2026-05-03T19:09:00.000Z,248.15,UAH,pos,ext-006747
customer-0749,2026-05-03T19:16:00.000Z,249.16,USD,web,
customer-0750,2026-05-03T19:23:00.000Z,250.17,EUR,mobile,
customer-0751,2026-05-03T19:30:00.000Z,251.18,GBP,email,ext-006750
customer-0752,2026-05-03T19:37:00.000Z,252.19,UAH,pos,
customer-0753,2026-05-03T19:44:00.000Z,253.20,USD,web,
customer-0754,2026-05-03T19:51:00.000Z,254.21,EUR,mobile,ext-006753
customer-0755,2026-05-03T19:58:00.000Z,255.22,GBP,email,
customer-0756,2026-05-03T20:05:00.000Z,256.23,UAH,pos,
customer-0757,2026-05-03T20:12:00.000Z,257.24,USD,web,ext-006756
customer-0758,2026-05-03T20:19:00.000Z,258.25,EUR,mobile,
customer-0759,2026-05-03T20:26:00.000Z,259.26,GBP,email,
customer-0760,2026-05-03T20:33:00.000Z,260.27,UAH,pos,ext-006759
customer-0761,2026-05-03T20:40:00.000Z,261.28,USD,web,
customer-0762,2026-05-03T20:47:00.000Z,262.29,EUR,mobile,
customer-0763,2026-05-03T20:54:00.000Z,263.30,GBP,email,ext-006762
customer-0764,2026-05-03T21:01:00.000Z,264.31,UAH,pos,
customer-0765,2026-05-03T21:08:00.000Z,265.32,USD,web,
customer-0766,2026-05-03T21:15:00.000Z,266.33,EUR,mobile,ext-006765
customer-0767,2026-05-03T21:22:00.000Z,267.34,GBP,email,
customer-0768,2026-05-03T21:29:00.000Z,268.35,UAH,pos,
customer-0769,2026-05-03T21:36:00.000Z,269.36,USD,web,ext-006768
customer-0770,2026-05-03T21:43:00.000Z,270.37,EUR,mobile,
customer-0771,2026-05-03T21:50:00.000Z,271.38,GBP,email,
customer-0772,2026-05-03T21:57:00.000Z,272.39,UAH,pos,ext-006771
customer-0773,2026-05-03T22:04:00.000Z,273.40,USD,web,
customer-0774,2026-05-03T22:11:00.000Z,274.41,EUR,mobile,
customer-0775,2026-05-03T22:18:00.000Z,275.42,GBP,email,ext-006774
customer-0776,2026-05-03T22:25:00.000Z,276.43,UAH,pos,
customer-0777,2026-05-03T22:32:00.000Z,277.44,USD,web,
customer-0778,2026-05-03T22:39:00.000Z,278.45,EUR,mobile,ext-006777
customer-0779,2026-05-03T22:46:00.000Z,279.46,GBP,email,
customer-0780,2026-05-03T22:53:00.000Z,280.47,UAH,pos,
customer-0781,2026-05-03T23:00:00.000Z,281.48,USD,web,ext-006780
customer-0782,2026-05-03T23:07:00.000Z,282.49,EUR,mobile,
customer-0783,2026-05-03T23:14:00.000Z,283.50,GBP,email,
customer-0784,2026-05-03T23:21:00.000Z,284.51,UAH,pos,ext-006783
customer-0785,2026-05-03T23:28:00.000Z,285.52,USD,web,
customer-0786,2026-05-03T23:35:00.000Z,286.53,EUR,mobile,
customer-0787,2026-05-03T23:42:00.000Z,287.54,GBP,email,ext-006786
customer-0788,2026-05-03T23:49:00.000Z,288.55,UAH,pos,
customer-0789,2026-05-03T23:56:00.000Z,289.56,USD,web,
customer-0790,2026-05-04T00:03:00.000Z,290.57,EUR,mobile,ext-006789
customer-0791,2026-05-04T00:10:00.000Z,291.58,GBP,email,
customer-0792,2026-05-04T00:17:00.000Z,292.59,UAH,pos,
customer-0793,2026-05-04T00:24:00.000Z,293.60,USD,web,ext-006792
customer-0794,2026-05-04T00:31:00.000Z,294.61,EUR,mobile,
customer-0795,2026-05-04T00:38:00.000Z,295.62,GBP,email,
customer-0796,2026-05-04T00:45:00.000Z,296.63,UAH,pos,ext-006795
customer-0797,2026-05-04T00:52:00.000Z,297.64,USD,web,
customer-0798,2026-05-04T00:59:00.000Z,298.65,EUR,mobile,
customer-0799,2026-05-04T01:06:00.000Z,299.66,GBP,email,ext-006798
customer-0800,2026-05-04T01:13:00.000Z,300.67,UAH,pos,
customer-0801,2026-05-04T01:20:00.000Z,301.68,USD,web,
customer-0802,2026-05-04T01:27:00.000Z,302.69,EUR,mobile,ext-006801
customer-0803,2026-05-04T01:34:00.000Z,303.70,GBP,email,
customer-0804,2026-05-04T01:41:00.000Z,304.71,UAH,pos,
customer-0805,2026-05-04T01:48:00.000Z,305.72,USD,web,ext-006804
customer-0806,2026-05-04T01:55:00.000Z,306.73,EUR,mobile,
customer-0807,2026-05-04T02:02:00.000Z,307.74,GBP,email,
customer-0808,2026-05-04T02:09:00.000Z,308.75,UAH,pos,ext-006807
customer-0809,2026-05-04T02:16:00.000Z,309.76,USD,web,
customer-0810,2026-05-04T02:23:00.000Z,310.77,EUR,mobile,
customer-0811,2026-05-04T02:30:00.000Z,311.78,GBP,email,ext-006810
customer-0812,2026-05-04T02:37:00.000Z,312.79,UAH,pos,
customer-0813,2026-05-04T02:44:00.000Z,313.80,USD,web,
customer-0814,2026-05-04T02:51:00.000Z,314.81,EUR,mobile,ext-006813
customer-0815,2026-05-04T02:58:00.000Z,315.82,GBP,email,
customer-0816,2026-05-04T03:05:00.000Z,316.83,UAH,pos,
customer-0817,2026-05-04T03:12:00.000Z,317.84,USD,web,ext-006816
customer-0818,2026-05-04T03:19:00.000Z,318.85,EUR,mobile,
customer-0819,2026-05-04T03:26:00.000Z,319.86,GBP,email,
customer-0820,2026-05-04T03:33:00.000Z,320.87,UAH,pos,ext-006819
customer-0821,2026-05-04T03:40:00.000Z,321.88,USD,web,
customer-0822,2026-05-04T03:47:00.000Z,322.89,EUR,mobile,
customer-0823,2026-05-04T03:54:00.000Z,323.90,GBP,email,ext-006822
customer-0824,2026-05-04T04:01:00.000Z,324.91,UAH,pos,
customer-0825,2026-05-04T04:08:00.000Z,325.92,USD,web,
customer-0826,2026-05-04T04:15:00.000Z,326.93,EUR,mobile,ext-006825
customer-0827,2026-05-04T04:22:00.000Z,327.94,GBP,email,
customer-0828,2026-05-04T04:29:00.000Z,328.95,UAH,pos,
customer-0829,2026-05-04T04:36:00.000Z,329.96,USD,web,ext-006828
customer-0830,2026-05-04T04:43:00.000Z,330.97,EUR,mobile,
customer-0831,2026-05-04T04:50:00.000Z,331.98,GBP,email,
customer-0832,2026-05-04T04:57:00.000Z,332.00,UAH,pos,ext-006831
customer-0833,2026-05-04T05:04:00.000Z,333.01,USD,web,
customer-0834,2026-05-04T05:11:00.000Z,334.02,EUR,mobile,
customer-0835,2026-05-04T05:18:00.000Z,335.03,GBP,email,ext-006834
customer-0836,2026-05-04T05:25:00.000Z,336.04,UAH,pos,
customer-0837,2026-05-04T05:32:00.000Z,337.05,USD,web,
customer-0838,2026-05-04T05:39:00.000Z,338.06,EUR,mobile,ext-006837
customer-0839,2026-05-04T05:46:00.000Z,339.07,GBP,email,
customer-0840,2026-05-04T05:53:00.000Z,340.08,UAH,pos,
customer-0841,2026-05-04T06:00:00.000Z,341.09,USD,web,ext-006840
customer-0842,2026-05-04T06:07:00.000Z,342.10,EUR,mobile,
customer-0843,2026-05-04T06:14:00.000Z,343.11,GBP,email,
customer-0844,2026-05-04T06:21:00.000Z,344.12,UAH,pos,ext-006843
customer-0845,2026-05-04T06:28:00.000Z,345.13,USD,web,
customer-0846,2026-05-04T06:35:00.000Z,346.14,EUR,mobile,
customer-0847,2026-05-04T06:42:00.000Z,347.15,GBP,email,ext-006846
customer-0848,2026-05-04T06:49:00.000Z,348.16,UAH,pos,
customer-0849,2026-05-04T06:56:00.000Z,349.17,USD,web,
customer-0850,2026-05-04T07:03:00.000Z,350.18,EUR,mobile,ext-006849
customer-0851,2026-05-04T07:10:00.000Z,351.19,GBP,email,
customer-0852,2026-05-04T07:17:00.000Z,352.20,UAH,pos,
customer-0853,2026-05-04T07:24:00.000Z,353.21,USD,web,ext-006852
customer-0854,2026-05-04T07:31:00.000Z,354.22,EUR,mobile,
customer-0855,2026-05-04T07:38:00.000Z,355.23,GBP,email,
customer-0856,2026-05-04T07:45:00.000Z,356.24,UAH,pos,ext-006855
customer-0857,2026-05-04T07:52:00.000Z,357.25,USD,web,
customer-0858,2026-05-04T07:59:00.000Z,358.26,EUR,mobile,
customer-0859,2026-05-04T08:06:00.000Z,359.27,GBP,email,ext-006858
customer-0860,2026-05-04T08:13:00.000Z,360.28,UAH,pos,
customer-0861,2026-05-04T08:20:00.000Z,361.29,USD,web,
customer-0862,2026-05-04T08:27:00.000Z,362.30,EUR,mobile,ext-006861
customer-0863,2026-05-04T08:34:00.000Z,363.31,GBP,email,
customer-0864,2026-05-04T08:41:00.000Z,364.32,UAH,pos,
customer-0865,2026-05-04T08:48:00.000Z,365.33,USD,web,ext-006864
customer-0866,2026-05-04T08:55:00.000Z,366.34,EUR,mobile,
customer-0867,2026-05-04T09:02:00.000Z,367.35,GBP,email,
customer-0868,2026-05-04T09:09:00.000Z,368.36,UAH,pos,ext-006867
customer-0869,2026-05-04T09:16:00.000Z,369.37,USD,web,
customer-0870,2026-05-04T09:23:00.000Z,370.38,EUR,mobile,
customer-0871,2026-05-04T09:30:00.000Z,371.39,GBP,email,ext-006870
customer-0872,2026-05-04T09:37:00.000Z,372.40,UAH,pos,
customer-0873,2026-05-04T09:44:00.000Z,373.41,USD,web,
customer-0874,2026-05-04T09:51:00.000Z,374.42,EUR,mobile,ext-006873
customer-0875,2026-05-04T09:58:00.000Z,375.43,GBP,email,
customer-0876,2026-05-04T10:05:00.000Z,376.44,UAH,pos,
customer-0877,2026-05-04T10:12:00.000Z,377.45,USD,web,ext-006876
customer-0878,2026-05-04T10:19:00.000Z,378.46,EUR,mobile,
customer-0879,2026-05-04T10:26:00.000Z,379.47,GBP,email,
customer-0880,2026-05-04T10:33:00.000Z,380.48,UAH,pos,ext-006879
customer-0881,2026-05-04T10:40:00.000Z,381.49,USD,web,
customer-0882,2026-05-04T10:47:00.000Z,382.50,EUR,mobile,
customer-0883,2026-05-04T10:54:00.000Z,383.51,GBP,email,ext-006882
customer-0884,2026-05-04T11:01:00.000Z,384.52,UAH,pos,
customer-0885,2026-05-04T11:08:00.000Z,385.53,USD,web,
customer-0886,2026-05-04T11:15:00.000Z,386.54,EUR,mobile,ext-006885
customer-0887,2026-05-04T11:22:00.000Z,387.55,GBP,email,
customer-0888,2026-05-04T11:29:00.000Z,388.56,UAH,pos,
customer-0889,2026-05-04T11:36:00.000Z,389.57,USD,web,ext-006888
customer-0890,2026-05-04T11:43:00.000Z,390.58,EUR,mobile,
customer-0891,2026-05-04T11:50:00.000Z,391.59,GBP,email,
customer-0892,2026-05-04T11:57:00.000Z,392.60,UAH,pos,ext-006891
customer-0893,2026-05-04T12:04:00.000Z,393.61,USD,web,
customer-0894,2026-05-04T12:11:00.000Z,394.62,EUR,mobile,
customer-0895,2026-05-04T12:18:00.000Z,395.63,GBP,email,ext-006894
customer-0896,2026-05-04T12:25:00.000Z,396.64,UAH,pos,
customer-0897,2026-05-04T12:32:00.000Z,397.65,USD,web,
customer-0898,2026-05-04T12:39:00.000Z,398.66,EUR,mobile,ext-006897
customer-0899,2026-05-04T12:46:00.000Z,399.67,GBP,email,
customer-0900,2026-05-04T12:53:00.000Z,400.68,UAH,pos,
customer-0901,2026-05-04T13:00:00.000Z,401.69,USD,web,ext-006900
customer-0902,2026-05-04T13:07:00.000Z,402.70,EUR,mobile,
customer-0903,2026-05-04T13:14:00.000Z,403.71,GBP,email,
customer-0904,2026-05-04T13:21:00.000Z,404.72,UAH,pos,ext-006903
customer-0905,2026-05-04T13:28:00.000Z,405.73,USD,web,
customer-0906,2026-05-04T13:35:00.000Z,406.74,EUR,mobile,
customer-0907,2026-05-04T13:42:00.000Z,407.75,GBP,email,ext-006906
customer-0908,2026-05-04T13:49:00.000Z,408.76,UAH,pos,
customer-0909,2026-05-04T13:56:00.000Z,409.77,USD,web,
customer-0910,2026-05-04T14:03:00.000Z,410.78,EUR,mobile,ext-006909
customer-0911,2026-05-04T14:10:00.000Z,411.79,GBP,email,
customer-0912,2026-05-04T14:17:00.000Z,412.80,UAH,pos,
customer-0913,2026-05-04T14:24:00.000Z,413.81,USD,web,ext-006912
customer-0914,2026-05-04T14:31:00.000Z,414.82,EUR,mobile,
customer-0915,2026-05-04T14:38:00.000Z,415.83,GBP,email,
customer-0916,2026-05-04T14:45:00.000Z,416.84,UAH,pos,ext-006915
customer-0917,2026-05-04T14:52:00.000Z,417.85,USD,web,
customer-0918,2026-05-04T14:59:00.000Z,418.86,EUR,mobile,
customer-0919,2026-05-04T15:06:00.000Z,419.87,GBP,email,ext-006918
customer-0920,2026-05-04T15:13:00.000Z,420.88,UAH,pos,
customer-0921,2026-05-04T15:20:00.000Z,421.89,USD,web,
customer-0922,2026-05-04T15:27:00.000Z,422.90,EUR,mobile,ext-006921
customer-0923,2026-05-04T15:34:00.000Z,423.91,GBP,email,
customer-0924,2026-05-04T15:41:00.000Z,424.92,UAH,pos,
customer-0925,2026-05-04T15:48:00.000Z,425.93,USD,web,ext-006924
customer-0926,2026-05-04T15:55:00.000Z,426.94,EUR,mobile,
customer-0927,2026-05-04T16:02:00.000Z,427.95,GBP,email,
customer-0928,2026-05-04T16:09:00.000Z,428.96,UAH,pos,ext-006927
customer-0929,2026-05-04T16:16:00.000Z,429.97,USD,web,
customer-0930,2026-05-04T16:23:00.000Z,430.98,EUR,mobile,
customer-0931,2026-05-04T16:30:00.000Z,431.00,GBP,email,ext-006930
customer-0932,2026-05-04T16:37:00.000Z,432.01,UAH,pos,
customer-0933,2026-05-04T16:44:00.000Z,433.02,USD,web,
customer-0934,2026-05-04T16:51:00.000Z,434.03,EUR,mobile,ext-006933
customer-0935,2026-05-04T16:58:00.000Z,435.04,GBP,email,
customer-0936,2026-05-04T17:05:00.000Z,436.05,UAH,pos,
customer-0937,2026-05-04T17:12:00.000Z,437.06,USD,web,ext-006936
customer-0938,2026-05-04T17:19:00.000Z,438.07,EUR,mobile,
customer-0939,2026-05-04T17:26:00.000Z,439.08,GBP,email,
customer-0940,2026-05-04T17:33:00.000Z,440.09,UAH,pos,ext-006939
customer-0941,2026-05-04T17:40:00.000Z,441.10,USD,web,
customer-0942,2026-05-04T17:47:00.000Z,442.11,EUR,mobile,
customer-0943,2026-05-04T17:54:00.000Z,443.12,GBP,email,ext-006942
customer-0944,2026-05-04T18:01:00.000Z,444.13,UAH,pos,
customer-0945,2026-05-04T18:08:00.000Z,445.14,USD,web,
customer-0946,2026-05-04T18:15:00.000Z,446.15,EUR,mobile,ext-006945
customer-0947,2026-05-04T18:22:00.000Z,447.16,GBP,email,
customer-0948,2026-05-04T18:29:00.000Z,448.17,UAH,pos,
customer-0949,2026-05-04T18:36:00.000Z,449.18,USD,web,ext-006948
customer-0950,2026-05-04T18:43:00.000Z,450.19,EUR,mobile,
customer-0951,2026-05-04T18:50:00.000Z,451.20,GBP,email,
customer-0952,2026-05-04T18:57:00.000Z,452.21,UAH,pos,ext-006951
customer-0953,2026-05-04T19:04:00.000Z,453.22,USD,web,
customer-0954,2026-05-04T19:11:00.000Z,454.23,EUR,mobile,
customer-0955,2026-05-04T19:18:00.000Z,455.24,GBP,email,ext-006954
customer-0956,2026-05-04T19:25:00.000Z,456.25,UAH,pos,
customer-0957,2026-05-04T19:32:00.000Z,457.26,USD,web,
customer-0958,2026-05-04T19:39:00.000Z,458.27,EUR,mobile,ext-006957
customer-0959,2026-05-04T19:46:00.000Z,459.28,GBP,email,
customer-0960,2026-05-04T19:53:00.000Z,460.29,UAH,pos,
customer-0961,2026-05-04T20:00:00.000Z,461.30,USD,web,ext-006960
customer-0962,2026-05-04T20:07:00.000Z,462.31,EUR,mobile,
customer-0963,2026-05-04T20:14:00.000Z,463.32,GBP,email,
customer-0964,2026-05-04T20:21:00.000Z,464.33,UAH,pos,ext-006963
customer-0965,2026-05-04T20:28:00.000Z,465.34,USD,web,
customer-0966,2026-05-04T20:35:00.000Z,466.35,EUR,mobile,
customer-0967,2026-05-04T20:42:00.000Z,467.36,GBP,email,ext-006966
customer-0968,2026-05-04T20:49:00.000Z,468.37,UAH,pos,
customer-0969,2026-05-04T20:56:00.000Z,469.38,USD,web,
customer-0970,2026-05-04T21:03:00.000Z,470.39,EUR,mobile,ext-006969
customer-0971,2026-05-04T21:10:00.000Z,471.40,GBP,email,
customer-0972,2026-05-04T21:17:00.000Z,472.41,UAH,pos,
customer-0973,2026-05-04T21:24:00.000Z,473.42,USD,web,ext-006972
customer-0974,2026-05-04T21:31:00.000Z,474.43,EUR,mobile,
customer-0975,2026-05-04T21:38:00.000Z,475.44,GBP,email,
customer-0976,2026-05-04T21:45:00.000Z,476.45,UAH,pos,ext-006975
customer-0977,2026-05-04T21:52:00.000Z,477.46,USD,web,
customer-0978,2026-05-04T21:59:00.000Z,478.47,EUR,mobile,
customer-0979,2026-05-04T22:06:00.000Z,479.48,GBP,email,ext-006978
customer-0980,2026-05-04T22:13:00.000Z,480.49,UAH,pos,
customer-0981,2026-05-04T22:20:00.000Z,481.50,USD,web,
customer-0982,2026-05-04T22:27:00.000Z,482.51,EUR,mobile,ext-006981
customer-0983,2026-05-04T22:34:00.000Z,483.52,GBP,email,
customer-0984,2026-05-04T22:41:00.000Z,484.53,UAH,pos,
customer-0985,2026-05-04T22:48:00.000Z,485.54,USD,web,ext-006984
customer-0986,2026-05-04T22:55:00.000Z,486.55,EUR,mobile,
customer-0987,2026-05-04T23:02:00.000Z,487.56,GBP,email,
customer-0988,2026-05-04T23:09:00.000Z,488.57,UAH,pos,ext-006987
customer-0989,2026-05-04T23:16:00.000Z,489.58,USD,web,
customer-0990,2026-05-04T23:23:00.000Z,490.59,EUR,mobile,
customer-0991,2026-05-04T23:30:00.000Z,491.60,GBP,email,ext-006990
customer-0992,2026-05-04T23:37:00.000Z,492.61,UAH,pos,
customer-0993,2026-05-04T23:44:00.000Z,493.62,USD,web,
customer-0994,2026-05-04T23:51:00.000Z,494.63,EUR,mobile,ext-006993
customer-0995,2026-05-04T23:58:00.000Z,495.64,GBP,email,
customer-0996,2026-05-05T00:05:00.000Z,496.65,UAH,pos,
customer-0997,2026-05-05T00:12:00.000Z,497.66,USD,web,ext-006996
customer-0998,2026-05-05T00:19:00.000Z,498.67,EUR,mobile,
customer-0999,2026-05-05T00:26:00.000Z,499.68,GBP,email,
customer-1000,2026-05-05T00:33:00.000Z,500.69,UAH,pos,ext-006999
customer-1001,2026-05-05T00:40:00.000Z,1.70,USD,web,
customer-1002,2026-05-05T00:47:00.000Z,2.71,EUR,mobile,
customer-1003,2026-05-05T00:54:00.000Z,3.72,GBP,email,ext-007002
customer-1004,2026-05-05T01:01:00.000Z,4.73,UAH,pos,
customer-1005,2026-05-05T01:08:00.000Z,5.74,USD,web,
customer-1006,2026-05-05T01:15:00.000Z,6.75,EUR,mobile,ext-007005
customer-1007,2026-05-05T01:22:00.000Z,7.76,GBP,email,
customer-1008,2026-05-05T01:29:00.000Z,8.77,UAH,pos,
customer-1009,2026-05-05T01:36:00.000Z,9.78,USD,web,ext-007008
customer-1010,2026-05-05T01:43:00.000Z,10.79,EUR,mobile,
customer-1011,2026-05-05T01:50:00.000Z,11.80,GBP,email,
customer-1012,2026-05-05T01:57:00.000Z,12.81,UAH,pos,ext-007011
customer-1013,2026-05-05T02:04:00.000Z,13.82,USD,web,
customer-1014,2026-05-05T02:11:00.000Z,14.83,EUR,mobile,
customer-1015,2026-05-05T02:18:00.000Z,15.84,GBP,email,ext-007014
customer-1016,2026-05-05T02:25:00.000Z,16.85,UAH,pos,
customer-1017,2026-05-05T02:32:00.000Z,17.86,USD,web,
customer-1018,2026-05-05T02:39:00.000Z,18.87,EUR,mobile,ext-007017
customer-1019,2026-05-05T02:46:00.000Z,19.88,GBP,email,
customer-1020,2026-05-05T02:53:00.000Z,20.89,UAH,pos,
customer-1021,2026-05-05T03:00:00.000Z,21.90,USD,web,ext-007020
customer-1022,2026-05-05T03:07:00.000Z,22.91,EUR,mobile,
customer-1023,2026-05-05T03:14:00.000Z,23.92,GBP,email,
customer-1024,2026-05-05T03:21:00.000Z,24.93,UAH,pos,ext-007023
customer-1025,2026-05-05T03:28:00.000Z,25.94,USD,web,
customer-1026,2026-05-05T03:35:00.000Z,26.95,EUR,mobile,
customer-1027,2026-05-05T03:42:00.000Z,27.96,GBP,email,ext-007026
customer-1028,2026-05-05T03:49:00.000Z,28.97,UAH,pos,
customer-1029,2026-05-05T03:56:00.000Z,29.98,USD,web,
customer-1030,2026-05-05T04:03:00.000Z,30.00,EUR,mobile,ext-007029
customer-1031,2026-05-05T04:10:00.000Z,31.01,GBP,email,
customer-1032,2026-05-05T04:17:00.000Z,32.02,UAH,pos,
customer-1033,2026-05-05T04:24:00.000Z,33.03,USD,web,ext-007032
customer-1034,2026-05-05T04:31:00.000Z,34.04,EUR,mobile,
customer-1035,2026-05-05T04:38:00.000Z,35.05,GBP,email,
customer-1036,2026-05-05T04:45:00.000Z,36.06,UAH,pos,ext-007035
customer-1037,2026-05-05T04:52:00.000Z,37.07,USD,web,
customer-1038,2026-05-05T04:59:00.000Z,38.08,EUR,mobile,
customer-1039,2026-05-05T05:06:00.000Z,39.09,GBP,email,ext-007038
customer-1040,2026-05-05T05:13:00.000Z,40.10,UAH,pos,
customer-1041,2026-05-05T05:20:00.000Z,41.11,USD,web,
customer-1042,2026-05-05T05:27:00.000Z,42.12,EUR,mobile,ext-007041
customer-1043,2026-05-05T05:34:00.000Z,43.13,GBP,email,
customer-1044,2026-05-05T05:41:00.000Z,44.14,UAH,pos,
customer-1045,2026-05-05T05:48:00.000Z,45.15,USD,web,ext-007044
customer-1046,2026-05-05T05:55:00.000Z,46.16,EUR,mobile,
customer-1047,2026-05-05T06:02:00.000Z,47.17,GBP,email,
customer-1048,2026-05-05T06:09:00.000Z,48.18,UAH,pos,ext-007047
customer-1049,2026-05-05T06:16:00.000Z,49.19,USD,web,
customer-1050,2026-05-05T06:23:00.000Z,50.20,EUR,mobile,
customer-1051,2026-05-05T06:30:00.000Z,51.21,GBP,email,ext-007050
customer-1052,2026-05-05T06:37:00.000Z,52.22,UAH,pos,
customer-1053,2026-05-05T06:44:00.000Z,53.23,USD,web,
customer-1054,2026-05-05T06:51:00.000Z,54.24,EUR,mobile,ext-007053
customer-1055,2026-05-05T06:58:00.000Z,55.25,GBP,email,
customer-1056,2026-05-05T07:05:00.000Z,56.26,UAH,pos,
customer-1057,2026-05-05T07:12:00.000Z,57.27,USD,web,ext-007056
customer-1058,2026-05-05T07:19:00.000Z,58.28,EUR,mobile,
customer-1059,2026-05-05T07:26:00.000Z,59.29,GBP,email,
customer-1060,2026-05-05T07:33:00.000Z,60.30,UAH,pos,ext-007059
customer-1061,2026-05-05T07:40:00.000Z,61.31,USD,web,
customer-1062,2026-05-05T07:47:00.000Z,62.32,EUR,mobile,
customer-1063,2026-05-05T07:54:00.000Z,63.33,GBP,email,ext-007062
customer-1064,2026-05-05T08:01:00.000Z,64.34,UAH,pos,
customer-1065,2026-05-05T08:08:00.000Z,65.35,USD,web,
customer-1066,2026-05-05T08:15:00.000Z,66.36,EUR,mobile,ext-007065
customer-1067,2026-05-05T08:22:00.000Z,67.37,GBP,email,
customer-1068,2026-05-05T08:29:00.000Z,68.38,UAH,pos,
customer-1069,2026-05-05T08:36:00.000Z,69.39,USD,web,ext-007068
customer-1070,2026-05-05T08:43:00.000Z,70.40,EUR,mobile,
customer-1071,2026-05-05T08:50:00.000Z,71.41,GBP,email,
customer-1072,2026-05-05T08:57:00.000Z,72.42,UAH,pos,ext-007071
customer-1073,2026-05-05T09:04:00.000Z,73.43,USD,web,
customer-1074,2026-05-05T09:11:00.000Z,74.44,EUR,mobile,
customer-1075,2026-05-05T09:18:00.000Z,75.45,GBP,email,ext-007074
customer-1076,2026-05-05T09:25:00.000Z,76.46,UAH,pos,
customer-1077,2026-05-05T09:32:00.000Z,77.47,USD,web,
customer-1078,2026-05-05T09:39:00.000Z,78.48,EUR,mobile,ext-007077
customer-1079,2026-05-05T09:46:00.000Z,79.49,GBP,email,
customer-1080,2026-05-05T09:53:00.000Z,80.50,UAH,pos,
customer-1081,2026-05-05T10:00:00.000Z,81.51,USD,web,ext-007080
customer-1082,2026-05-05T10:07:00.000Z,82.52,EUR,mobile,
customer-1083,2026-05-05T10:14:00.000Z,83.53,GBP,email,
customer-1084,2026-05-05T10:21:00.000Z,84.54,UAH,pos,ext-007083
customer-1085,2026-05-05T10:28:00.000Z,85.55,USD,web,
customer-1086,2026-05-05T10:35:00.000Z,86.56,EUR,mobile,
customer-1087,2026-05-05T10:42:00.000Z,87.57,GBP,email,ext-007086
customer-1088,2026-05-05T10:49:00.000Z,88.58,UAH,pos,
customer-1089,2026-05-05T10:56:00.000Z,89.59,USD,web,
customer-1090,2026-05-05T11:03:00.000Z,90.60,EUR,mobile,ext-007089
customer-1091,2026-05-05T11:10:00.000Z,91.61,GBP,email,
customer-1092,2026-05-05T11:17:00.000Z,92.62,UAH,pos,
customer-1093,2026-05-05T11:24:00.000Z,93.63,USD,web,ext-007092
customer-1094,2026-05-05T11:31:00.000Z,94.64,EUR,mobile,
customer-1095,2026-05-05T11:38:00.000Z,95.65,GBP,email,
customer-1096,2026-05-05T11:45:00.000Z,96.66,UAH,pos,ext-007095
customer-1097,2026-05-05T11:52:00.000Z,97.67,USD,web,
customer-1098,2026-05-05T11:59:00.000Z,98.68,EUR,mobile,
customer-1099,2026-05-05T12:06:00.000Z,99.69,GBP,email,ext-007098
customer-1100,2026-05-05T12:13:00.000Z,100.70,UAH,pos,
customer-1101,2026-05-05T12:20:00.000Z,101.71,USD,web,
customer-1102,2026-05-05T12:27:00.000Z,102.72,EUR,mobile,ext-007101
customer-1103,2026-05-05T12:34:00.000Z,103.73,GBP,email,
customer-1104,2026-05-05T12:41:00.000Z,104.74,UAH,pos,
customer-1105,2026-05-05T12:48:00.000Z,105.75,USD,web,ext-007104
customer-1106,2026-05-05T12:55:00.000Z,106.76,EUR,mobile,
customer-1107,2026-05-05T13:02:00.000Z,107.77,GBP,email,
customer-1108,2026-05-05T13:09:00.000Z,108.78,UAH,pos,ext-007107
customer-1109,2026-05-05T13:16:00.000Z,109.79,USD,web,
customer-1110,2026-05-05T13:23:00.000Z,110.80,EUR,mobile,
customer-1111,2026-05-05T13:30:00.000Z,111.81,GBP,email,ext-007110
customer-1112,2026-05-05T13:37:00.000Z,112.82,UAH,pos,
customer-1113,2026-05-05T13:44:00.000Z,113.83,USD,web,
customer-1114,2026-05-05T13:51:00.000Z,114.84,EUR,mobile,ext-007113
customer-1115,2026-05-05T13:58:00.000Z,115.85,GBP,email,
customer-1116,2026-05-05T14:05:00.000Z,116.86,UAH,pos,
customer-1117,2026-05-05T14:12:00.000Z,117.87,USD,web,ext-007116
customer-1118,2026-05-05T14:19:00.000Z,118.88,EUR,mobile,
customer-1119,2026-05-05T14:26:00.000Z,119.89,GBP,email,
customer-1120,2026-05-05T14:33:00.000Z,120.90,UAH,pos,ext-007119
customer-1121,2026-05-05T14:40:00.000Z,121.91,USD,web,
customer-1122,2026-05-05T14:47:00.000Z,122.92,EUR,mobile,
customer-1123,2026-05-05T14:54:00.000Z,123.93,GBP,email,ext-007122
customer-1124,2026-05-05T15:01:00.000Z,124.94,UAH,pos,
customer-1125,2026-05-05T15:08:00.000Z,125.95,USD,web,
customer-1126,2026-05-05T15:15:00.000Z,126.96,EUR,mobile,ext-007125
customer-1127,2026-05-05T15:22:00.000Z,127.97,GBP,email,
customer-1128,2026-05-05T15:29:00.000Z,128.98,UAH,pos,
customer-1129,2026-05-05T15:36:00.000Z,129.00,USD,web,ext-007128
customer-1130,2026-05-05T15:43:00.000Z,130.01,EUR,mobile,
customer-1131,2026-05-05T15:50:00.000Z,131.02,GBP,email,
customer-1132,2026-05-05T15:57:00.000Z,132.03,UAH,pos,ext-007131
customer-1133,2026-05-05T16:04:00.000Z,133.04,USD,web,
customer-1134,2026-05-05T16:11:00.000Z,134.05,EUR,mobile,
customer-1135,2026-05-05T16:18:00.000Z,135.06,GBP,email,ext-007134
customer-1136,2026-05-05T16:25:00.000Z,136.07,UAH,pos,
customer-1137,2026-05-05T16:32:00.000Z,137.08,USD,web,
customer-1138,2026-05-05T16:39:00.000Z,138.09,EUR,mobile,ext-007137
customer-1139,2026-05-05T16:46:00.000Z,139.10,GBP,email,
customer-1140,2026-05-05T16:53:00.000Z,140.11,UAH,pos,
customer-1141,2026-05-05T17:00:00.000Z,141.12,USD,web,ext-007140
customer-1142,2026-05-05T17:07:00.000Z,142.13,EUR,mobile,
customer-1143,2026-05-05T17:14:00.000Z,143.14,GBP,email,
customer-1144,2026-05-05T17:21:00.000Z,144.15,UAH,pos,ext-007143
customer-1145,2026-05-05T17:28:00.000Z,145.16,USD,web,
customer-1146,2026-05-05T17:35:00.000Z,146.17,EUR,mobile,
customer-1147,2026-05-05T17:42:00.000Z,147.18,GBP,email,ext-007146
customer-1148,2026-05-05T17:49:00.000Z,148.19,UAH,pos,
customer-1149,2026-05-05T17:56:00.000Z,149.20,USD,web,
customer-1150,2026-05-05T18:03:00.000Z,150.21,EUR,mobile,ext-007149
customer-1151,2026-05-05T18:10:00.000Z,151.22,GBP,email,
customer-1152,2026-05-05T18:17:00.000Z,152.23,UAH,pos,
customer-1153,2026-05-05T18:24:00.000Z,153.24,USD,web,ext-007152
customer-1154,2026-05-05T18:31:00.000Z,154.25,EUR,mobile,
customer-1155,2026-05-05T18:38:00.000Z,155.26,GBP,email,
customer-1156,2026-05-05T18:45:00.000Z,156.27,UAH,pos,ext-007155
customer-1157,2026-05-05T18:52:00.000Z,157.28,USD,web,
customer-1158,2026-05-05T18:59:00.000Z,158.29,EUR,mobile,
customer-1159,2026-05-05T19:06:00.000Z,159.30,GBP,email,ext-007158
customer-1160,2026-05-05T19:13:00.000Z,160.31,UAH,pos,
customer-1161,2026-05-05T19:20:00.000Z,161.32,USD,web,
customer-1162,2026-05-05T19:27:00.000Z,162.33,EUR,mobile,ext-007161
customer-1163,2026-05-05T19:34:00.000Z,163.34,GBP,email,
customer-1164,2026-05-05T19:41:00.000Z,164.35,UAH,pos,
customer-1165,2026-05-05T19:48:00.000Z,165.36,USD,web,ext-007164
customer-1166,2026-05-05T19:55:00.000Z,166.37,EUR,mobile,
customer-1167,2026-05-05T20:02:00.000Z,167.38,GBP,email,
customer-1168,2026-05-05T20:09:00.000Z,168.39,UAH,pos,ext-007167
customer-1169,2026-05-05T20:16:00.000Z,169.40,USD,web,
customer-1170,2026-05-05T20:23:00.000Z,170.41,EUR,mobile,
customer-1171,2026-05-05T20:30:00.000Z,171.42,GBP,email,ext-007170
customer-1172,2026-05-05T20:37:00.000Z,172.43,UAH,pos,
customer-1173,2026-05-05T20:44:00.000Z,173.44,USD,web,
customer-1174,2026-05-05T20:51:00.000Z,174.45,EUR,mobile,ext-007173
customer-1175,2026-05-05T20:58:00.000Z,175.46,GBP,email,
customer-1176,2026-05-05T21:05:00.000Z,176.47,UAH,pos,
customer-1177,2026-05-05T21:12:00.000Z,177.48,USD,web,ext-007176
customer-1178,2026-05-05T21:19:00.000Z,178.49,EUR,mobile,
customer-1179,2026-05-05T21:26:00.000Z,179.50,GBP,email,
customer-1180,2026-05-05T21:33:00.000Z,180.51,UAH,pos,ext-007179
customer-1181,2026-05-05T21:40:00.000Z,181.52,USD,web,
customer-1182,2026-05-05T21:47:00.000Z,182.53,EUR,mobile,
customer-1183,2026-05-05T21:54:00.000Z,183.54,GBP,email,ext-007182
customer-1184,2026-05-05T22:01:00.000Z,184.55,UAH,pos,
customer-1185,2026-05-05T22:08:00.000Z,185.56,USD,web,
customer-1186,2026-05-05T22:15:00.000Z,186.57,EUR,mobile,ext-007185
customer-1187,2026-05-05T22:22:00.000Z,187.58,GBP,email,
customer-1188,2026-05-05T22:29:00.000Z,188.59,UAH,pos,
customer-1189,2026-05-05T22:36:00.000Z,189.60,USD,web,ext-007188
customer-1190,2026-05-05T22:43:00.000Z,190.61,EUR,mobile,
customer-1191,2026-05-05T22:50:00.000Z,191.62,GBP,email,
customer-1192,2026-05-05T22:57:00.000Z,192.63,UAH,pos,ext-007191
customer-1193,2026-05-05T23:04:00.000Z,193.64,USD,web,
customer-1194,2026-05-05T23:11:00.000Z,194.65,EUR,mobile,
customer-1195,2026-05-05T23:18:00.000Z,195.66,GBP,email,ext-007194
customer-1196,2026-05-05T23:25:00.000Z,196.67,UAH,pos,
customer-1197,2026-05-05T23:32:00.000Z,197.68,USD,web,
customer-1198,2026-05-05T23:39:00.000Z,198.69,EUR,mobile,ext-007197
customer-1199,2026-05-05T23:46:00.000Z,199.70,GBP,email,
customer-1200,2026-05-05T23:53:00.000Z,200.71,UAH,pos,
customer-0001,2026-05-06T00:00:00.000Z,201.72,USD,web,ext-007200
customer-0002,2026-05-06T00:07:00.000Z,202.73,EUR,mobile,
customer-0003,2026-05-06T00:14:00.000Z,203.74,GBP,email,
customer-0004,2026-05-06T00:21:00.000Z,204.75,UAH,pos,ext-007203
customer-0005,2026-05-06T00:28:00.000Z,205.76,USD,web,
customer-0006,2026-05-06T00:35:00.000Z,206.77,EUR,mobile,
customer-0007,2026-05-06T00:42:00.000Z,207.78,GBP,email,ext-007206
customer-0008,2026-05-06T00:49:00.000Z,208.79,UAH,pos,
customer-0009,2026-05-06T00:56:00.000Z,209.80,USD,web,
customer-0010,2026-05-06T01:03:00.000Z,210.81,EUR,mobile,ext-007209
customer-0011,2026-05-06T01:10:00.000Z,211.82,GBP,email,
customer-0012,2026-05-06T01:17:00.000Z,212.83,UAH,pos,
customer-0013,2026-05-06T01:24:00.000Z,213.84,USD,web,ext-007212
customer-0014,2026-05-06T01:31:00.000Z,214.85,EUR,mobile,
customer-0015,2026-05-06T01:38:00.000Z,215.86,GBP,email,
customer-0016,2026-05-06T01:45:00.000Z,216.87,UAH,pos,ext-007215
customer-0017,2026-05-06T01:52:00.000Z,217.88,USD,web,
customer-0018,2026-05-06T01:59:00.000Z,218.89,EUR,mobile,
customer-0019,2026-05-06T02:06:00.000Z,219.90,GBP,email,ext-007218
customer-0020,2026-05-06T02:13:00.000Z,220.91,UAH,pos,
customer-0021,2026-05-06T02:20:00.000Z,221.92,USD,web,
customer-0022,2026-05-06T02:27:00.000Z,222.93,EUR,mobile,ext-007221
customer-0023,2026-05-06T02:34:00.000Z,223.94,GBP,email,
customer-0024,2026-05-06T02:41:00.000Z,224.95,UAH,pos,
customer-0025,2026-05-06T02:48:00.000Z,225.96,USD,web,ext-007224
customer-0026,2026-05-06T02:55:00.000Z,226.97,EUR,mobile,
customer-0027,2026-05-06T03:02:00.000Z,227.98,GBP,email,
customer-0028,2026-05-06T03:09:00.000Z,228.00,UAH,pos,ext-007227
customer-0029,2026-05-06T03:16:00.000Z,229.01,USD,web,
customer-0030,2026-05-06T03:23:00.000Z,230.02,EUR,mobile,
customer-0031,2026-05-06T03:30:00.000Z,231.03,GBP,email,ext-007230
customer-0032,2026-05-06T03:37:00.000Z,232.04,UAH,pos,
customer-0033,2026-05-06T03:44:00.000Z,233.05,USD,web,
customer-0034,2026-05-06T03:51:00.000Z,234.06,EUR,mobile,ext-007233
customer-0035,2026-05-06T03:58:00.000Z,235.07,GBP,email,
customer-0036,2026-05-06T04:05:00.000Z,236.08,UAH,pos,
customer-0037,2026-05-06T04:12:00.000Z,237.09,USD,web,ext-007236
customer-0038,2026-05-06T04:19:00.000Z,238.10,EUR,mobile,
customer-0039,2026-05-06T04:26:00.000Z,239.11,GBP,email,
customer-0040,2026-05-06T04:33:00.000Z,240.12,UAH,pos,ext-007239
customer-0041,2026-05-06T04:40:00.000Z,241.13,USD,web,
customer-0042,2026-05-06T04:47:00.000Z,242.14,EUR,mobile,
customer-0043,2026-05-06T04:54:00.000Z,243.15,GBP,email,ext-007242
customer-0044,2026-05-06T05:01:00.000Z,244.16,UAH,pos,
customer-0045,2026-05-06T05:08:00.000Z,245.17,USD,web,
customer-0046,2026-05-06T05:15:00.000Z,246.18,EUR,mobile,ext-007245
customer-0047,2026-05-06T05:22:00.000Z,247.19,GBP,email,
customer-0048,2026-05-06T05:29:00.000Z,248.20,UAH,pos,
customer-0049,2026-05-06T05:36:00.000Z,249.21,USD,web,ext-007248
customer-0050,2026-05-06T05:43:00.000Z,250.22,EUR,mobile,
customer-0051,2026-05-06T05:50:00.000Z,251.23,GBP,email,
customer-0052,2026-05-06T05:57:00.000Z,252.24,UAH,pos,ext-007251
customer-0053,2026-05-06T06:04:00.000Z,253.25,USD,web,
customer-0054,2026-05-06T06:11:00.000Z,254.26,EUR,mobile,
customer-0055,2026-05-06T06:18:00.000Z,255.27,GBP,email,ext-007254
customer-0056,2026-05-06T06:25:00.000Z,256.28,UAH,pos,
customer-0057,2026-05-06T06:32:00.000Z,257.29,USD,web,
customer-0058,2026-05-06T06:39:00.000Z,258.30,EUR,mobile,ext-007257
customer-0059,2026-05-06T06:46:00.000Z,259.31,GBP,email,
customer-0060,2026-05-06T06:53:00.000Z,260.32,UAH,pos,
customer-0061,2026-05-06T07:00:00.000Z,261.33,USD,web,ext-007260
customer-0062,2026-05-06T07:07:00.000Z,262.34,EUR,mobile,
customer-0063,2026-05-06T07:14:00.000Z,263.35,GBP,email,
customer-0064,2026-05-06T07:21:00.000Z,264.36,UAH,pos,ext-007263
customer-0065,2026-05-06T07:28:00.000Z,265.37,USD,web,
customer-0066,2026-05-06T07:35:00.000Z,266.38,EUR,mobile,
customer-0067,2026-05-06T07:42:00.000Z,267.39,GBP,email,ext-007266
customer-0068,2026-05-06T07:49:00.000Z,268.40,UAH,pos,
customer-0069,2026-05-06T07:56:00.000Z,269.41,USD,web,
customer-0070,2026-05-06T08:03:00.000Z,270.42,EUR,mobile,ext-007269
customer-0071,2026-05-06T08:10:00.000Z,271.43,GBP,email,
customer-0072,2026-05-06T08:17:00.000Z,272.44,UAH,pos,
customer-0073,2026-05-06T08:24:00.000Z,273.45,USD,web,ext-007272
customer-0074,2026-05-06T08:31:00.000Z,274.46,EUR,mobile,
customer-0075,2026-05-06T08:38:00.000Z,275.47,GBP,email,
customer-0076,2026-05-06T08:45:00.000Z,276.48,UAH,pos,ext-007275
customer-0077,2026-05-06T08:52:00.000Z,277.49,USD,web,
customer-0078,2026-05-06T08:59:00.000Z,278.50,EUR,mobile,
customer-0079,2026-05-06T09:06:00.000Z,279.51,GBP,email,ext-007278
customer-0080,2026-05-06T09:13:00.000Z,280.52,UAH,pos,
customer-0081,2026-05-06T09:20:00.000Z,281.53,USD,web,
customer-0082,2026-05-06T09:27:00.000Z,282.54,EUR,mobile,ext-007281
customer-0083,2026-05-06T09:34:00.000Z,283.55,GBP,email,
customer-0084,2026-05-06T09:41:00.000Z,284.56,UAH,pos,
customer-0085,2026-05-06T09:48:00.000Z,285.57,USD,web,ext-007284
customer-0086,2026-05-06T09:55:00.000Z,286.58,EUR,mobile,
customer-0087,2026-05-06T10:02:00.000Z,287.59,GBP,email,
customer-0088,2026-05-06T10:09:00.000Z,288.60,UAH,pos,ext-007287
customer-0089,2026-05-06T10:16:00.000Z,289.61,USD,web,
customer-0090,2026-05-06T10:23:00.000Z,290.62,EUR,mobile,
customer-0091,2026-05-06T10:30:00.000Z,291.63,GBP,email,ext-007290
customer-0092,2026-05-06T10:37:00.000Z,292.64,UAH,pos,
customer-0093,2026-05-06T10:44:00.000Z,293.65,USD,web,
customer-0094,2026-05-06T10:51:00.000Z,294.66,EUR,mobile,ext-007293
customer-0095,2026-05-06T10:58:00.000Z,295.67,GBP,email,
customer-0096,2026-05-06T11:05:00.000Z,296.68,UAH,pos,
customer-0097,2026-05-06T11:12:00.000Z,297.69,USD,web,ext-007296
customer-0098,2026-05-06T11:19:00.000Z,298.70,EUR,mobile,
customer-0099,2026-05-06T11:26:00.000Z,299.71,GBP,email,
customer-0100,2026-05-06T11:33:00.000Z,300.72,UAH,pos,ext-007299
customer-0101,2026-05-06T11:40:00.000Z,301.73,USD,web,
customer-0102,2026-05-06T11:47:00.000Z,302.74,EUR,mobile,
customer-0103,2026-05-06T11:54:00.000Z,303.75,GBP,email,ext-007302
customer-0104,2026-05-06T12:01:00.000Z,304.76,UAH,pos,
customer-0105,2026-05-06T12:08:00.000Z,305.77,USD,web,
customer-0106,2026-05-06T12:15:00.000Z,306.78,EUR,mobile,ext-007305
customer-0107,2026-05-06T12:22:00.000Z,307.79,GBP,email,
customer-0108,2026-05-06T12:29:00.000Z,308.80,UAH,pos,
customer-0109,2026-05-06T12:36:00.000Z,309.81,USD,web,ext-007308
customer-0110,2026-05-06T12:43:00.000Z,310.82,EUR,mobile,
customer-0111,2026-05-06T12:50:00.000Z,311.83,GBP,email,
customer-0112,2026-05-06T12:57:00.000Z,312.84,UAH,pos,ext-007311
customer-0113,2026-05-06T13:04:00.000Z,313.85,USD,web,
customer-0114,2026-05-06T13:11:00.000Z,314.86,EUR,mobile,
customer-0115,2026-05-06T13:18:00.000Z,315.87,GBP,email,ext-007314
customer-0116,2026-05-06T13:25:00.000Z,316.88,UAH,pos,
customer-0117,2026-05-06T13:32:00.000Z,317.89,USD,web,
customer-0118,2026-05-06T13:39:00.000Z,318.90,EUR,mobile,ext-007317
customer-0119,2026-05-06T13:46:00.000Z,319.91,GBP,email,
customer-0120,2026-05-06T13:53:00.000Z,320.92,UAH,pos,
customer-0121,2026-05-06T14:00:00.000Z,321.93,USD,web,ext-007320
customer-0122,2026-05-06T14:07:00.000Z,322.94,EUR,mobile,
customer-0123,2026-05-06T14:14:00.000Z,323.95,GBP,email,
customer-0124,2026-05-06T14:21:00.000Z,324.96,UAH,pos,ext-007323
customer-0125,2026-05-06T14:28:00.000Z,325.97,USD,web,
customer-0126,2026-05-06T14:35:00.000Z,326.98,EUR,mobile,
customer-0127,2026-05-06T14:42:00.000Z,327.00,GBP,email,ext-007326
customer-0128,2026-05-06T14:49:00.000Z,328.01,UAH,pos,
customer-0129,2026-05-06T14:56:00.000Z,329.02,USD,web,
customer-0130,2026-05-06T15:03:00.000Z,330.03,EUR,mobile,ext-007329
customer-0131,2026-05-06T15:10:00.000Z,331.04,GBP,email,
customer-0132,2026-05-06T15:17:00.000Z,332.05,UAH,pos,
customer-0133,2026-05-06T15:24:00.000Z,333.06,USD,web,ext-007332
customer-0134,2026-05-06T15:31:00.000Z,334.07,EUR,mobile,
customer-0135,2026-05-06T15:38:00.000Z,335.08,GBP,email,
customer-0136,2026-05-06T15:45:00.000Z,336.09,UAH,pos,ext-007335
customer-0137,2026-05-06T15:52:00.000Z,337.10,USD,web,
customer-0138,2026-05-06T15:59:00.000Z,338.11,EUR,mobile,
customer-0139,2026-05-06T16:06:00.000Z,339.12,GBP,email,ext-007338
customer-0140,2026-05-06T16:13:00.000Z,340.13,UAH,pos,
customer-0141,2026-05-06T16:20:00.000Z,341.14,USD,web,
customer-0142,2026-05-06T16:27:00.000Z,342.15,EUR,mobile,ext-007341
customer-0143,2026-05-06T16:34:00.000Z,343.16,GBP,email,
customer-0144,2026-05-06T16:41:00.000Z,344.17,UAH,pos,
customer-0145,2026-05-06T16:48:00.000Z,345.18,USD,web,ext-007344
customer-0146,2026-05-06T16:55:00.000Z,346.19,EUR,mobile,
customer-0147,2026-05-06T17:02:00.000Z,347.20,GBP,email,
customer-0148,2026-05-06T17:09:00.000Z,348.21,UAH,pos,ext-007347
customer-0149,2026-05-06T17:16:00.000Z,349.22,USD,web,
customer-0150,2026-05-06T17:23:00.000Z,350.23,EUR,mobile,
customer-0151,2026-05-06T17:30:00.000Z,351.24,GBP,email,ext-007350
customer-0152,2026-05-06T17:37:00.000Z,352.25,UAH,pos,
customer-0153,2026-05-06T17:44:00.000Z,353.26,USD,web,
customer-0154,2026-05-06T17:51:00.000Z,354.27,EUR,mobile,ext-007353
customer-0155,2026-05-06T17:58:00.000Z,355.28,GBP,email,
customer-0156,2026-05-06T18:05:00.000Z,356.29,UAH,pos,
customer-0157,2026-05-06T18:12:00.000Z,357.30,USD,web,ext-007356
customer-0158,2026-05-06T18:19:00.000Z,358.31,EUR,mobile,
customer-0159,2026-05-06T18:26:00.000Z,359.32,GBP,email,
customer-0160,2026-05-06T18:33:00.000Z,360.33,UAH,pos,ext-007359
customer-0161,2026-05-06T18:40:00.000Z,361.34,USD,web,
customer-0162,2026-05-06T18:47:00.000Z,362.35,EUR,mobile,
customer-0163,2026-05-06T18:54:00.000Z,363.36,GBP,email,ext-007362
customer-0164,2026-05-06T19:01:00.000Z,364.37,UAH,pos,
customer-0165,2026-05-06T19:08:00.000Z,365.38,USD,web,
customer-0166,2026-05-06T19:15:00.000Z,366.39,EUR,mobile,ext-007365
customer-0167,2026-05-06T19:22:00.000Z,367.40,GBP,email,
customer-0168,2026-05-06T19:29:00.000Z,368.41,UAH,pos,
customer-0169,2026-05-06T19:36:00.000Z,369.42,USD,web,ext-007368
customer-0170,2026-05-06T19:43:00.000Z,370.43,EUR,mobile,
customer-0171,2026-05-06T19:50:00.000Z,371.44,GBP,email,
customer-0172,2026-05-06T19:57:00.000Z,372.45,UAH,pos,ext-007371
customer-0173,2026-05-06T20:04:00.000Z,373.46,USD,web,
customer-0174,2026-05-06T20:11:00.000Z,374.47,EUR,mobile,
customer-0175,2026-05-06T20:18:00.000Z,375.48,GBP,email,ext-007374
customer-0176,2026-05-06T20:25:00.000Z,376.49,UAH,pos,
customer-0177,2026-05-06T20:32:00.000Z,377.50,USD,web,
customer-0178,2026-05-06T20:39:00.000Z,378.51,EUR,mobile,ext-007377
customer-0179,2026-05-06T20:46:00.000Z,379.52,GBP,email,
customer-0180,2026-05-06T20:53:00.000Z,380.53,UAH,pos,
customer-0181,2026-05-06T21:00:00.000Z,381.54,USD,web,ext-007380
customer-0182,2026-05-06T21:07:00.000Z,382.55,EUR,mobile,
customer-0183,2026-05-06T21:14:00.000Z,383.56,GBP,email,
customer-0184,2026-05-06T21:21:00.000Z,384.57,UAH,pos,ext-007383
customer-0185,2026-05-06T21:28:00.000Z,385.58,USD,web,
customer-0186,2026-05-06T21:35:00.000Z,386.59,EUR,mobile,
customer-0187,2026-05-06T21:42:00.000Z,387.60,GBP,email,ext-007386
customer-0188,2026-05-06T21:49:00.000Z,388.61,UAH,pos,
customer-0189,2026-05-06T21:56:00.000Z,389.62,USD,web,
customer-0190,2026-05-06T22:03:00.000Z,390.63,EUR,mobile,ext-007389
customer-0191,2026-05-06T22:10:00.000Z,391.64,GBP,email,
customer-0192,2026-05-06T22:17:00.000Z,392.65,UAH,pos,
customer-0193,2026-05-06T22:24:00.000Z,393.66,USD,web,ext-007392
customer-0194,2026-05-06T22:31:00.000Z,394.67,EUR,mobile,
customer-0195,2026-05-06T22:38:00.000Z,395.68,GBP,email,
customer-0196,2026-05-06T22:45:00.000Z,396.69,UAH,pos,ext-007395
customer-0197,2026-05-06T22:52:00.000Z,397.70,USD,web,
customer-0198,2026-05-06T22:59:00.000Z,398.71,EUR,mobile,
customer-0199,2026-05-06T23:06:00.000Z,399.72,GBP,email,ext-007398
customer-0200,2026-05-06T23:13:00.000Z,400.73,UAH,pos,
customer-0201,2026-05-06T23:20:00.000Z,401.74,USD,web,
customer-0202,2026-05-06T23:27:00.000Z,402.75,EUR,mobile,ext-007401
customer-0203,2026-05-06T23:34:00.000Z,403.76,GBP,email,
customer-0204,2026-05-06T23:41:00.000Z,404.77,UAH,pos,
customer-0205,2026-05-06T23:48:00.000Z,405.78,USD,web,ext-007404
customer-0206,2026-05-06T23:55:00.000Z,406.79,EUR,mobile,
customer-0207,2026-05-07T00:02:00.000Z,407.80,GBP,email,
customer-0208,2026-05-07T00:09:00.000Z,408.81,UAH,pos,ext-007407
customer-0209,2026-05-07T00:16:00.000Z,409.82,USD,web,
customer-0210,2026-05-07T00:23:00.000Z,410.83,EUR,mobile,
customer-0211,2026-05-07T00:30:00.000Z,411.84,GBP,email,ext-007410
customer-0212,2026-05-07T00:37:00.000Z,412.85,UAH,pos,
customer-0213,2026-05-07T00:44:00.000Z,413.86,USD,web,
customer-0214,2026-05-07T00:51:00.000Z,414.87,EUR,mobile,ext-007413
customer-0215,2026-05-07T00:58:00.000Z,415.88,GBP,email,
customer-0216,2026-05-07T01:05:00.000Z,416.89,UAH,pos,
customer-0217,2026-05-07T01:12:00.000Z,417.90,USD,web,ext-007416
customer-0218,2026-05-07T01:19:00.000Z,418.91,EUR,mobile,
customer-0219,2026-05-07T01:26:00.000Z,419.92,GBP,email,
customer-0220,2026-05-07T01:33:00.000Z,420.93,UAH,pos,ext-007419
customer-0221,2026-05-07T01:40:00.000Z,421.94,USD,web,
customer-0222,2026-05-07T01:47:00.000Z,422.95,EUR,mobile,
customer-0223,2026-05-07T01:54:00.000Z,423.96,GBP,email,ext-007422
customer-0224,2026-05-07T02:01:00.000Z,424.97,UAH,pos,
customer-0225,2026-05-07T02:08:00.000Z,425.98,USD,web,
customer-0226,2026-05-07T02:15:00.000Z,426.00,EUR,mobile,ext-007425
customer-0227,2026-05-07T02:22:00.000Z,427.01,GBP,email,
customer-0228,2026-05-07T02:29:00.000Z,428.02,UAH,pos,
customer-0229,2026-05-07T02:36:00.000Z,429.03,USD,web,ext-007428
customer-0230,2026-05-07T02:43:00.000Z,430.04,EUR,mobile,
customer-0231,2026-05-07T02:50:00.000Z,431.05,GBP,email,
customer-0232,2026-05-07T02:57:00.000Z,432.06,UAH,pos,ext-007431
customer-0233,2026-05-07T03:04:00.000Z,433.07,USD,web,
customer-0234,2026-05-07T03:11:00.000Z,434.08,EUR,mobile,
customer-0235,2026-05-07T03:18:00.000Z,435.09,GBP,email,ext-007434
customer-0236,2026-05-07T03:25:00.000Z,436.10,UAH,pos,
customer-0237,2026-05-07T03:32:00.000Z,437.11,USD,web,
customer-0238,2026-05-07T03:39:00.000Z,438.12,EUR,mobile,ext-007437
customer-0239,2026-05-07T03:46:00.000Z,439.13,GBP,email,
customer-0240,2026-05-07T03:53:00.000Z,440.14,UAH,pos,
customer-0241,2026-05-07T04:00:00.000Z,441.15,USD,web,ext-007440
customer-0242,2026-05-07T04:07:00.000Z,442.16,EUR,mobile,
customer-0243,2026-05-07T04:14:00.000Z,443.17,GBP,email,
customer-0244,2026-05-07T04:21:00.000Z,444.18,UAH,pos,ext-007443
customer-0245,2026-05-07T04:28:00.000Z,445.19,USD,web,
customer-0246,2026-05-07T04:35:00.000Z,446.20,EUR,mobile,
customer-0247,2026-05-07T04:42:00.000Z,447.21,GBP,email,ext-007446
customer-0248,2026-05-07T04:49:00.000Z,448.22,UAH,pos,
customer-0249,2026-05-07T04:56:00.000Z,449.23,USD,web,
customer-0250,2026-05-07T05:03:00.000Z,450.24,EUR,mobile,ext-007449
customer-0251,2026-05-07T05:10:00.000Z,451.25,GBP,email,
customer-0252,2026-05-07T05:17:00.000Z,452.26,UAH,pos,
customer-0253,2026-05-07T05:24:00.000Z,453.27,USD,web,ext-007452
customer-0254,2026-05-07T05:31:00.000Z,454.28,EUR,mobile,
customer-0255,2026-05-07T05:38:00.000Z,455.29,GBP,email,
customer-0256,2026-05-07T05:45:00.000Z,456.30,UAH,pos,ext-007455
customer-0257,2026-05-07T05:52:00.000Z,457.31,USD,web,
customer-0258,2026-05-07T05:59:00.000Z,458.32,EUR,mobile,
customer-0259,2026-05-07T06:06:00.000Z,459.33,GBP,email,ext-007458
customer-0260,2026-05-07T06:13:00.000Z,460.34,UAH,pos,
customer-0261,2026-05-07T06:20:00.000Z,461.35,USD,web,
customer-0262,2026-05-07T06:27:00.000Z,462.36,EUR,mobile,ext-007461
customer-0263,2026-05-07T06:34:00.000Z,463.37,GBP,email,
customer-0264,2026-05-07T06:41:00.000Z,464.38,UAH,pos,
customer-0265,2026-05-07T06:48:00.000Z,465.39,USD,web,ext-007464
customer-0266,2026-05-07T06:55:00.000Z,466.40,EUR,mobile,
customer-0267,2026-05-07T07:02:00.000Z,467.41,GBP,email,
customer-0268,2026-05-07T07:09:00.000Z,468.42,UAH,pos,ext-007467
customer-0269,2026-05-07T07:16:00.000Z,469.43,USD,web,
customer-0270,2026-05-07T07:23:00.000Z,470.44,EUR,mobile,
customer-0271,2026-05-07T07:30:00.000Z,471.45,GBP,email,ext-007470
customer-0272,2026-05-07T07:37:00.000Z,472.46,UAH,pos,
customer-0273,2026-05-07T07:44:00.000Z,473.47,USD,web,
customer-0274,2026-05-07T07:51:00.000Z,474.48,EUR,mobile,ext-007473
customer-0275,2026-05-07T07:58:00.000Z,475.49,GBP,email,
customer-0276,2026-05-07T08:05:00.000Z,476.50,UAH,pos,
customer-0277,2026-05-07T08:12:00.000Z,477.51,USD,web,ext-007476
customer-0278,2026-05-07T08:19:00.000Z,478.52,EUR,mobile,
customer-0279,2026-05-07T08:26:00.000Z,479.53,GBP,email,
customer-0280,2026-05-07T08:33:00.000Z,480.54,UAH,pos,ext-007479
customer-0281,2026-05-07T08:40:00.000Z,481.55,USD,web,
customer-0282,2026-05-07T08:47:00.000Z,482.56,EUR,mobile,
customer-0283,2026-05-07T08:54:00.000Z,483.57,GBP,email,ext-007482
customer-0284,2026-05-07T09:01:00.000Z,484.58,UAH,pos,
customer-0285,2026-05-07T09:08:00.000Z,485.59,USD,web,
customer-0286,2026-05-07T09:15:00.000Z,486.60,EUR,mobile,ext-007485
customer-0287,2026-05-07T09:22:00.000Z,487.61,GBP,email,
customer-0288,2026-05-07T09:29:00.000Z,488.62,UAH,pos,
customer-0289,2026-05-07T09:36:00.000Z,489.63,USD,web,ext-007488
customer-0290,2026-05-07T09:43:00.000Z,490.64,EUR,mobile,
customer-0291,2026-05-07T09:50:00.000Z,491.65,GBP,email,
customer-0292,2026-05-07T09:57:00.000Z,492.66,UAH,pos,ext-007491
customer-0293,2026-05-07T10:04:00.000Z,493.67,USD,web,
customer-0294,2026-05-07T10:11:00.000Z,494.68,EUR,mobile,
customer-0295,2026-05-07T10:18:00.000Z,495.69,GBP,email,ext-007494
customer-0296,2026-05-07T10:25:00.000Z,496.70,UAH,pos,
customer-0297,2026-05-07T10:32:00.000Z,497.71,USD,web,
customer-0298,2026-05-07T10:39:00.000Z,498.72,EUR,mobile,ext-007497
customer-0299,2026-05-07T10:46:00.000Z,499.73,GBP,email,
customer-0300,2026-05-07T10:53:00.000Z,500.74,UAH,pos,
customer-0301,2026-05-07T11:00:00.000Z,1.75,USD,web,ext-007500
customer-0302,2026-05-07T11:07:00.000Z,2.76,EUR,mobile,
customer-0303,2026-05-07T11:14:00.000Z,3.77,GBP,email,
customer-0304,2026-05-07T11:21:00.000Z,4.78,UAH,pos,ext-007503
customer-0305,2026-05-07T11:28:00.000Z,5.79,USD,web,
customer-0306,2026-05-07T11:35:00.000Z,6.80,EUR,mobile,
customer-0307,2026-05-07T11:42:00.000Z,7.81,GBP,email,ext-007506
customer-0308,2026-05-07T11:49:00.000Z,8.82,UAH,pos,
customer-0309,2026-05-07T11:56:00.000Z,9.83,USD,web,
customer-0310,2026-05-07T12:03:00.000Z,10.84,EUR,mobile,ext-007509
customer-0311,2026-05-07T12:10:00.000Z,11.85,GBP,email,
customer-0312,2026-05-07T12:17:00.000Z,12.86,UAH,pos,
customer-0313,2026-05-07T12:24:00.000Z,13.87,USD,web,ext-007512
customer-0314,2026-05-07T12:31:00.000Z,14.88,EUR,mobile,
customer-0315,2026-05-07T12:38:00.000Z,15.89,GBP,email,
customer-0316,2026-05-07T12:45:00.000Z,16.90,UAH,pos,ext-007515
customer-0317,2026-05-07T12:52:00.000Z,17.91,USD,web,
customer-0318,2026-05-07T12:59:00.000Z,18.92,EUR,mobile,
customer-0319,2026-05-07T13:06:00.000Z,19.93,GBP,email,ext-007518
customer-0320,2026-05-07T13:13:00.000Z,20.94,UAH,pos,
customer-0321,2026-05-07T13:20:00.000Z,21.95,USD,web,
customer-0322,2026-05-07T13:27:00.000Z,22.96,EUR,mobile,ext-007521
customer-0323,2026-05-07T13:34:00.000Z,23.97,GBP,email,
customer-0324,2026-05-07T13:41:00.000Z,24.98,UAH,pos,
customer-0325,2026-05-07T13:48:00.000Z,25.00,USD,web,ext-007524
customer-0326,2026-05-07T13:55:00.000Z,26.01,EUR,mobile,
customer-0327,2026-05-07T14:02:00.000Z,27.02,GBP,email,
customer-0328,2026-05-07T14:09:00.000Z,28.03,UAH,pos,ext-007527
customer-0329,2026-05-07T14:16:00.000Z,29.04,USD,web,
customer-0330,2026-05-07T14:23:00.000Z,30.05,EUR,mobile,
customer-0331,2026-05-07T14:30:00.000Z,31.06,GBP,email,ext-007530
customer-0332,2026-05-07T14:37:00.000Z,32.07,UAH,pos,
customer-0333,2026-05-07T14:44:00.000Z,33.08,USD,web,
customer-0334,2026-05-07T14:51:00.000Z,34.09,EUR,mobile,ext-007533
customer-0335,2026-05-07T14:58:00.000Z,35.10,GBP,email,
customer-0336,2026-05-07T15:05:00.000Z,36.11,UAH,pos,
customer-0337,2026-05-07T15:12:00.000Z,37.12,USD,web,ext-007536
customer-0338,2026-05-07T15:19:00.000Z,38.13,EUR,mobile,
customer-0339,2026-05-07T15:26:00.000Z,39.14,GBP,email,
customer-0340,2026-05-07T15:33:00.000Z,40.15,UAH,pos,ext-007539
customer-0341,2026-05-07T15:40:00.000Z,41.16,USD,web,
customer-0342,2026-05-07T15:47:00.000Z,42.17,EUR,mobile,
customer-0343,2026-05-07T15:54:00.000Z,43.18,GBP,email,ext-007542
customer-0344,2026-05-07T16:01:00.000Z,44.19,UAH,pos,
customer-0345,2026-05-07T16:08:00.000Z,45.20,USD,web,
customer-0346,2026-05-07T16:15:00.000Z,46.21,EUR,mobile,ext-007545
customer-0347,2026-05-07T16:22:00.000Z,47.22,GBP,email,
customer-0348,2026-05-07T16:29:00.000Z,48.23,UAH,pos,
customer-0349,2026-05-07T16:36:00.000Z,49.24,USD,web,ext-007548
customer-0350,2026-05-07T16:43:00.000Z,50.25,EUR,mobile,
customer-0351,2026-05-07T16:50:00.000Z,51.26,GBP,email,
customer-0352,2026-05-07T16:57:00.000Z,52.27,UAH,pos,ext-007551
customer-0353,2026-05-07T17:04:00.000Z,53.28,USD,web,
customer-0354,2026-05-07T17:11:00.000Z,54.29,EUR,mobile,
customer-0355,2026-05-07T17:18:00.000Z,55.30,GBP,email,ext-007554
customer-0356,2026-05-07T17:25:00.000Z,56.31,UAH,pos,
customer-0357,2026-05-07T17:32:00.000Z,57.32,USD,web,
customer-0358,2026-05-07T17:39:00.000Z,58.33,EUR,mobile,ext-007557
customer-0359,2026-05-07T17:46:00.000Z,59.34,GBP,email,
customer-0360,2026-05-07T17:53:00.000Z,60.35,UAH,pos,
customer-0361,2026-05-07T18:00:00.000Z,61.36,USD,web,ext-007560
customer-0362,2026-05-07T18:07:00.000Z,62.37,EUR,mobile,
customer-0363,2026-05-07T18:14:00.000Z,63.38,GBP,email,
customer-0364,2026-05-07T18:21:00.000Z,64.39,UAH,pos,ext-007563
customer-0365,2026-05-07T18:28:00.000Z,65.40,USD,web,
customer-0366,2026-05-07T18:35:00.000Z,66.41,EUR,mobile,
customer-0367,2026-05-07T18:42:00.000Z,67.42,GBP,email,ext-007566
customer-0368,2026-05-07T18:49:00.000Z,68.43,UAH,pos,
customer-0369,2026-05-07T18:56:00.000Z,69.44,USD,web,
customer-0370,2026-05-07T19:03:00.000Z,70.45,EUR,mobile,ext-007569
customer-0371,2026-05-07T19:10:00.000Z,71.46,GBP,email,
customer-0372,2026-05-07T19:17:00.000Z,72.47,UAH,pos,
customer-0373,2026-05-07T19:24:00.000Z,73.48,USD,web,ext-007572
customer-0374,2026-05-07T19:31:00.000Z,74.49,EUR,mobile,
customer-0375,2026-05-07T19:38:00.000Z,75.50,GBP,email,
customer-0376,2026-05-07T19:45:00.000Z,76.51,UAH,pos,ext-007575
customer-0377,2026-05-07T19:52:00.000Z,77.52,USD,web,
customer-0378,2026-05-07T19:59:00.000Z,78.53,EUR,mobile,
customer-0379,2026-05-07T20:06:00.000Z,79.54,GBP,email,ext-007578
customer-0380,2026-05-07T20:13:00.000Z,80.55,UAH,pos,
customer-0381,2026-05-07T20:20:00.000Z,81.56,USD,web,
customer-0382,2026-05-07T20:27:00.000Z,82.57,EUR,mobile,ext-007581
customer-0383,2026-05-07T20:34:00.000Z,83.58,GBP,email,
customer-0384,2026-05-07T20:41:00.000Z,84.59,UAH,pos,
customer-0385,2026-05-07T20:48:00.000Z,85.60,USD,web,ext-007584
customer-0386,2026-05-07T20:55:00.000Z,86.61,EUR,mobile,
customer-0387,2026-05-07T21:02:00.000Z,87.62,GBP,email,
customer-0388,2026-05-07T21:09:00.000Z,88.63,UAH,pos,ext-007587
customer-0389,2026-05-07T21:16:00.000Z,89.64,USD,web,
customer-0390,2026-05-07T21:23:00.000Z,90.65,EUR,mobile,
customer-0391,2026-05-07T21:30:00.000Z,91.66,GBP,email,ext-007590
customer-0392,2026-05-07T21:37:00.000Z,92.67,UAH,pos,
customer-0393,2026-05-07T21:44:00.000Z,93.68,USD,web,
customer-0394,2026-05-07T21:51:00.000Z,94.69,EUR,mobile,ext-007593
customer-0395,2026-05-07T21:58:00.000Z,95.70,GBP,email,
customer-0396,2026-05-07T22:05:00.000Z,96.71,UAH,pos,
customer-0397,2026-05-07T22:12:00.000Z,97.72,USD,web,ext-007596
customer-0398,2026-05-07T22:19:00.000Z,98.73,EUR,mobile,
customer-0399,2026-05-07T22:26:00.000Z,99.74,GBP,email,
customer-0400,2026-05-07T22:33:00.000Z,100.75,UAH,pos,ext-007599
customer-0401,2026-05-07T22:40:00.000Z,101.76,USD,web,
customer-0402,2026-05-07T22:47:00.000Z,102.77,EUR,mobile,
customer-0403,2026-05-07T22:54:00.000Z,103.78,GBP,email,ext-007602
customer-0404,2026-05-07T23:01:00.000Z,104.79,UAH,pos,
customer-0405,2026-05-07T23:08:00.000Z,105.80,USD,web,
customer-0406,2026-05-07T23:15:00.000Z,106.81,EUR,mobile,ext-007605
customer-0407,2026-05-07T23:22:00.000Z,107.82,GBP,email,
customer-0408,2026-05-07T23:29:00.000Z,108.83,UAH,pos,
customer-0409,2026-05-07T23:36:00.000Z,109.84,USD,web,ext-007608
customer-0410,2026-05-07T23:43:00.000Z,110.85,EUR,mobile,
customer-0411,2026-05-07T23:50:00.000Z,111.86,GBP,email,
customer-0412,2026-05-07T23:57:00.000Z,112.87,UAH,pos,ext-007611
customer-0413,2026-05-08T00:04:00.000Z,113.88,USD,web,
customer-0414,2026-05-08T00:11:00.000Z,114.89,EUR,mobile,
customer-0415,2026-05-08T00:18:00.000Z,115.90,GBP,email,ext-007614
customer-0416,2026-05-08T00:25:00.000Z,116.91,UAH,pos,
customer-0417,2026-05-08T00:32:00.000Z,117.92,USD,web,
customer-0418,2026-05-08T00:39:00.000Z,118.93,EUR,mobile,ext-007617
customer-0419,2026-05-08T00:46:00.000Z,119.94,GBP,email,
customer-0420,2026-05-08T00:53:00.000Z,120.95,UAH,pos,
customer-0421,2026-05-08T01:00:00.000Z,121.96,USD,web,ext-007620
customer-0422,2026-05-08T01:07:00.000Z,122.97,EUR,mobile,
customer-0423,2026-05-08T01:14:00.000Z,123.98,GBP,email,
customer-0424,2026-05-08T01:21:00.000Z,124.00,UAH,pos,ext-007623
customer-0425,2026-05-08T01:28:00.000Z,125.01,USD,web,
customer-0426,2026-05-08T01:35:00.000Z,126.02,EUR,mobile,
customer-0427,2026-05-08T01:42:00.000Z,127.03,GBP,email,ext-007626
customer-0428,2026-05-08T01:49:00.000Z,128.04,UAH,pos,
customer-0429,2026-05-08T01:56:00.000Z,129.05,USD,web,
customer-0430,2026-05-08T02:03:00.000Z,130.06,EUR,mobile,ext-007629
customer-0431,2026-05-08T02:10:00.000Z,131.07,GBP,email,
customer-0432,2026-05-08T02:17:00.000Z,132.08,UAH,pos,
customer-0433,2026-05-08T02:24:00.000Z,133.09,USD,web,ext-007632
customer-0434,2026-05-08T02:31:00.000Z,134.10,EUR,mobile,
customer-0435,2026-05-08T02:38:00.000Z,135.11,GBP,email,
customer-0436,2026-05-08T02:45:00.000Z,136.12,UAH,pos,ext-007635
customer-0437,2026-05-08T02:52:00.000Z,137.13,USD,web,
customer-0438,2026-05-08T02:59:00.000Z,138.14,EUR,mobile,
customer-0439,2026-05-08T03:06:00.000Z,139.15,GBP,email,ext-007638
customer-0440,2026-05-08T03:13:00.000Z,140.16,UAH,pos,
customer-0441,2026-05-08T03:20:00.000Z,141.17,USD,web,
customer-0442,2026-05-08T03:27:00.000Z,142.18,EUR,mobile,ext-007641
customer-0443,2026-05-08T03:34:00.000Z,143.19,GBP,email,
customer-0444,2026-05-08T03:41:00.000Z,144.20,UAH,pos,
customer-0445,2026-05-08T03:48:00.000Z,145.21,USD,web,ext-007644
customer-0446,2026-05-08T03:55:00.000Z,146.22,EUR,mobile,
customer-0447,2026-05-08T04:02:00.000Z,147.23,GBP,email,
customer-0448,2026-05-08T04:09:00.000Z,148.24,UAH,pos,ext-007647
customer-0449,2026-05-08T04:16:00.000Z,149.25,USD,web,
customer-0450,2026-05-08T04:23:00.000Z,150.26,EUR,mobile,
customer-0451,2026-05-08T04:30:00.000Z,151.27,GBP,email,ext-007650
customer-0452,2026-05-08T04:37:00.000Z,152.28,UAH,pos,
customer-0453,2026-05-08T04:44:00.000Z,153.29,USD,web,
customer-0454,2026-05-08T04:51:00.000Z,154.30,EUR,mobile,ext-007653
customer-0455,2026-05-08T04:58:00.000Z,155.31,GBP,email,
customer-0456,2026-05-08T05:05:00.000Z,156.32,UAH,pos,
customer-0457,2026-05-08T05:12:00.000Z,157.33,USD,web,ext-007656
customer-0458,2026-05-08T05:19:00.000Z,158.34,EUR,mobile,
customer-0459,2026-05-08T05:26:00.000Z,159.35,GBP,email,
customer-0460,2026-05-08T05:33:00.000Z,160.36,UAH,pos,ext-007659
customer-0461,2026-05-08T05:40:00.000Z,161.37,USD,web,
customer-0462,2026-05-08T05:47:00.000Z,162.38,EUR,mobile,
customer-0463,2026-05-08T05:54:00.000Z,163.39,GBP,email,ext-007662
customer-0464,2026-05-08T06:01:00.000Z,164.40,UAH,pos,
customer-0465,2026-05-08T06:08:00.000Z,165.41,USD,web,
customer-0466,2026-05-08T06:15:00.000Z,166.42,EUR,mobile,ext-007665
customer-0467,2026-05-08T06:22:00.000Z,167.43,GBP,email,
customer-0468,2026-05-08T06:29:00.000Z,168.44,UAH,pos,
customer-0469,2026-05-08T06:36:00.000Z,169.45,USD,web,ext-007668
customer-0470,2026-05-08T06:43:00.000Z,170.46,EUR,mobile,
customer-0471,2026-05-08T06:50:00.000Z,171.47,GBP,email,
customer-0472,2026-05-08T06:57:00.000Z,172.48,UAH,pos,ext-007671
customer-0473,2026-05-08T07:04:00.000Z,173.49,USD,web,
customer-0474,2026-05-08T07:11:00.000Z,174.50,EUR,mobile,
customer-0475,2026-05-08T07:18:00.000Z,175.51,GBP,email,ext-007674
customer-0476,2026-05-08T07:25:00.000Z,176.52,UAH,pos,
customer-0477,2026-05-08T07:32:00.000Z,177.53,USD,web,
customer-0478,2026-05-08T07:39:00.000Z,178.54,EUR,mobile,ext-007677
customer-0479,2026-05-08T07:46:00.000Z,179.55,GBP,email,
customer-0480,2026-05-08T07:53:00.000Z,180.56,UAH,pos,
customer-0481,2026-05-08T08:00:00.000Z,181.57,USD,web,ext-007680
customer-0482,2026-05-08T08:07:00.000Z,182.58,EUR,mobile,
customer-0483,2026-05-08T08:14:00.000Z,183.59,GBP,email,
customer-0484,2026-05-08T08:21:00.000Z,184.60,UAH,pos,ext-007683
customer-0485,2026-05-08T08:28:00.000Z,185.61,USD,web,
customer-0486,2026-05-08T08:35:00.000Z,186.62,EUR,mobile,
customer-0487,2026-05-08T08:42:00.000Z,187.63,GBP,email,ext-007686
customer-0488,2026-05-08T08:49:00.000Z,188.64,UAH,pos,
customer-0489,2026-05-08T08:56:00.000Z,189.65,USD,web,
customer-0490,2026-05-08T09:03:00.000Z,190.66,EUR,mobile,ext-007689
customer-0491,2026-05-08T09:10:00.000Z,191.67,GBP,email,
customer-0492,2026-05-08T09:17:00.000Z,192.68,UAH,pos,
customer-0493,2026-05-08T09:24:00.000Z,193.69,USD,web,ext-007692
customer-0494,2026-05-08T09:31:00.000Z,194.70,EUR,mobile,
customer-0495,2026-05-08T09:38:00.000Z,195.71,GBP,email,
customer-0496,2026-05-08T09:45:00.000Z,196.72,UAH,pos,ext-007695
customer-0497,2026-05-08T09:52:00.000Z,197.73,USD,web,
customer-0498,2026-05-08T09:59:00.000Z,198.74,EUR,mobile,
customer-0499,2026-05-08T10:06:00.000Z,199.75,GBP,email,ext-007698
customer-0500,2026-05-08T10:13:00.000Z,200.76,UAH,pos,
customer-0501,2026-05-08T10:20:00.000Z,201.77,USD,web,
customer-0502,2026-05-08T10:27:00.000Z,202.78,EUR,mobile,ext-007701
customer-0503,2026-05-08T10:34:00.000Z,203.79,GBP,email,
customer-0504,2026-05-08T10:41:00.000Z,204.80,UAH,pos,
customer-0505,2026-05-08T10:48:00.000Z,205.81,USD,web,ext-007704
customer-0506,2026-05-08T10:55:00.000Z,206.82,EUR,mobile,
customer-0507,2026-05-08T11:02:00.000Z,207.83,GBP,email,
customer-0508,2026-05-08T11:09:00.000Z,208.84,UAH,pos,ext-007707
customer-0509,2026-05-08T11:16:00.000Z,209.85,USD,web,
customer-0510,2026-05-08T11:23:00.000Z,210.86,EUR,mobile,
customer-0511,2026-05-08T11:30:00.000Z,211.87,GBP,email,ext-007710
customer-0512,2026-05-08T11:37:00.000Z,212.88,UAH,pos,
customer-0513,2026-05-08T11:44:00.000Z,213.89,USD,web,
customer-0514,2026-05-08T11:51:00.000Z,214.90,EUR,mobile,ext-007713
customer-0515,2026-05-08T11:58:00.000Z,215.91,GBP,email,
customer-0516,2026-05-08T12:05:00.000Z,216.92,UAH,pos,
customer-0517,2026-05-08T12:12:00.000Z,217.93,USD,web,ext-007716
customer-0518,2026-05-08T12:19:00.000Z,218.94,EUR,mobile,
customer-0519,2026-05-08T12:26:00.000Z,219.95,GBP,email,
customer-0520,2026-05-08T12:33:00.000Z,220.96,UAH,pos,ext-007719
customer-0521,2026-05-08T12:40:00.000Z,221.97,USD,web,
customer-0522,2026-05-08T12:47:00.000Z,222.98,EUR,mobile,
customer-0523,2026-05-08T12:54:00.000Z,223.00,GBP,email,ext-007722
customer-0524,2026-05-08T13:01:00.000Z,224.01,UAH,pos,
customer-0525,2026-05-08T13:08:00.000Z,225.02,USD,web,
customer-0526,2026-05-08T13:15:00.000Z,226.03,EUR,mobile,ext-007725
customer-0527,2026-05-08T13:22:00.000Z,227.04,GBP,email,
customer-0528,2026-05-08T13:29:00.000Z,228.05,UAH,pos,
customer-0529,2026-05-08T13:36:00.000Z,229.06,USD,web,ext-007728
customer-0530,2026-05-08T13:43:00.000Z,230.07,EUR,mobile,
customer-0531,2026-05-08T13:50:00.000Z,231.08,GBP,email,
customer-0532,2026-05-08T13:57:00.000Z,232.09,UAH,pos,ext-007731
customer-0533,2026-05-08T14:04:00.000Z,233.10,USD,web,
customer-0534,2026-05-08T14:11:00.000Z,234.11,EUR,mobile,
customer-0535,2026-05-08T14:18:00.000Z,235.12,GBP,email,ext-007734
customer-0536,2026-05-08T14:25:00.000Z,236.13,UAH,pos,
customer-0537,2026-05-08T14:32:00.000Z,237.14,USD,web,
customer-0538,2026-05-08T14:39:00.000Z,238.15,EUR,mobile,ext-007737
customer-0539,2026-05-08T14:46:00.000Z,239.16,GBP,email,
customer-0540,2026-05-08T14:53:00.000Z,240.17,UAH,pos,
customer-0541,2026-05-08T15:00:00.000Z,241.18,USD,web,ext-007740
customer-0542,2026-05-08T15:07:00.000Z,242.19,EUR,mobile,
customer-0543,2026-05-08T15:14:00.000Z,243.20,GBP,email,
customer-0544,2026-05-08T15:21:00.000Z,244.21,UAH,pos,ext-007743
customer-0545,2026-05-08T15:28:00.000Z,245.22,USD,web,
customer-0546,2026-05-08T15:35:00.000Z,246.23,EUR,mobile,
customer-0547,2026-05-08T15:42:00.000Z,247.24,GBP,email,ext-007746
customer-0548,2026-05-08T15:49:00.000Z,248.25,UAH,pos,
customer-0549,2026-05-08T15:56:00.000Z,249.26,USD,web,
customer-0550,2026-05-08T16:03:00.000Z,250.27,EUR,mobile,ext-007749
customer-0551,2026-05-08T16:10:00.000Z,251.28,GBP,email,
customer-0552,2026-05-08T16:17:00.000Z,252.29,UAH,pos,
customer-0553,2026-05-08T16:24:00.000Z,253.30,USD,web,ext-007752
customer-0554,2026-05-08T16:31:00.000Z,254.31,EUR,mobile,
customer-0555,2026-05-08T16:38:00.000Z,255.32,GBP,email,
customer-0556,2026-05-08T16:45:00.000Z,256.33,UAH,pos,ext-007755
customer-0557,2026-05-08T16:52:00.000Z,257.34,USD,web,
customer-0558,2026-05-08T16:59:00.000Z,258.35,EUR,mobile,
customer-0559,2026-05-08T17:06:00.000Z,259.36,GBP,email,ext-007758
customer-0560,2026-05-08T17:13:00.000Z,260.37,UAH,pos,
customer-0561,2026-05-08T17:20:00.000Z,261.38,USD,web,
customer-0562,2026-05-08T17:27:00.000Z,262.39,EUR,mobile,ext-007761
customer-0563,2026-05-08T17:34:00.000Z,263.40,GBP,email,
customer-0564,2026-05-08T17:41:00.000Z,264.41,UAH,pos,
customer-0565,2026-05-08T17:48:00.000Z,265.42,USD,web,ext-007764
customer-0566,2026-05-08T17:55:00.000Z,266.43,EUR,mobile,
customer-0567,2026-05-08T18:02:00.000Z,267.44,GBP,email,
customer-0568,2026-05-08T18:09:00.000Z,268.45,UAH,pos,ext-007767
customer-0569,2026-05-08T18:16:00.000Z,269.46,USD,web,
customer-0570,2026-05-08T18:23:00.000Z,270.47,EUR,mobile,
customer-0571,2026-05-08T18:30:00.000Z,271.48,GBP,email,ext-007770
customer-0572,2026-05-08T18:37:00.000Z,272.49,UAH,pos,
customer-0573,2026-05-08T18:44:00.000Z,273.50,USD,web,
customer-0574,2026-05-08T18:51:00.000Z,274.51,EUR,mobile,ext-007773
customer-0575,2026-05-08T18:58:00.000Z,275.52,GBP,email,
customer-0576,2026-05-08T19:05:00.000Z,276.53,UAH,pos,
customer-0577,2026-05-08T19:12:00.000Z,277.54,USD,web,ext-007776
customer-0578,2026-05-08T19:19:00.000Z,278.55,EUR,mobile,
customer-0579,2026-05-08T19:26:00.000Z,279.56,GBP,email,
customer-0580,2026-05-08T19:33:00.000Z,280.57,UAH,pos,ext-007779
customer-0581,2026-05-08T19:40:00.000Z,281.58,USD,web,
customer-0582,2026-05-08T19:47:00.000Z,282.59,EUR,mobile,
customer-0583,2026-05-08T19:54:00.000Z,283.60,GBP,email,ext-007782
customer-0584,2026-05-08T20:01:00.000Z,284.61,UAH,pos,
customer-0585,2026-05-08T20:08:00.000Z,285.62,USD,web,
customer-0586,2026-05-08T20:15:00.000Z,286.63,EUR,mobile,ext-007785
customer-0587,2026-05-08T20:22:00.000Z,287.64,GBP,email,
customer-0588,2026-05-08T20:29:00.000Z,288.65,UAH,pos,
customer-0589,2026-05-08T20:36:00.000Z,289.66,USD,web,ext-007788
customer-0590,2026-05-08T20:43:00.000Z,290.67,EUR,mobile,
customer-0591,2026-05-08T20:50:00.000Z,291.68,GBP,email,
customer-0592,2026-05-08T20:57:00.000Z,292.69,UAH,pos,ext-007791
customer-0593,2026-05-08T21:04:00.000Z,293.70,USD,web,
customer-0594,2026-05-08T21:11:00.000Z,294.71,EUR,mobile,
customer-0595,2026-05-08T21:18:00.000Z,295.72,GBP,email,ext-007794
customer-0596,2026-05-08T21:25:00.000Z,296.73,UAH,pos,
customer-0597,2026-05-08T21:32:00.000Z,297.74,USD,web,
customer-0598,2026-05-08T21:39:00.000Z,298.75,EUR,mobile,ext-007797
customer-0599,2026-05-08T21:46:00.000Z,299.76,GBP,email,
customer-0600,2026-05-08T21:53:00.000Z,300.77,UAH,pos,
customer-0601,2026-05-08T22:00:00.000Z,301.78,USD,web,ext-007800
customer-0602,2026-05-08T22:07:00.000Z,302.79,EUR,mobile,
customer-0603,2026-05-08T22:14:00.000Z,303.80,GBP,email,
customer-0604,2026-05-08T22:21:00.000Z,304.81,UAH,pos,ext-007803
customer-0605,2026-05-08T22:28:00.000Z,305.82,USD,web,
customer-0606,2026-05-08T22:35:00.000Z,306.83,EUR,mobile,
customer-0607,2026-05-08T22:42:00.000Z,307.84,GBP,email,ext-007806
customer-0608,2026-05-08T22:49:00.000Z,308.85,UAH,pos,
customer-0609,2026-05-08T22:56:00.000Z,309.86,USD,web,
customer-0610,2026-05-08T23:03:00.000Z,310.87,EUR,mobile,ext-007809
customer-0611,2026-05-08T23:10:00.000Z,311.88,GBP,email,
customer-0612,2026-05-08T23:17:00.000Z,312.89,UAH,pos,
customer-0613,2026-05-08T23:24:00.000Z,313.90,USD,web,ext-007812
customer-0614,2026-05-08T23:31:00.000Z,314.91,EUR,mobile,
customer-0615,2026-05-08T23:38:00.000Z,315.92,GBP,email,
customer-0616,2026-05-08T23:45:00.000Z,316.93,UAH,pos,ext-007815
customer-0617,2026-05-08T23:52:00.000Z,317.94,USD,web,
customer-0618,2026-05-08T23:59:00.000Z,318.95,EUR,mobile,
customer-0619,2026-05-09T00:06:00.000Z,319.96,GBP,email,ext-007818
customer-0620,2026-05-09T00:13:00.000Z,320.97,UAH,pos,
customer-0621,2026-05-09T00:20:00.000Z,321.98,USD,web,
customer-0622,2026-05-09T00:27:00.000Z,322.00,EUR,mobile,ext-007821
customer-0623,2026-05-09T00:34:00.000Z,323.01,GBP,email,
customer-0624,2026-05-09T00:41:00.000Z,324.02,UAH,pos,
customer-0625,2026-05-09T00:48:00.000Z,325.03,USD,web,ext-007824
customer-0626,2026-05-09T00:55:00.000Z,326.04,EUR,mobile,
customer-0627,2026-05-09T01:02:00.000Z,327.05,GBP,email,
customer-0628,2026-05-09T01:09:00.000Z,328.06,UAH,pos,ext-007827
customer-0629,2026-05-09T01:16:00.000Z,329.07,USD,web,
customer-0630,2026-05-09T01:23:00.000Z,330.08,EUR,mobile,
customer-0631,2026-05-09T01:30:00.000Z,331.09,GBP,email,ext-007830
customer-0632,2026-05-09T01:37:00.000Z,332.10,UAH,pos,
customer-0633,2026-05-09T01:44:00.000Z,333.11,USD,web,
customer-0634,2026-05-09T01:51:00.000Z,334.12,EUR,mobile,ext-007833
customer-0635,2026-05-09T01:58:00.000Z,335.13,GBP,email,
customer-0636,2026-05-09T02:05:00.000Z,336.14,UAH,pos,
customer-0637,2026-05-09T02:12:00.000Z,337.15,USD,web,ext-007836
customer-0638,2026-05-09T02:19:00.000Z,338.16,EUR,mobile,
customer-0639,2026-05-09T02:26:00.000Z,339.17,GBP,email,
customer-0640,2026-05-09T02:33:00.000Z,340.18,UAH,pos,ext-007839
customer-0641,2026-05-09T02:40:00.000Z,341.19,USD,web,
customer-0642,2026-05-09T02:47:00.000Z,342.20,EUR,mobile,
customer-0643,2026-05-09T02:54:00.000Z,343.21,GBP,email,ext-007842
customer-0644,2026-05-09T03:01:00.000Z,344.22,UAH,pos,
customer-0645,2026-05-09T03:08:00.000Z,345.23,USD,web,
customer-0646,2026-05-09T03:15:00.000Z,346.24,EUR,mobile,ext-007845
customer-0647,2026-05-09T03:22:00.000Z,347.25,GBP,email,
customer-0648,2026-05-09T03:29:00.000Z,348.26,UAH,pos,
customer-0649,2026-05-09T03:36:00.000Z,349.27,USD,web,ext-007848
customer-0650,2026-05-09T03:43:00.000Z,350.28,EUR,mobile,
customer-0651,2026-05-09T03:50:00.000Z,351.29,GBP,email,
customer-0652,2026-05-09T03:57:00.000Z,352.30,UAH,pos,ext-007851
customer-0653,2026-05-09T04:04:00.000Z,353.31,USD,web,
customer-0654,2026-05-09T04:11:00.000Z,354.32,EUR,mobile,
customer-0655,2026-05-09T04:18:00.000Z,355.33,GBP,email,ext-007854
customer-0656,2026-05-09T04:25:00.000Z,356.34,UAH,pos,
customer-0657,2026-05-09T04:32:00.000Z,357.35,USD,web,
customer-0658,2026-05-09T04:39:00.000Z,358.36,EUR,mobile,ext-007857
customer-0659,2026-05-09T04:46:00.000Z,359.37,GBP,email,
customer-0660,2026-05-09T04:53:00.000Z,360.38,UAH,pos,
customer-0661,2026-05-09T05:00:00.000Z,361.39,USD,web,ext-007860
customer-0662,2026-05-09T05:07:00.000Z,362.40,EUR,mobile,
customer-0663,2026-05-09T05:14:00.000Z,363.41,GBP,email,
customer-0664,2026-05-09T05:21:00.000Z,364.42,UAH,pos,ext-007863
customer-0665,2026-05-09T05:28:00.000Z,365.43,USD,web,
customer-0666,2026-05-09T05:35:00.000Z,366.44,EUR,mobile,
customer-0667,2026-05-09T05:42:00.000Z,367.45,GBP,email,ext-007866
customer-0668,2026-05-09T05:49:00.000Z,368.46,UAH,pos,
customer-0669,2026-05-09T05:56:00.000Z,369.47,USD,web,
customer-0670,2026-05-09T06:03:00.000Z,370.48,EUR,mobile,ext-007869
customer-0671,2026-05-09T06:10:00.000Z,371.49,GBP,email,
customer-0672,2026-05-09T06:17:00.000Z,372.50,UAH,pos,
customer-0673,2026-05-09T06:24:00.000Z,373.51,USD,web,ext-007872
customer-0674,2026-05-09T06:31:00.000Z,374.52,EUR,mobile,
customer-0675,2026-05-09T06:38:00.000Z,375.53,GBP,email,
customer-0676,2026-05-09T06:45:00.000Z,376.54,UAH,pos,ext-007875
customer-0677,2026-05-09T06:52:00.000Z,377.55,USD,web,
customer-0678,2026-05-09T06:59:00.000Z,378.56,EUR,mobile,
customer-0679,2026-05-09T07:06:00.000Z,379.57,GBP,email,ext-007878
customer-0680,2026-05-09T07:13:00.000Z,380.58,UAH,pos,
customer-0681,2026-05-09T07:20:00.000Z,381.59,USD,web,
customer-0682,2026-05-09T07:27:00.000Z,382.60,EUR,mobile,ext-007881
customer-0683,2026-05-09T07:34:00.000Z,383.61,GBP,email,
customer-0684,2026-05-09T07:41:00.000Z,384.62,UAH,pos,
customer-0685,2026-05-09T07:48:00.000Z,385.63,USD,web,ext-007884
customer-0686,2026-05-09T07:55:00.000Z,386.64,EUR,mobile,
customer-0687,2026-05-09T08:02:00.000Z,387.65,GBP,email,
customer-0688,2026-05-09T08:09:00.000Z,388.66,UAH,pos,ext-007887
customer-0689,2026-05-09T08:16:00.000Z,389.67,USD,web,
customer-0690,2026-05-09T08:23:00.000Z,390.68,EUR,mobile,
customer-0691,2026-05-09T08:30:00.000Z,391.69,GBP,email,ext-007890
customer-0692,2026-05-09T08:37:00.000Z,392.70,UAH,pos,
customer-0693,2026-05-09T08:44:00.000Z,393.71,USD,web,
customer-0694,2026-05-09T08:51:00.000Z,394.72,EUR,mobile,ext-007893
customer-0695,2026-05-09T08:58:00.000Z,395.73,GBP,email,
customer-0696,2026-05-09T09:05:00.000Z,396.74,UAH,pos,
customer-0697,2026-05-09T09:12:00.000Z,397.75,USD,web,ext-007896
customer-0698,2026-05-09T09:19:00.000Z,398.76,EUR,mobile,
customer-0699,2026-05-09T09:26:00.000Z,399.77,GBP,email,
customer-0700,2026-05-09T09:33:00.000Z,400.78,UAH,pos,ext-007899
customer-0701,2026-05-09T09:40:00.000Z,401.79,USD,web,
customer-0702,2026-05-09T09:47:00.000Z,402.80,EUR,mobile,
customer-0703,2026-05-09T09:54:00.000Z,403.81,GBP,email,ext-007902
customer-0704,2026-05-09T10:01:00.000Z,404.82,UAH,pos,
customer-0705,2026-05-09T10:08:00.000Z,405.83,USD,web,
customer-0706,2026-05-09T10:15:00.000Z,406.84,EUR,mobile,ext-007905
customer-0707,2026-05-09T10:22:00.000Z,407.85,GBP,email,
customer-0708,2026-05-09T10:29:00.000Z,408.86,UAH,pos,
customer-0709,2026-05-09T10:36:00.000Z,409.87,USD,web,ext-007908
customer-0710,2026-05-09T10:43:00.000Z,410.88,EUR,mobile,
customer-0711,2026-05-09T10:50:00.000Z,411.89,GBP,email,
customer-0712,2026-05-09T10:57:00.000Z,412.90,UAH,pos,ext-007911
customer-0713,2026-05-09T11:04:00.000Z,413.91,USD,web,
customer-0714,2026-05-09T11:11:00.000Z,414.92,EUR,mobile,
customer-0715,2026-05-09T11:18:00.000Z,415.93,GBP,email,ext-007914
customer-0716,2026-05-09T11:25:00.000Z,416.94,UAH,pos,
customer-0717,2026-05-09T11:32:00.000Z,417.95,USD,web,
customer-0718,2026-05-09T11:39:00.000Z,418.96,EUR,mobile,ext-007917
customer-0719,2026-05-09T11:46:00.000Z,419.97,GBP,email,
customer-0720,2026-05-09T11:53:00.000Z,420.98,UAH,pos,
customer-0721,2026-05-09T12:00:00.000Z,421.00,USD,web,ext-007920
customer-0722,2026-05-09T12:07:00.000Z,422.01,EUR,mobile,
customer-0723,2026-05-09T12:14:00.000Z,423.02,GBP,email,
customer-0724,2026-05-09T12:21:00.000Z,424.03,UAH,pos,ext-007923
customer-0725,2026-05-09T12:28:00.000Z,425.04,USD,web,
customer-0726,2026-05-09T12:35:00.000Z,426.05,EUR,mobile,
customer-0727,2026-05-09T12:42:00.000Z,427.06,GBP,email,ext-007926
customer-0728,2026-05-09T12:49:00.000Z,428.07,UAH,pos,
customer-0729,2026-05-09T12:56:00.000Z,429.08,USD,web,
customer-0730,2026-05-09T13:03:00.000Z,430.09,EUR,mobile,ext-007929
customer-0731,2026-05-09T13:10:00.000Z,431.10,GBP,email,
customer-0732,2026-05-09T13:17:00.000Z,432.11,UAH,pos,
customer-0733,2026-05-09T13:24:00.000Z,433.12,USD,web,ext-007932
customer-0734,2026-05-09T13:31:00.000Z,434.13,EUR,mobile,
customer-0735,2026-05-09T13:38:00.000Z,435.14,GBP,email,
customer-0736,2026-05-09T13:45:00.000Z,436.15,UAH,pos,ext-007935
customer-0737,2026-05-09T13:52:00.000Z,437.16,USD,web,
customer-0738,2026-05-09T13:59:00.000Z,438.17,EUR,mobile,
customer-0739,2026-05-09T14:06:00.000Z,439.18,GBP,email,ext-007938
customer-0740,2026-05-09T14:13:00.000Z,440.19,UAH,pos,
customer-0741,2026-05-09T14:20:00.000Z,441.20,USD,web,
customer-0742,2026-05-09T14:27:00.000Z,442.21,EUR,mobile,ext-007941
customer-0743,2026-05-09T14:34:00.000Z,443.22,GBP,email,
customer-0744,2026-05-09T14:41:00.000Z,444.23,UAH,pos,
customer-0745,2026-05-09T14:48:00.000Z,445.24,USD,web,ext-007944
customer-0746,2026-05-09T14:55:00.000Z,446.25,EUR,mobile,
customer-0747,2026-05-09T15:02:00.000Z,447.26,GBP,email,
customer-0748,2026-05-09T15:09:00.000Z,448.27,UAH,pos,ext-007947
customer-0749,2026-05-09T15:16:00.000Z,449.28,USD,web,
customer-0750,2026-05-09T15:23:00.000Z,450.29,EUR,mobile,
customer-0751,2026-05-09T15:30:00.000Z,451.30,GBP,email,ext-007950
customer-0752,2026-05-09T15:37:00.000Z,452.31,UAH,pos,
customer-0753,2026-05-09T15:44:00.000Z,453.32,USD,web,
customer-0754,2026-05-09T15:51:00.000Z,454.33,EUR,mobile,ext-007953
customer-0755,2026-05-09T15:58:00.000Z,455.34,GBP,email,
customer-0756,2026-05-09T16:05:00.000Z,456.35,UAH,pos,
customer-0757,2026-05-09T16:12:00.000Z,457.36,USD,web,ext-007956
customer-0758,2026-05-09T16:19:00.000Z,458.37,EUR,mobile,
customer-0759,2026-05-09T16:26:00.000Z,459.38,GBP,email,
customer-0760,2026-05-09T16:33:00.000Z,460.39,UAH,pos,ext-007959
customer-0761,2026-05-09T16:40:00.000Z,461.40,USD,web,
customer-0762,2026-05-09T16:47:00.000Z,462.41,EUR,mobile,
customer-0763,2026-05-09T16:54:00.000Z,463.42,GBP,email,ext-007962
customer-0764,2026-05-09T17:01:00.000Z,464.43,UAH,pos,
customer-0765,2026-05-09T17:08:00.000Z,465.44,USD,web,
customer-0766,2026-05-09T17:15:00.000Z,466.45,EUR,mobile,ext-007965
customer-0767,2026-05-09T17:22:00.000Z,467.46,GBP,email,
customer-0768,2026-05-09T17:29:00.000Z,468.47,UAH,pos,
customer-0769,2026-05-09T17:36:00.000Z,469.48,USD,web,ext-007968
customer-0770,2026-05-09T17:43:00.000Z,470.49,EUR,mobile,
customer-0771,2026-05-09T17:50:00.000Z,471.50,GBP,email,
customer-0772,2026-05-09T17:57:00.000Z,472.51,UAH,pos,ext-007971
customer-0773,2026-05-09T18:04:00.000Z,473.52,USD,web,
customer-0774,2026-05-09T18:11:00.000Z,474.53,EUR,mobile,
customer-0775,2026-05-09T18:18:00.000Z,475.54,GBP,email,ext-007974
customer-0776,2026-05-09T18:25:00.000Z,476.55,UAH,pos,
customer-0777,2026-05-09T18:32:00.000Z,477.56,USD,web,
customer-0778,2026-05-09T18:39:00.000Z,478.57,EUR,mobile,ext-007977
customer-0779,2026-05-09T18:46:00.000Z,479.58,GBP,email,
customer-0780,2026-05-09T18:53:00.000Z,480.59,UAH,pos,
customer-0781,2026-05-09T19:00:00.000Z,481.60,USD,web,ext-007980
customer-0782,2026-05-09T19:07:00.000Z,482.61,EUR,mobile,
customer-0783,2026-05-09T19:14:00.000Z,483.62,GBP,email,
customer-0784,2026-05-09T19:21:00.000Z,484.63,UAH,pos,ext-007983
customer-0785,2026-05-09T19:28:00.000Z,485.64,USD,web,
customer-0786,2026-05-09T19:35:00.000Z,486.65,EUR,mobile,
customer-0787,2026-05-09T19:42:00.000Z,487.66,GBP,email,ext-007986
customer-0788,2026-05-09T19:49:00.000Z,488.67,UAH,pos,
customer-0789,2026-05-09T19:56:00.000Z,489.68,USD,web,
customer-0790,2026-05-09T20:03:00.000Z,490.69,EUR,mobile,ext-007989
customer-0791,2026-05-09T20:10:00.000Z,491.70,GBP,email,
customer-0792,2026-05-09T20:17:00.000Z,492.71,UAH,pos,
customer-0793,2026-05-09T20:24:00.000Z,493.72,USD,web,ext-007992
customer-0794,2026-05-09T20:31:00.000Z,494.73,EUR,mobile,
customer-0795,2026-05-09T20:38:00.000Z,495.74,GBP,email,
customer-0796,2026-05-09T20:45:00.000Z,496.75,UAH,pos,ext-007995
customer-0797,2026-05-09T20:52:00.000Z,497.76,USD,web,
customer-0798,2026-05-09T20:59:00.000Z,498.77,EUR,mobile,
customer-0799,2026-05-09T21:06:00.000Z,499.78,GBP,email,ext-007998
customer-0800,2026-05-09T21:13:00.000Z,500.79,UAH,pos,
customer-0801,2026-05-09T21:20:00.000Z,1.80,USD,web,
customer-0802,2026-05-09T21:27:00.000Z,2.81,EUR,mobile,ext-008001
customer-0803,2026-05-09T21:34:00.000Z,3.82,GBP,email,
customer-0804,2026-05-09T21:41:00.000Z,4.83,UAH,pos,
customer-0805,2026-05-09T21:48:00.000Z,5.84,USD,web,ext-008004
customer-0806,2026-05-09T21:55:00.000Z,6.85,EUR,mobile,
customer-0807,2026-05-09T22:02:00.000Z,7.86,GBP,email,
customer-0808,2026-05-09T22:09:00.000Z,8.87,UAH,pos,ext-008007
customer-0809,2026-05-09T22:16:00.000Z,9.88,USD,web,
customer-0810,2026-05-09T22:23:00.000Z,10.89,EUR,mobile,
customer-0811,2026-05-09T22:30:00.000Z,11.90,GBP,email,ext-008010
customer-0812,2026-05-09T22:37:00.000Z,12.91,UAH,pos,
customer-0813,2026-05-09T22:44:00.000Z,13.92,USD,web,
customer-0814,2026-05-09T22:51:00.000Z,14.93,EUR,mobile,ext-008013
customer-0815,2026-05-09T22:58:00.000Z,15.94,GBP,email,
customer-0816,2026-05-09T23:05:00.000Z,16.95,UAH,pos,
customer-0817,2026-05-09T23:12:00.000Z,17.96,USD,web,ext-008016
customer-0818,2026-05-09T23:19:00.000Z,18.97,EUR,mobile,
customer-0819,2026-05-09T23:26:00.000Z,19.98,GBP,email,
customer-0820,2026-05-09T23:33:00.000Z,20.00,UAH,pos,ext-008019
customer-0821,2026-05-09T23:40:00.000Z,21.01,USD,web,
customer-0822,2026-05-09T23:47:00.000Z,22.02,EUR,mobile,
customer-0823,2026-05-09T23:54:00.000Z,23.03,GBP,email,ext-008022
customer-0824,2026-05-10T00:01:00.000Z,24.04,UAH,pos,
customer-0825,2026-05-10T00:08:00.000Z,25.05,USD,web,
customer-0826,2026-05-10T00:15:00.000Z,26.06,EUR,mobile,ext-008025
customer-0827,2026-05-10T00:22:00.000Z,27.07,GBP,email,
customer-0828,2026-05-10T00:29:00.000Z,28.08,UAH,pos,
customer-0829,2026-05-10T00:36:00.000Z,29.09,USD,web,ext-008028
customer-0830,2026-05-10T00:43:00.000Z,30.10,EUR,mobile,
customer-0831,2026-05-10T00:50:00.000Z,31.11,GBP,email,
customer-0832,2026-05-10T00:57:00.000Z,32.12,UAH,pos,ext-008031
customer-0833,2026-05-10T01:04:00.000Z,33.13,USD,web,
customer-0834,2026-05-10T01:11:00.000Z,34.14,EUR,mobile,
customer-0835,2026-05-10T01:18:00.000Z,35.15,GBP,email,ext-008034
customer-0836,2026-05-10T01:25:00.000Z,36.16,UAH,pos,
customer-0837,2026-05-10T01:32:00.000Z,37.17,USD,web,
customer-0838,2026-05-10T01:39:00.000Z,38.18,EUR,mobile,ext-008037
customer-0839,2026-05-10T01:46:00.000Z,39.19,GBP,email,
customer-0840,2026-05-10T01:53:00.000Z,40.20,UAH,pos,
customer-0841,2026-05-10T02:00:00.000Z,41.21,USD,web,ext-008040
customer-0842,2026-05-10T02:07:00.000Z,42.22,EUR,mobile,
customer-0843,2026-05-10T02:14:00.000Z,43.23,GBP,email,
customer-0844,2026-05-10T02:21:00.000Z,44.24,UAH,pos,ext-008043
customer-0845,2026-05-10T02:28:00.000Z,45.25,USD,web,
customer-0846,2026-05-10T02:35:00.000Z,46.26,EUR,mobile,
customer-0847,2026-05-10T02:42:00.000Z,47.27,GBP,email,ext-008046
customer-0848,2026-05-10T02:49:00.000Z,48.28,UAH,pos,
customer-0849,2026-05-10T02:56:00.000Z,49.29,USD,web,
customer-0850,2026-05-10T03:03:00.000Z,50.30,EUR,mobile,ext-008049
customer-0851,2026-05-10T03:10:00.000Z,51.31,GBP,email,
customer-0852,2026-05-10T03:17:00.000Z,52.32,UAH,pos,
customer-0853,2026-05-10T03:24:00.000Z,53.33,USD,web,ext-008052
customer-0854,2026-05-10T03:31:00.000Z,54.34,EUR,mobile,
customer-0855,2026-05-10T03:38:00.000Z,55.35,GBP,email,
customer-0856,2026-05-10T03:45:00.000Z,56.36,UAH,pos,ext-008055
customer-0857,2026-05-10T03:52:00.000Z,57.37,USD,web,
customer-0858,2026-05-10T03:59:00.000Z,58.38,EUR,mobile,
customer-0859,2026-05-10T04:06:00.000Z,59.39,GBP,email,ext-008058
customer-0860,2026-05-10T04:13:00.000Z,60.40,UAH,pos,
customer-0861,2026-05-10T04:20:00.000Z,61.41,USD,web,
customer-0862,2026-05-10T04:27:00.000Z,62.42,EUR,mobile,ext-008061
customer-0863,2026-05-10T04:34:00.000Z,63.43,GBP,email,
customer-0864,2026-05-10T04:41:00.000Z,64.44,UAH,pos,
customer-0865,2026-05-10T04:48:00.000Z,65.45,USD,web,ext-008064
customer-0866,2026-05-10T04:55:00.000Z,66.46,EUR,mobile,
customer-0867,2026-05-10T05:02:00.000Z,67.47,GBP,email,
customer-0868,2026-05-10T05:09:00.000Z,68.48,UAH,pos,ext-008067
customer-0869,2026-05-10T05:16:00.000Z,69.49,USD,web,
customer-0870,2026-05-10T05:23:00.000Z,70.50,EUR,mobile,
customer-0871,2026-05-10T05:30:00.000Z,71.51,GBP,email,ext-008070
customer-0872,2026-05-10T05:37:00.000Z,72.52,UAH,pos,
customer-0873,2026-05-10T05:44:00.000Z,73.53,USD,web,
customer-0874,2026-05-10T05:51:00.000Z,74.54,EUR,mobile,ext-008073
customer-0875,2026-05-10T05:58:00.000Z,75.55,GBP,email,
customer-0876,2026-05-10T06:05:00.000Z,76.56,UAH,pos,
customer-0877,2026-05-10T06:12:00.000Z,77.57,USD,web,ext-008076
customer-0878,2026-05-10T06:19:00.000Z,78.58,EUR,mobile,
customer-0879,2026-05-10T06:26:00.000Z,79.59,GBP,email,
customer-0880,2026-05-10T06:33:00.000Z,80.60,UAH,pos,ext-008079
customer-0881,2026-05-10T06:40:00.000Z,81.61,USD,web,
customer-0882,2026-05-10T06:47:00.000Z,82.62,EUR,mobile,
customer-0883,2026-05-10T06:54:00.000Z,83.63,GBP,email,ext-008082
customer-0884,2026-05-10T07:01:00.000Z,84.64,UAH,pos,
customer-0885,2026-05-10T07:08:00.000Z,85.65,USD,web,
customer-0886,2026-05-10T07:15:00.000Z,86.66,EUR,mobile,ext-008085
customer-0887,2026-05-10T07:22:00.000Z,87.67,GBP,email,
customer-0888,2026-05-10T07:29:00.000Z,88.68,UAH,pos,
customer-0889,2026-05-10T07:36:00.000Z,89.69,USD,web,ext-008088
customer-0890,2026-05-10T07:43:00.000Z,90.70,EUR,mobile,
customer-0891,2026-05-10T07:50:00.000Z,91.71,GBP,email,
customer-0892,2026-05-10T07:57:00.000Z,92.72,UAH,pos,ext-008091
customer-0893,2026-05-10T08:04:00.000Z,93.73,USD,web,
customer-0894,2026-05-10T08:11:00.000Z,94.74,EUR,mobile,
customer-0895,2026-05-10T08:18:00.000Z,95.75,GBP,email,ext-008094
customer-0896,2026-05-10T08:25:00.000Z,96.76,UAH,pos,
customer-0897,2026-05-10T08:32:00.000Z,97.77,USD,web,
customer-0898,2026-05-10T08:39:00.000Z,98.78,EUR,mobile,ext-008097
customer-0899,2026-05-10T08:46:00.000Z,99.79,GBP,email,
customer-0900,2026-05-10T08:53:00.000Z,100.80,UAH,pos,
customer-0901,2026-05-10T09:00:00.000Z,101.81,USD,web,ext-008100
customer-0902,2026-05-10T09:07:00.000Z,102.82,EUR,mobile,
customer-0903,2026-05-10T09:14:00.000Z,103.83,GBP,email,
customer-0904,2026-05-10T09:21:00.000Z,104.84,UAH,pos,ext-008103
customer-0905,2026-05-10T09:28:00.000Z,105.85,USD,web,
customer-0906,2026-05-10T09:35:00.000Z,106.86,EUR,mobile,
customer-0907,2026-05-10T09:42:00.000Z,107.87,GBP,email,ext-008106
customer-0908,2026-05-10T09:49:00.000Z,108.88,UAH,pos,
customer-0909,2026-05-10T09:56:00.000Z,109.89,USD,web,
customer-0910,2026-05-10T10:03:00.000Z,110.90,EUR,mobile,ext-008109
customer-0911,2026-05-10T10:10:00.000Z,111.91,GBP,email,
customer-0912,2026-05-10T10:17:00.000Z,112.92,UAH,pos,
customer-0913,2026-05-10T10:24:00.000Z,113.93,USD,web,ext-008112
customer-0914,2026-05-10T10:31:00.000Z,114.94,EUR,mobile,
customer-0915,2026-05-10T10:38:00.000Z,115.95,GBP,email,
customer-0916,2026-05-10T10:45:00.000Z,116.96,UAH,pos,ext-008115
customer-0917,2026-05-10T10:52:00.000Z,117.97,USD,web,
customer-0918,2026-05-10T10:59:00.000Z,118.98,EUR,mobile,
customer-0919,2026-05-10T11:06:00.000Z,119.00,GBP,email,ext-008118
customer-0920,2026-05-10T11:13:00.000Z,120.01,UAH,pos,
customer-0921,2026-05-10T11:20:00.000Z,121.02,USD,web,
customer-0922,2026-05-10T11:27:00.000Z,122.03,EUR,mobile,ext-008121
customer-0923,2026-05-10T11:34:00.000Z,123.04,GBP,email,
customer-0924,2026-05-10T11:41:00.000Z,124.05,UAH,pos,
customer-0925,2026-05-10T11:48:00.000Z,125.06,USD,web,ext-008124
customer-0926,2026-05-10T11:55:00.000Z,126.07,EUR,mobile,
customer-0927,2026-05-10T12:02:00.000Z,127.08,GBP,email,
customer-0928,2026-05-10T12:09:00.000Z,128.09,UAH,pos,ext-008127
customer-0929,2026-05-10T12:16:00.000Z,129.10,USD,web,
customer-0930,2026-05-10T12:23:00.000Z,130.11,EUR,mobile,
customer-0931,2026-05-10T12:30:00.000Z,131.12,GBP,email,ext-008130
customer-0932,2026-05-10T12:37:00.000Z,132.13,UAH,pos,
customer-0933,2026-05-10T12:44:00.000Z,133.14,USD,web,
customer-0934,2026-05-10T12:51:00.000Z,134.15,EUR,mobile,ext-008133
customer-0935,2026-05-10T12:58:00.000Z,135.16,GBP,email,
customer-0936,2026-05-10T13:05:00.000Z,136.17,UAH,pos,
customer-0937,2026-05-10T13:12:00.000Z,137.18,USD,web,ext-008136
customer-0938,2026-05-10T13:19:00.000Z,138.19,EUR,mobile,
customer-0939,2026-05-10T13:26:00.000Z,139.20,GBP,email,
customer-0940,2026-05-10T13:33:00.000Z,140.21,UAH,pos,ext-008139
customer-0941,2026-05-10T13:40:00.000Z,141.22,USD,web,
customer-0942,2026-05-10T13:47:00.000Z,142.23,EUR,mobile,
customer-0943,2026-05-10T13:54:00.000Z,143.24,GBP,email,ext-008142
customer-0944,2026-05-10T14:01:00.000Z,144.25,UAH,pos,
customer-0945,2026-05-10T14:08:00.000Z,145.26,USD,web,
customer-0946,2026-05-10T14:15:00.000Z,146.27,EUR,mobile,ext-008145
customer-0947,2026-05-10T14:22:00.000Z,147.28,GBP,email,
customer-0948,2026-05-10T14:29:00.000Z,148.29,UAH,pos,
customer-0949,2026-05-10T14:36:00.000Z,149.30,USD,web,ext-008148
customer-0950,2026-05-10T14:43:00.000Z,150.31,EUR,mobile,
customer-0951,2026-05-10T14:50:00.000Z,151.32,GBP,email,
customer-0952,2026-05-10T14:57:00.000Z,152.33,UAH,pos,ext-008151
customer-0953,2026-05-10T15:04:00.000Z,153.34,USD,web,
customer-0954,2026-05-10T15:11:00.000Z,154.35,EUR,mobile,
customer-0955,2026-05-10T15:18:00.000Z,155.36,GBP,email,ext-008154
customer-0956,2026-05-10T15:25:00.000Z,156.37,UAH,pos,
customer-0957,2026-05-10T15:32:00.000Z,157.38,USD,web,
customer-0958,2026-05-10T15:39:00.000Z,158.39,EUR,mobile,ext-008157
customer-0959,2026-05-10T15:46:00.000Z,159.40,GBP,email,
customer-0960,2026-05-10T15:53:00.000Z,160.41,UAH,pos,
customer-0961,2026-05-10T16:00:00.000Z,161.42,USD,web,ext-008160
customer-0962,2026-05-10T16:07:00.000Z,162.43,EUR,mobile,
customer-0963,2026-05-10T16:14:00.000Z,163.44,GBP,email,
customer-0964,2026-05-10T16:21:00.000Z,164.45,UAH,pos,ext-008163
customer-0965,2026-05-10T16:28:00.000Z,165.46,USD,web,
customer-0966,2026-05-10T16:35:00.000Z,166.47,EUR,mobile,
customer-0967,2026-05-10T16:42:00.000Z,167.48,GBP,email,ext-008166
customer-0968,2026-05-10T16:49:00.000Z,168.49,UAH,pos,
customer-0969,2026-05-10T16:56:00.000Z,169.50,USD,web,
customer-0970,2026-05-10T17:03:00.000Z,170.51,EUR,mobile,ext-008169
customer-0971,2026-05-10T17:10:00.000Z,171.52,GBP,email,
customer-0972,2026-05-10T17:17:00.000Z,172.53,UAH,pos,
customer-0973,2026-05-10T17:24:00.000Z,173.54,USD,web,ext-008172
customer-0974,2026-05-10T17:31:00.000Z,174.55,EUR,mobile,
customer-0975,2026-05-10T17:38:00.000Z,175.56,GBP,email,
customer-0976,2026-05-10T17:45:00.000Z,176.57,UAH,pos,ext-008175
customer-0977,2026-05-10T17:52:00.000Z,177.58,USD,web,
customer-0978,2026-05-10T17:59:00.000Z,178.59,EUR,mobile,
customer-0979,2026-05-10T18:06:00.000Z,179.60,GBP,email,ext-008178
customer-0980,2026-05-10T18:13:00.000Z,180.61,UAH,pos,
customer-0981,2026-05-10T18:20:00.000Z,181.62,USD,web,
customer-0982,2026-05-10T18:27:00.000Z,182.63,EUR,mobile,ext-008181
customer-0983,2026-05-10T18:34:00.000Z,183.64,GBP,email,
customer-0984,2026-05-10T18:41:00.000Z,184.65,UAH,pos,
customer-0985,2026-05-10T18:48:00.000Z,185.66,USD,web,ext-008184
customer-0986,2026-05-10T18:55:00.000Z,186.67,EUR,mobile,
customer-0987,2026-05-10T19:02:00.000Z,187.68,GBP,email,
customer-0988,2026-05-10T19:09:00.000Z,188.69,UAH,pos,ext-008187
customer-0989,2026-05-10T19:16:00.000Z,189.70,USD,web,
customer-0990,2026-05-10T19:23:00.000Z,190.71,EUR,mobile,
customer-0991,2026-05-10T19:30:00.000Z,191.72,GBP,email,ext-008190
customer-0992,2026-05-10T19:37:00.000Z,192.73,UAH,pos,
customer-0993,2026-05-10T19:44:00.000Z,193.74,USD,web,
customer-0994,2026-05-10T19:51:00.000Z,194.75,EUR,mobile,ext-008193
customer-0995,2026-05-10T19:58:00.000Z,195.76,GBP,email,
customer-0996,2026-05-10T20:05:00.000Z,196.77,UAH,pos,
customer-0997,2026-05-10T20:12:00.000Z,197.78,USD,web,ext-008196
customer-0998,2026-05-10T20:19:00.000Z,198.79,EUR,mobile,
customer-0999,2026-05-10T20:26:00.000Z,199.80,GBP,email,
customer-1000,2026-05-10T20:33:00.000Z,200.81,UAH,pos,ext-008199
customer-1001,2026-05-10T20:40:00.000Z,201.82,USD,web,
customer-1002,2026-05-10T20:47:00.000Z,202.83,EUR,mobile,
customer-1003,2026-05-10T20:54:00.000Z,203.84,GBP,email,ext-008202
customer-1004,2026-05-10T21:01:00.000Z,204.85,UAH,pos,
customer-1005,2026-05-10T21:08:00.000Z,205.86,USD,web,
customer-1006,2026-05-10T21:15:00.000Z,206.87,EUR,mobile,ext-008205
customer-1007,2026-05-10T21:22:00.000Z,207.88,GBP,email,
customer-1008,2026-05-10T21:29:00.000Z,208.89,UAH,pos,
customer-1009,2026-05-10T21:36:00.000Z,209.90,USD,web,ext-008208
customer-1010,2026-05-10T21:43:00.000Z,210.91,EUR,mobile,
customer-1011,2026-05-10T21:50:00.000Z,211.92,GBP,email,
customer-1012,2026-05-10T21:57:00.000Z,212.93,UAH,pos,ext-008211
customer-1013,2026-05-10T22:04:00.000Z,213.94,USD,web,
customer-1014,2026-05-10T22:11:00.000Z,214.95,EUR,mobile,
customer-1015,2026-05-10T22:18:00.000Z,215.96,GBP,email,ext-008214
customer-1016,2026-05-10T22:25:00.000Z,216.97,UAH,pos,
customer-1017,2026-05-10T22:32:00.000Z,217.98,USD,web,
customer-1018,2026-05-10T22:39:00.000Z,218.00,EUR,mobile,ext-008217
customer-1019,2026-05-10T22:46:00.000Z,219.01,GBP,email,
customer-1020,2026-05-10T22:53:00.000Z,220.02,UAH,pos,
customer-1021,2026-05-10T23:00:00.000Z,221.03,USD,web,ext-008220
customer-1022,2026-05-10T23:07:00.000Z,222.04,EUR,mobile,
customer-1023,2026-05-10T23:14:00.000Z,223.05,GBP,email,
customer-1024,2026-05-10T23:21:00.000Z,224.06,UAH,pos,ext-008223
customer-1025,2026-05-10T23:28:00.000Z,225.07,USD,web,
customer-1026,2026-05-10T23:35:00.000Z,226.08,EUR,mobile,
customer-1027,2026-05-10T23:42:00.000Z,227.09,GBP,email,ext-008226
customer-1028,2026-05-10T23:49:00.000Z,228.10,UAH,pos,
customer-1029,2026-05-10T23:56:00.000Z,229.11,USD,web,
customer-1030,2026-05-11T00:03:00.000Z,230.12,EUR,mobile,ext-008229
customer-1031,2026-05-11T00:10:00.000Z,231.13,GBP,email,
customer-1032,2026-05-11T00:17:00.000Z,232.14,UAH,pos,
customer-1033,2026-05-11T00:24:00.000Z,233.15,USD,web,ext-008232
customer-1034,2026-05-11T00:31:00.000Z,234.16,EUR,mobile,
customer-1035,2026-05-11T00:38:00.000Z,235.17,GBP,email,
customer-1036,2026-05-11T00:45:00.000Z,236.18,UAH,pos,ext-008235
customer-1037,2026-05-11T00:52:00.000Z,237.19,USD,web,
customer-1038,2026-05-11T00:59:00.000Z,238.20,EUR,mobile,
customer-1039,2026-05-11T01:06:00.000Z,239.21,GBP,email,ext-008238
customer-1040,2026-05-11T01:13:00.000Z,240.22,UAH,pos,
customer-1041,2026-05-11T01:20:00.000Z,241.23,USD,web,
customer-1042,2026-05-11T01:27:00.000Z,242.24,EUR,mobile,ext-008241
customer-1043,2026-05-11T01:34:00.000Z,243.25,GBP,email,
customer-1044,2026-05-11T01:41:00.000Z,244.26,UAH,pos,
customer-1045,2026-05-11T01:48:00.000Z,245.27,USD,web,ext-008244
customer-1046,2026-05-11T01:55:00.000Z,246.28,EUR,mobile,
customer-1047,2026-05-11T02:02:00.000Z,247.29,GBP,email,
customer-1048,2026-05-11T02:09:00.000Z,248.30,UAH,pos,ext-008247
customer-1049,2026-05-11T02:16:00.000Z,249.31,USD,web,
customer-1050,2026-05-11T02:23:00.000Z,250.32,EUR,mobile,
customer-1051,2026-05-11T02:30:00.000Z,251.33,GBP,email,ext-008250
customer-1052,2026-05-11T02:37:00.000Z,252.34,UAH,pos,
customer-1053,2026-05-11T02:44:00.000Z,253.35,USD,web,
customer-1054,2026-05-11T02:51:00.000Z,254.36,EUR,mobile,ext-008253
customer-1055,2026-05-11T02:58:00.000Z,255.37,GBP,email,
customer-1056,2026-05-11T03:05:00.000Z,256.38,UAH,pos,
customer-1057,2026-05-11T03:12:00.000Z,257.39,USD,web,ext-008256
customer-1058,2026-05-11T03:19:00.000Z,258.40,EUR,mobile,
customer-1059,2026-05-11T03:26:00.000Z,259.41,GBP,email,
customer-1060,2026-05-11T03:33:00.000Z,260.42,UAH,pos,ext-008259
customer-1061,2026-05-11T03:40:00.000Z,261.43,USD,web,
customer-1062,2026-05-11T03:47:00.000Z,262.44,EUR,mobile,
customer-1063,2026-05-11T03:54:00.000Z,263.45,GBP,email,ext-008262
customer-1064,2026-05-11T04:01:00.000Z,264.46,UAH,pos,
customer-1065,2026-05-11T04:08:00.000Z,265.47,USD,web,
customer-1066,2026-05-11T04:15:00.000Z,266.48,EUR,mobile,ext-008265
customer-1067,2026-05-11T04:22:00.000Z,267.49,GBP,email,
customer-1068,2026-05-11T04:29:00.000Z,268.50,UAH,pos,
customer-1069,2026-05-11T04:36:00.000Z,269.51,USD,web,ext-008268
customer-1070,2026-05-11T04:43:00.000Z,270.52,EUR,mobile,
customer-1071,2026-05-11T04:50:00.000Z,271.53,GBP,email,
customer-1072,2026-05-11T04:57:00.000Z,272.54,UAH,pos,ext-008271
customer-1073,2026-05-11T05:04:00.000Z,273.55,USD,web,
customer-1074,2026-05-11T05:11:00.000Z,274.56,EUR,mobile,
customer-1075,2026-05-11T05:18:00.000Z,275.57,GBP,email,ext-008274
customer-1076,2026-05-11T05:25:00.000Z,276.58,UAH,pos,
customer-1077,2026-05-11T05:32:00.000Z,277.59,USD,web,
customer-1078,2026-05-11T05:39:00.000Z,278.60,EUR,mobile,ext-008277
customer-1079,2026-05-11T05:46:00.000Z,279.61,GBP,email,
customer-1080,2026-05-11T05:53:00.000Z,280.62,UAH,pos,
customer-1081,2026-05-11T06:00:00.000Z,281.63,USD,web,ext-008280
customer-1082,2026-05-11T06:07:00.000Z,282.64,EUR,mobile,
customer-1083,2026-05-11T06:14:00.000Z,283.65,GBP,email,
customer-1084,2026-05-11T06:21:00.000Z,284.66,UAH,pos,ext-008283
customer-1085,2026-05-11T06:28:00.000Z,285.67,USD,web,
customer-1086,2026-05-11T06:35:00.000Z,286.68,EUR,mobile,
customer-1087,2026-05-11T06:42:00.000Z,287.69,GBP,email,ext-008286
customer-1088,2026-05-11T06:49:00.000Z,288.70,UAH,pos,
customer-1089,2026-05-11T06:56:00.000Z,289.71,USD,web,
customer-1090,2026-05-11T07:03:00.000Z,290.72,EUR,mobile,ext-008289
customer-1091,2026-05-11T07:10:00.000Z,291.73,GBP,email,
customer-1092,2026-05-11T07:17:00.000Z,292.74,UAH,pos,
customer-1093,2026-05-11T07:24:00.000Z,293.75,USD,web,ext-008292
customer-1094,2026-05-11T07:31:00.000Z,294.76,EUR,mobile,
customer-1095,2026-05-11T07:38:00.000Z,295.77,GBP,email,
customer-1096,2026-05-11T07:45:00.000Z,296.78,UAH,pos,ext-008295
customer-1097,2026-05-11T07:52:00.000Z,297.79,USD,web,
customer-1098,2026-05-11T07:59:00.000Z,298.80,EUR,mobile,
customer-1099,2026-05-11T08:06:00.000Z,299.81,GBP,email,ext-008298
customer-1100,2026-05-11T08:13:00.000Z,300.82,UAH,pos,
customer-1101,2026-05-11T08:20:00.000Z,301.83,USD,web,
customer-1102,2026-05-11T08:27:00.000Z,302.84,EUR,mobile,ext-008301
customer-1103,2026-05-11T08:34:00.000Z,303.85,GBP,email,
customer-1104,2026-05-11T08:41:00.000Z,304.86,UAH,pos,
customer-1105,2026-05-11T08:48:00.000Z,305.87,USD,web,ext-008304
customer-1106,2026-05-11T08:55:00.000Z,306.88,EUR,mobile,
customer-1107,2026-05-11T09:02:00.000Z,307.89,GBP,email,
customer-1108,2026-05-11T09:09:00.000Z,308.90,UAH,pos,ext-008307
customer-1109,2026-05-11T09:16:00.000Z,309.91,USD,web,
customer-1110,2026-05-11T09:23:00.000Z,310.92,EUR,mobile,
customer-1111,2026-05-11T09:30:00.000Z,311.93,GBP,email,ext-008310
customer-1112,2026-05-11T09:37:00.000Z,312.94,UAH,pos,
customer-1113,2026-05-11T09:44:00.000Z,313.95,USD,web,
customer-1114,2026-05-11T09:51:00.000Z,314.96,EUR,mobile,ext-008313
customer-1115,2026-05-11T09:58:00.000Z,315.97,GBP,email,
customer-1116,2026-05-11T10:05:00.000Z,316.98,UAH,pos,
customer-1117,2026-05-11T10:12:00.000Z,317.00,USD,web,ext-008316
customer-1118,2026-05-11T10:19:00.000Z,318.01,EUR,mobile,
customer-1119,2026-05-11T10:26:00.000Z,319.02,GBP,email,
customer-1120,2026-05-11T10:33:00.000Z,320.03,UAH,pos,ext-008319
customer-1121,2026-05-11T10:40:00.000Z,321.04,USD,web,
customer-1122,2026-05-11T10:47:00.000Z,322.05,EUR,mobile,
customer-1123,2026-05-11T10:54:00.000Z,323.06,GBP,email,ext-008322
customer-1124,2026-05-11T11:01:00.000Z,324.07,UAH,pos,
customer-1125,2026-05-11T11:08:00.000Z,325.08,USD,web,
customer-1126,2026-05-11T11:15:00.000Z,326.09,EUR,mobile,ext-008325
customer-1127,2026-05-11T11:22:00.000Z,327.10,GBP,email,
customer-1128,2026-05-11T11:29:00.000Z,328.11,UAH,pos,
customer-1129,2026-05-11T11:36:00.000Z,329.12,USD,web,ext-008328
customer-1130,2026-05-11T11:43:00.000Z,330.13,EUR,mobile,
customer-1131,2026-05-11T11:50:00.000Z,331.14,GBP,email,
customer-1132,2026-05-11T11:57:00.000Z,332.15,UAH,pos,ext-008331
customer-1133,2026-05-11T12:04:00.000Z,333.16,USD,web,
customer-1134,2026-05-11T12:11:00.000Z,334.17,EUR,mobile,
customer-1135,2026-05-11T12:18:00.000Z,335.18,GBP,email,ext-008334
customer-1136,2026-05-11T12:25:00.000Z,336.19,UAH,pos,
customer-1137,2026-05-11T12:32:00.000Z,337.20,USD,web,
customer-1138,2026-05-11T12:39:00.000Z,338.21,EUR,mobile,ext-008337
customer-1139,2026-05-11T12:46:00.000Z,339.22,GBP,email,
customer-1140,2026-05-11T12:53:00.000Z,340.23,UAH,pos,
customer-1141,2026-05-11T13:00:00.000Z,341.24,USD,web,ext-008340
customer-1142,2026-05-11T13:07:00.000Z,342.25,EUR,mobile,
customer-1143,2026-05-11T13:14:00.000Z,343.26,GBP,email,
customer-1144,2026-05-11T13:21:00.000Z,344.27,UAH,pos,ext-008343
customer-1145,2026-05-11T13:28:00.000Z,345.28,USD,web,
customer-1146,2026-05-11T13:35:00.000Z,346.29,EUR,mobile,
customer-1147,2026-05-11T13:42:00.000Z,347.30,GBP,email,ext-008346
customer-1148,2026-05-11T13:49:00.000Z,348.31,UAH,pos,
customer-1149,2026-05-11T13:56:00.000Z,349.32,USD,web,
customer-1150,2026-05-11T14:03:00.000Z,350.33,EUR,mobile,ext-008349
customer-1151,2026-05-11T14:10:00.000Z,351.34,GBP,email,
customer-1152,2026-05-11T14:17:00.000Z,352.35,UAH,pos,
customer-1153,2026-05-11T14:24:00.000Z,353.36,USD,web,ext-008352
customer-1154,2026-05-11T14:31:00.000Z,354.37,EUR,mobile,
customer-1155,2026-05-11T14:38:00.000Z,355.38,GBP,email,
customer-1156,2026-05-11T14:45:00.000Z,356.39,UAH,pos,ext-008355
customer-1157,2026-05-11T14:52:00.000Z,357.40,USD,web,
customer-1158,2026-05-11T14:59:00.000Z,358.41,EUR,mobile,
customer-1159,2026-05-11T15:06:00.000Z,359.42,GBP,email,ext-008358
customer-1160,2026-05-11T15:13:00.000Z,360.43,UAH,pos,
customer-1161,2026-05-11T15:20:00.000Z,361.44,USD,web,
customer-1162,2026-05-11T15:27:00.000Z,362.45,EUR,mobile,ext-008361
customer-1163,2026-05-11T15:34:00.000Z,363.46,GBP,email,
customer-1164,2026-05-11T15:41:00.000Z,364.47,UAH,pos,
customer-1165,2026-05-11T15:48:00.000Z,365.48,USD,web,ext-008364
customer-1166,2026-05-11T15:55:00.000Z,366.49,EUR,mobile,
customer-1167,2026-05-11T16:02:00.000Z,367.50,GBP,email,
customer-1168,2026-05-11T16:09:00.000Z,368.51,UAH,pos,ext-008367
customer-1169,2026-05-11T16:16:00.000Z,369.52,USD,web,
customer-1170,2026-05-11T16:23:00.000Z,370.53,EUR,mobile,
customer-1171,2026-05-11T16:30:00.000Z,371.54,GBP,email,ext-008370
customer-1172,2026-05-11T16:37:00.000Z,372.55,UAH,pos,
customer-1173,2026-05-11T16:44:00.000Z,373.56,USD,web,
customer-1174,2026-05-11T16:51:00.000Z,374.57,EUR,mobile,ext-008373
customer-1175,2026-05-11T16:58:00.000Z,375.58,GBP,email,
customer-1176,2026-05-11T17:05:00.000Z,376.59,UAH,pos,
customer-1177,2026-05-11T17:12:00.000Z,377.60,USD,web,ext-008376
customer-1178,2026-05-11T17:19:00.000Z,378.61,EUR,mobile,
customer-1179,2026-05-11T17:26:00.000Z,379.62,GBP,email,
customer-1180,2026-05-11T17:33:00.000Z,380.63,UAH,pos,ext-008379
customer-1181,2026-05-11T17:40:00.000Z,381.64,USD,web,
customer-1182,2026-05-11T17:47:00.000Z,382.65,EUR,mobile,
customer-1183,2026-05-11T17:54:00.000Z,383.66,GBP,email,ext-008382
customer-1184,2026-05-11T18:01:00.000Z,384.67,UAH,pos,
customer-1185,2026-05-11T18:08:00.000Z,385.68,USD,web,
customer-1186,2026-05-11T18:15:00.000Z,386.69,EUR,mobile,ext-008385
customer-1187,2026-05-11T18:22:00.000Z,387.70,GBP,email,
customer-1188,2026-05-11T18:29:00.000Z,388.71,UAH,pos,
customer-1189,2026-05-11T18:36:00.000Z,389.72,USD,web,ext-008388
customer-1190,2026-05-11T18:43:00.000Z,390.73,EUR,mobile,
customer-1191,2026-05-11T18:50:00.000Z,391.74,GBP,email,
customer-1192,2026-05-11T18:57:00.000Z,392.75,UAH,pos,ext-008391
customer-1193,2026-05-11T19:04:00.000Z,393.76,USD,web,
customer-1194,2026-05-11T19:11:00.000Z,394.77,EUR,mobile,
customer-1195,2026-05-11T19:18:00.000Z,395.78,GBP,email,ext-008394
customer-1196,2026-05-11T19:25:00.000Z,396.79,UAH,pos,
customer-1197,2026-05-11T19:32:00.000Z,397.80,USD,web,
customer-1198,2026-05-11T19:39:00.000Z,398.81,EUR,mobile,ext-008397
customer-1199,2026-05-11T19:46:00.000Z,399.82,GBP,email,
customer-1200,2026-05-11T19:53:00.000Z,400.83,UAH,pos,
customer-0001,2026-05-11T20:00:00.000Z,401.84,USD,web,ext-008400
customer-0002,2026-05-11T20:07:00.000Z,402.85,EUR,mobile,
customer-0003,2026-05-11T20:14:00.000Z,403.86,GBP,email,
customer-0004,2026-05-11T20:21:00.000Z,404.87,UAH,pos,ext-008403
customer-0005,2026-05-11T20:28:00.000Z,405.88,USD,web,
customer-0006,2026-05-11T20:35:00.000Z,406.89,EUR,mobile,
customer-0007,2026-05-11T20:42:00.000Z,407.90,GBP,email,ext-008406
customer-0008,2026-05-11T20:49:00.000Z,408.91,UAH,pos,
customer-0009,2026-05-11T20:56:00.000Z,409.92,USD,web,
customer-0010,2026-05-11T21:03:00.000Z,410.93,EUR,mobile,ext-008409
customer-0011,2026-05-11T21:10:00.000Z,411.94,GBP,email,
customer-0012,2026-05-11T21:17:00.000Z,412.95,UAH,pos,
customer-0013,2026-05-11T21:24:00.000Z,413.96,USD,web,ext-008412
customer-0014,2026-05-11T21:31:00.000Z,414.97,EUR,mobile,
customer-0015,2026-05-11T21:38:00.000Z,415.98,GBP,email,
customer-0016,2026-05-11T21:45:00.000Z,416.00,UAH,pos,ext-008415
customer-0017,2026-05-11T21:52:00.000Z,417.01,USD,web,
customer-0018,2026-05-11T21:59:00.000Z,418.02,EUR,mobile,
customer-0019,2026-05-11T22:06:00.000Z,419.03,GBP,email,ext-008418
customer-0020,2026-05-11T22:13:00.000Z,420.04,UAH,pos,
customer-0021,2026-05-11T22:20:00.000Z,421.05,USD,web,
customer-0022,2026-05-11T22:27:00.000Z,422.06,EUR,mobile,ext-008421
customer-0023,2026-05-11T22:34:00.000Z,423.07,GBP,email,
customer-0024,2026-05-11T22:41:00.000Z,424.08,UAH,pos,
customer-0025,2026-05-11T22:48:00.000Z,425.09,USD,web,ext-008424
customer-0026,2026-05-11T22:55:00.000Z,426.10,EUR,mobile,
customer-0027,2026-05-11T23:02:00.000Z,427.11,GBP,email,
customer-0028,2026-05-11T23:09:00.000Z,428.12,UAH,pos,ext-008427
customer-0029,2026-05-11T23:16:00.000Z,429.13,USD,web,
customer-0030,2026-05-11T23:23:00.000Z,430.14,EUR,mobile,
customer-0031,2026-05-11T23:30:00.000Z,431.15,GBP,email,ext-008430
customer-0032,2026-05-11T23:37:00.000Z,432.16,UAH,pos,
customer-0033,2026-05-11T23:44:00.000Z,433.17,USD,web,
customer-0034,2026-05-11T23:51:00.000Z,434.18,EUR,mobile,ext-008433
customer-0035,2026-05-11T23:58:00.000Z,435.19,GBP,email,
customer-0036,2026-05-12T00:05:00.000Z,436.20,UAH,pos,
customer-0037,2026-05-12T00:12:00.000Z,437.21,USD,web,ext-008436
customer-0038,2026-05-12T00:19:00.000Z,438.22,EUR,mobile,
customer-0039,2026-05-12T00:26:00.000Z,439.23,GBP,email,
customer-0040,2026-05-12T00:33:00.000Z,440.24,UAH,pos,ext-008439
customer-0041,2026-05-12T00:40:00.000Z,441.25,USD,web,
customer-0042,2026-05-12T00:47:00.000Z,442.26,EUR,mobile,
customer-0043,2026-05-12T00:54:00.000Z,443.27,GBP,email,ext-008442
customer-0044,2026-05-12T01:01:00.000Z,444.28,UAH,pos,
customer-0045,2026-05-12T01:08:00.000Z,445.29,USD,web,
customer-0046,2026-05-12T01:15:00.000Z,446.30,EUR,mobile,ext-008445
customer-0047,2026-05-12T01:22:00.000Z,447.31,GBP,email,
customer-0048,2026-05-12T01:29:00.000Z,448.32,UAH,pos,
customer-0049,2026-05-12T01:36:00.000Z,449.33,USD,web,ext-008448
customer-0050,2026-05-12T01:43:00.000Z,450.34,EUR,mobile,
customer-0051,2026-05-12T01:50:00.000Z,451.35,GBP,email,
customer-0052,2026-05-12T01:57:00.000Z,452.36,UAH,pos,ext-008451
customer-0053,2026-05-12T02:04:00.000Z,453.37,USD,web,
customer-0054,2026-05-12T02:11:00.000Z,454.38,EUR,mobile,
customer-0055,2026-05-12T02:18:00.000Z,455.39,GBP,email,ext-008454
customer-0056,2026-05-12T02:25:00.000Z,456.40,UAH,pos,
customer-0057,2026-05-12T02:32:00.000Z,457.41,USD,web,
customer-0058,2026-05-12T02:39:00.000Z,458.42,EUR,mobile,ext-008457
customer-0059,2026-05-12T02:46:00.000Z,459.43,GBP,email,
customer-0060,2026-05-12T02:53:00.000Z,460.44,UAH,pos,
customer-0061,2026-05-12T03:00:00.000Z,461.45,USD,web,ext-008460
customer-0062,2026-05-12T03:07:00.000Z,462.46,EUR,mobile,
customer-0063,2026-05-12T03:14:00.000Z,463.47,GBP,email,
customer-0064,2026-05-12T03:21:00.000Z,464.48,UAH,pos,ext-008463
customer-0065,2026-05-12T03:28:00.000Z,465.49,USD,web,
customer-0066,2026-05-12T03:35:00.000Z,466.50,EUR,mobile,
customer-0067,2026-05-12T03:42:00.000Z,467.51,GBP,email,ext-008466
customer-0068,2026-05-12T03:49:00.000Z,468.52,UAH,pos,
customer-0069,2026-05-12T03:56:00.000Z,469.53,USD,web,
customer-0070,2026-05-12T04:03:00.000Z,470.54,EUR,mobile,ext-008469
customer-0071,2026-05-12T04:10:00.000Z,471.55,GBP,email,
customer-0072,2026-05-12T04:17:00.000Z,472.56,UAH,pos,
customer-0073,2026-05-12T04:24:00.000Z,473.57,USD,web,ext-008472
customer-0074,2026-05-12T04:31:00.000Z,474.58,EUR,mobile,
customer-0075,2026-05-12T04:38:00.000Z,475.59,GBP,email,
customer-0076,2026-05-12T04:45:00.000Z,476.60,UAH,pos,ext-008475
customer-0077,2026-05-12T04:52:00.000Z,477.61,USD,web,
customer-0078,2026-05-12T04:59:00.000Z,478.62,EUR,mobile,
customer-0079,2026-05-12T05:06:00.000Z,479.63,GBP,email,ext-008478
customer-0080,2026-05-12T05:13:00.000Z,480.64,UAH,pos,
customer-0081,2026-05-12T05:20:00.000Z,481.65,USD,web,
customer-0082,2026-05-12T05:27:00.000Z,482.66,EUR,mobile,ext-008481
customer-0083,2026-05-12T05:34:00.000Z,483.67,GBP,email,
customer-0084,2026-05-12T05:41:00.000Z,484.68,UAH,pos,
customer-0085,2026-05-12T05:48:00.000Z,485.69,USD,web,ext-008484
customer-0086,2026-05-12T05:55:00.000Z,486.70,EUR,mobile,
customer-0087,2026-05-12T06:02:00.000Z,487.71,GBP,email,
customer-0088,2026-05-12T06:09:00.000Z,488.72,UAH,pos,ext-008487
customer-0089,2026-05-12T06:16:00.000Z,489.73,USD,web,
customer-0090,2026-05-12T06:23:00.000Z,490.74,EUR,mobile,
customer-0091,2026-05-12T06:30:00.000Z,491.75,GBP,email,ext-008490
customer-0092,2026-05-12T06:37:00.000Z,492.76,UAH,pos,
customer-0093,2026-05-12T06:44:00.000Z,493.77,USD,web,
customer-0094,2026-05-12T06:51:00.000Z,494.78,EUR,mobile,ext-008493
customer-0095,2026-05-12T06:58:00.000Z,495.79,GBP,email,
customer-0096,2026-05-12T07:05:00.000Z,496.80,UAH,pos,
customer-0097,2026-05-12T07:12:00.000Z,497.81,USD,web,ext-008496
customer-0098,2026-05-12T07:19:00.000Z,498.82,EUR,mobile,
customer-0099,2026-05-12T07:26:00.000Z,499.83,GBP,email,
customer-0100,2026-05-12T07:33:00.000Z,500.84,UAH,pos,ext-008499
customer-0101,2026-05-12T07:40:00.000Z,1.85,USD,web,
customer-0102,2026-05-12T07:47:00.000Z,2.86,EUR,mobile,
customer-0103,2026-05-12T07:54:00.000Z,3.87,GBP,email,ext-008502
customer-0104,2026-05-12T08:01:00.000Z,4.88,UAH,pos,
customer-0105,2026-05-12T08:08:00.000Z,5.89,USD,web,
customer-0106,2026-05-12T08:15:00.000Z,6.90,EUR,mobile,ext-008505
customer-0107,2026-05-12T08:22:00.000Z,7.91,GBP,email,
customer-0108,2026-05-12T08:29:00.000Z,8.92,UAH,pos,
customer-0109,2026-05-12T08:36:00.000Z,9.93,USD,web,ext-008508
customer-0110,2026-05-12T08:43:00.000Z,10.94,EUR,mobile,
customer-0111,2026-05-12T08:50:00.000Z,11.95,GBP,email,
customer-0112,2026-05-12T08:57:00.000Z,12.96,UAH,pos,ext-008511
customer-0113,2026-05-12T09:04:00.000Z,13.97,USD,web,
customer-0114,2026-05-12T09:11:00.000Z,14.98,EUR,mobile,
customer-0115,2026-05-12T09:18:00.000Z,15.00,GBP,email,ext-008514
customer-0116,2026-05-12T09:25:00.000Z,16.01,UAH,pos,
customer-0117,2026-05-12T09:32:00.000Z,17.02,USD,web,
customer-0118,2026-05-12T09:39:00.000Z,18.03,EUR,mobile,ext-008517
customer-0119,2026-05-12T09:46:00.000Z,19.04,GBP,email,
customer-0120,2026-05-12T09:53:00.000Z,20.05,UAH,pos,
customer-0121,2026-05-12T10:00:00.000Z,21.06,USD,web,ext-008520
customer-0122,2026-05-12T10:07:00.000Z,22.07,EUR,mobile,
customer-0123,2026-05-12T10:14:00.000Z,23.08,GBP,email,
customer-0124,2026-05-12T10:21:00.000Z,24.09,UAH,pos,ext-008523
customer-0125,2026-05-12T10:28:00.000Z,25.10,USD,web,
customer-0126,2026-05-12T10:35:00.000Z,26.11,EUR,mobile,
customer-0127,2026-05-12T10:42:00.000Z,27.12,GBP,email,ext-008526
customer-0128,2026-05-12T10:49:00.000Z,28.13,UAH,pos,
customer-0129,2026-05-12T10:56:00.000Z,29.14,USD,web,
customer-0130,2026-05-12T11:03:00.000Z,30.15,EUR,mobile,ext-008529
customer-0131,2026-05-12T11:10:00.000Z,31.16,GBP,email,
customer-0132,2026-05-12T11:17:00.000Z,32.17,UAH,pos,
customer-0133,2026-05-12T11:24:00.000Z,33.18,USD,web,ext-008532
customer-0134,2026-05-12T11:31:00.000Z,34.19,EUR,mobile,
customer-0135,2026-05-12T11:38:00.000Z,35.20,GBP,email,
customer-0136,2026-05-12T11:45:00.000Z,36.21,UAH,pos,ext-008535
customer-0137,2026-05-12T11:52:00.000Z,37.22,USD,web,
customer-0138,2026-05-12T11:59:00.000Z,38.23,EUR,mobile,
customer-0139,2026-05-12T12:06:00.000Z,39.24,GBP,email,ext-008538
customer-0140,2026-05-12T12:13:00.000Z,40.25,UAH,pos,
customer-0141,2026-05-12T12:20:00.000Z,41.26,USD,web,
customer-0142,2026-05-12T12:27:00.000Z,42.27,EUR,mobile,ext-008541
customer-0143,2026-05-12T12:34:00.000Z,43.28,GBP,email,
customer-0144,2026-05-12T12:41:00.000Z,44.29,UAH,pos,
customer-0145,2026-05-12T12:48:00.000Z,45.30,USD,web,ext-008544
customer-0146,2026-05-12T12:55:00.000Z,46.31,EUR,mobile,
customer-0147,2026-05-12T13:02:00.000Z,47.32,GBP,email,
customer-0148,2026-05-12T13:09:00.000Z,48.33,UAH,pos,ext-008547
customer-0149,2026-05-12T13:16:00.000Z,49.34,USD,web,
customer-0150,2026-05-12T13:23:00.000Z,50.35,EUR,mobile,
customer-0151,2026-05-12T13:30:00.000Z,51.36,GBP,email,ext-008550
customer-0152,2026-05-12T13:37:00.000Z,52.37,UAH,pos,
customer-0153,2026-05-12T13:44:00.000Z,53.38,USD,web,
customer-0154,2026-05-12T13:51:00.000Z,54.39,EUR,mobile,ext-008553
customer-0155,2026-05-12T13:58:00.000Z,55.40,GBP,email,
customer-0156,2026-05-12T14:05:00.000Z,56.41,UAH,pos,
customer-0157,2026-05-12T14:12:00.000Z,57.42,USD,web,ext-008556
customer-0158,2026-05-12T14:19:00.000Z,58.43,EUR,mobile,
customer-0159,2026-05-12T14:26:00.000Z,59.44,GBP,email,
customer-0160,2026-05-12T14:33:00.000Z,60.45,UAH,pos,ext-008559
customer-0161,2026-05-12T14:40:00.000Z,61.46,USD,web,
customer-0162,2026-05-12T14:47:00.000Z,62.47,EUR,mobile,
customer-0163,2026-05-12T14:54:00.000Z,63.48,GBP,email,ext-008562
customer-0164,2026-05-12T15:01:00.000Z,64.49,UAH,pos,
customer-0165,2026-05-12T15:08:00.000Z,65.50,USD,web,
customer-0166,2026-05-12T15:15:00.000Z,66.51,EUR,mobile,ext-008565
customer-0167,2026-05-12T15:22:00.000Z,67.52,GBP,email,
customer-0168,2026-05-12T15:29:00.000Z,68.53,UAH,pos,
customer-0169,2026-05-12T15:36:00.000Z,69.54,USD,web,ext-008568
customer-0170,2026-05-12T15:43:00.000Z,70.55,EUR,mobile,
customer-0171,2026-05-12T15:50:00.000Z,71.56,GBP,email,
customer-0172,2026-05-12T15:57:00.000Z,72.57,UAH,pos,ext-008571
customer-0173,2026-05-12T16:04:00.000Z,73.58,USD,web,
customer-0174,2026-05-12T16:11:00.000Z,74.59,EUR,mobile,
customer-0175,2026-05-12T16:18:00.000Z,75.60,GBP,email,ext-008574
customer-0176,2026-05-12T16:25:00.000Z,76.61,UAH,pos,
customer-0177,2026-05-12T16:32:00.000Z,77.62,USD,web,
customer-0178,2026-05-12T16:39:00.000Z,78.63,EUR,mobile,ext-008577
customer-0179,2026-05-12T16:46:00.000Z,79.64,GBP,email,
customer-0180,2026-05-12T16:53:00.000Z,80.65,UAH,pos,
customer-0181,2026-05-12T17:00:00.000Z,81.66,USD,web,ext-008580
customer-0182,2026-05-12T17:07:00.000Z,82.67,EUR,mobile,
customer-0183,2026-05-12T17:14:00.000Z,83.68,GBP,email,
customer-0184,2026-05-12T17:21:00.000Z,84.69,UAH,pos,ext-008583
customer-0185,2026-05-12T17:28:00.000Z,85.70,USD,web,
customer-0186,2026-05-12T17:35:00.000Z,86.71,EUR,mobile,
customer-0187,2026-05-12T17:42:00.000Z,87.72,GBP,email,ext-008586
customer-0188,2026-05-12T17:49:00.000Z,88.73,UAH,pos,
customer-0189,2026-05-12T17:56:00.000Z,89.74,USD,web,
customer-0190,2026-05-12T18:03:00.000Z,90.75,EUR,mobile,ext-008589
customer-0191,2026-05-12T18:10:00.000Z,91.76,GBP,email,
customer-0192,2026-05-12T18:17:00.000Z,92.77,UAH,pos,
customer-0193,2026-05-12T18:24:00.000Z,93.78,USD,web,ext-008592
customer-0194,2026-05-12T18:31:00.000Z,94.79,EUR,mobile,
customer-0195,2026-05-12T18:38:00.000Z,95.80,GBP,email,
customer-0196,2026-05-12T18:45:00.000Z,96.81,UAH,pos,ext-008595
customer-0197,2026-05-12T18:52:00.000Z,97.82,USD,web,
customer-0198,2026-05-12T18:59:00.000Z,98.83,EUR,mobile,
customer-0199,2026-05-12T19:06:00.000Z,99.84,GBP,email,ext-008598
customer-0200,2026-05-12T19:13:00.000Z,100.85,UAH,pos,
customer-0201,2026-05-12T19:20:00.000Z,101.86,USD,web,
customer-0202,2026-05-12T19:27:00.000Z,102.87,EUR,mobile,ext-008601
customer-0203,2026-05-12T19:34:00.000Z,103.88,GBP,email,
customer-0204,2026-05-12T19:41:00.000Z,104.89,UAH,pos,
customer-0205,2026-05-12T19:48:00.000Z,105.90,USD,web,ext-008604
customer-0206,2026-05-12T19:55:00.000Z,106.91,EUR,mobile,
customer-0207,2026-05-12T20:02:00.000Z,107.92,GBP,email,
customer-0208,2026-05-12T20:09:00.000Z,108.93,UAH,pos,ext-008607
customer-0209,2026-05-12T20:16:00.000Z,109.94,USD,web,
customer-0210,2026-05-12T20:23:00.000Z,110.95,EUR,mobile,
customer-0211,2026-05-12T20:30:00.000Z,111.96,GBP,email,ext-008610
customer-0212,2026-05-12T20:37:00.000Z,112.97,UAH,pos,
customer-0213,2026-05-12T20:44:00.000Z,113.98,USD,web,
customer-0214,2026-05-12T20:51:00.000Z,114.00,EUR,mobile,ext-008613
customer-0215,2026-05-12T20:58:00.000Z,115.01,GBP,email,
customer-0216,2026-05-12T21:05:00.000Z,116.02,UAH,pos,
customer-0217,2026-05-12T21:12:00.000Z,117.03,USD,web,ext-008616
customer-0218,2026-05-12T21:19:00.000Z,118.04,EUR,mobile,
customer-0219,2026-05-12T21:26:00.000Z,119.05,GBP,email,
customer-0220,2026-05-12T21:33:00.000Z,120.06,UAH,pos,ext-008619
customer-0221,2026-05-12T21:40:00.000Z,121.07,USD,web,
customer-0222,2026-05-12T21:47:00.000Z,122.08,EUR,mobile,
customer-0223,2026-05-12T21:54:00.000Z,123.09,GBP,email,ext-008622
customer-0224,2026-05-12T22:01:00.000Z,124.10,UAH,pos,
customer-0225,2026-05-12T22:08:00.000Z,125.11,USD,web,
customer-0226,2026-05-12T22:15:00.000Z,126.12,EUR,mobile,ext-008625
customer-0227,2026-05-12T22:22:00.000Z,127.13,GBP,email,
customer-0228,2026-05-12T22:29:00.000Z,128.14,UAH,pos,
customer-0229,2026-05-12T22:36:00.000Z,129.15,USD,web,ext-008628
customer-0230,2026-05-12T22:43:00.000Z,130.16,EUR,mobile,
customer-0231,2026-05-12T22:50:00.000Z,131.17,GBP,email,
customer-0232,2026-05-12T22:57:00.000Z,132.18,UAH,pos,ext-008631
customer-0233,2026-05-12T23:04:00.000Z,133.19,USD,web,
customer-0234,2026-05-12T23:11:00.000Z,134.20,EUR,mobile,
customer-0235,2026-05-12T23:18:00.000Z,135.21,GBP,email,ext-008634
customer-0236,2026-05-12T23:25:00.000Z,136.22,UAH,pos,
customer-0237,2026-05-12T23:32:00.000Z,137.23,USD,web,
customer-0238,2026-05-12T23:39:00.000Z,138.24,EUR,mobile,ext-008637
customer-0239,2026-05-12T23:46:00.000Z,139.25,GBP,email,
customer-0240,2026-05-12T23:53:00.000Z,140.26,UAH,pos,
customer-0241,2026-05-13T00:00:00.000Z,141.27,USD,web,ext-008640
customer-0242,2026-05-13T00:07:00.000Z,142.28,EUR,mobile,
customer-0243,2026-05-13T00:14:00.000Z,143.29,GBP,email,
customer-0244,2026-05-13T00:21:00.000Z,144.30,UAH,pos,ext-008643
customer-0245,2026-05-13T00:28:00.000Z,145.31,USD,web,
customer-0246,2026-05-13T00:35:00.000Z,146.32,EUR,mobile,
customer-0247,2026-05-13T00:42:00.000Z,147.33,GBP,email,ext-008646
customer-0248,2026-05-13T00:49:00.000Z,148.34,UAH,pos,
customer-0249,2026-05-13T00:56:00.000Z,149.35,USD,web,
customer-0250,2026-05-13T01:03:00.000Z,150.36,EUR,mobile,ext-008649
customer-0251,2026-05-13T01:10:00.000Z,151.37,GBP,email,
customer-0252,2026-05-13T01:17:00.000Z,152.38,UAH,pos,
customer-0253,2026-05-13T01:24:00.000Z,153.39,USD,web,ext-008652
customer-0254,2026-05-13T01:31:00.000Z,154.40,EUR,mobile,
customer-0255,2026-05-13T01:38:00.000Z,155.41,GBP,email,
customer-0256,2026-05-13T01:45:00.000Z,156.42,UAH,pos,ext-008655
customer-0257,2026-05-13T01:52:00.000Z,157.43,USD,web,
customer-0258,2026-05-13T01:59:00.000Z,158.44,EUR,mobile,
customer-0259,2026-05-13T02:06:00.000Z,159.45,GBP,email,ext-008658
customer-0260,2026-05-13T02:13:00.000Z,160.46,UAH,pos,
customer-0261,2026-05-13T02:20:00.000Z,161.47,USD,web,
customer-0262,2026-05-13T02:27:00.000Z,162.48,EUR,mobile,ext-008661
customer-0263,2026-05-13T02:34:00.000Z,163.49,GBP,email,
customer-0264,2026-05-13T02:41:00.000Z,164.50,UAH,pos,
customer-0265,2026-05-13T02:48:00.000Z,165.51,USD,web,ext-008664
customer-0266,2026-05-13T02:55:00.000Z,166.52,EUR,mobile,
customer-0267,2026-05-13T03:02:00.000Z,167.53,GBP,email,
customer-0268,2026-05-13T03:09:00.000Z,168.54,UAH,pos,ext-008667
customer-0269,2026-05-13T03:16:00.000Z,169.55,USD,web,
customer-0270,2026-05-13T03:23:00.000Z,170.56,EUR,mobile,
customer-0271,2026-05-13T03:30:00.000Z,171.57,GBP,email,ext-008670
customer-0272,2026-05-13T03:37:00.000Z,172.58,UAH,pos,
customer-0273,2026-05-13T03:44:00.000Z,173.59,USD,web,
customer-0274,2026-05-13T03:51:00.000Z,174.60,EUR,mobile,ext-008673
customer-0275,2026-05-13T03:58:00.000Z,175.61,GBP,email,
customer-0276,2026-05-13T04:05:00.000Z,176.62,UAH,pos,
customer-0277,2026-05-13T04:12:00.000Z,177.63,USD,web,ext-008676
customer-0278,2026-05-13T04:19:00.000Z,178.64,EUR,mobile,
customer-0279,2026-05-13T04:26:00.000Z,179.65,GBP,email,
customer-0280,2026-05-13T04:33:00.000Z,180.66,UAH,pos,ext-008679
customer-0281,2026-05-13T04:40:00.000Z,181.67,USD,web,
customer-0282,2026-05-13T04:47:00.000Z,182.68,EUR,mobile,
customer-0283,2026-05-13T04:54:00.000Z,183.69,GBP,email,ext-008682
customer-0284,2026-05-13T05:01:00.000Z,184.70,UAH,pos,
customer-0285,2026-05-13T05:08:00.000Z,185.71,USD,web,
customer-0286,2026-05-13T05:15:00.000Z,186.72,EUR,mobile,ext-008685
customer-0287,2026-05-13T05:22:00.000Z,187.73,GBP,email,
customer-0288,2026-05-13T05:29:00.000Z,188.74,UAH,pos,
customer-0289,2026-05-13T05:36:00.000Z,189.75,USD,web,ext-008688
customer-0290,2026-05-13T05:43:00.000Z,190.76,EUR,mobile,
customer-0291,2026-05-13T05:50:00.000Z,191.77,GBP,email,
customer-0292,2026-05-13T05:57:00.000Z,192.78,UAH,pos,ext-008691
customer-0293,2026-05-13T06:04:00.000Z,193.79,USD,web,
customer-0294,2026-05-13T06:11:00.000Z,194.80,EUR,mobile,
customer-0295,2026-05-13T06:18:00.000Z,195.81,GBP,email,ext-008694
customer-0296,2026-05-13T06:25:00.000Z,196.82,UAH,pos,
customer-0297,2026-05-13T06:32:00.000Z,197.83,USD,web,
customer-0298,2026-05-13T06:39:00.000Z,198.84,EUR,mobile,ext-008697
customer-0299,2026-05-13T06:46:00.000Z,199.85,GBP,email,
customer-0300,2026-05-13T06:53:00.000Z,200.86,UAH,pos,
customer-0301,2026-05-13T07:00:00.000Z,201.87,USD,web,ext-008700
customer-0302,2026-05-13T07:07:00.000Z,202.88,EUR,mobile,
customer-0303,2026-05-13T07:14:00.000Z,203.89,GBP,email,
customer-0304,2026-05-13T07:21:00.000Z,204.90,UAH,pos,ext-008703
customer-0305,2026-05-13T07:28:00.000Z,205.91,USD,web,
customer-0306,2026-05-13T07:35:00.000Z,206.92,EUR,mobile,
customer-0307,2026-05-13T07:42:00.000Z,207.93,GBP,email,ext-008706
customer-0308,2026-05-13T07:49:00.000Z,208.94,UAH,pos,
customer-0309,2026-05-13T07:56:00.000Z,209.95,USD,web,
customer-0310,2026-05-13T08:03:00.000Z,210.96,EUR,mobile,ext-008709
customer-0311,2026-05-13T08:10:00.000Z,211.97,GBP,email,
customer-0312,2026-05-13T08:17:00.000Z,212.98,UAH,pos,
customer-0313,2026-05-13T08:24:00.000Z,213.00,USD,web,ext-008712
customer-0314,2026-05-13T08:31:00.000Z,214.01,EUR,mobile,
customer-0315,2026-05-13T08:38:00.000Z,215.02,GBP,email,
customer-0316,2026-05-13T08:45:00.000Z,216.03,UAH,pos,ext-008715
customer-0317,2026-05-13T08:52:00.000Z,217.04,USD,web,
customer-0318,2026-05-13T08:59:00.000Z,218.05,EUR,mobile,
customer-0319,2026-05-13T09:06:00.000Z,219.06,GBP,email,ext-008718
customer-0320,2026-05-13T09:13:00.000Z,220.07,UAH,pos,
customer-0321,2026-05-13T09:20:00.000Z,221.08,USD,web,
customer-0322,2026-05-13T09:27:00.000Z,222.09,EUR,mobile,ext-008721
customer-0323,2026-05-13T09:34:00.000Z,223.10,GBP,email,
customer-0324,2026-05-13T09:41:00.000Z,224.11,UAH,pos,
customer-0325,2026-05-13T09:48:00.000Z,225.12,USD,web,ext-008724
customer-0326,2026-05-13T09:55:00.000Z,226.13,EUR,mobile,
customer-0327,2026-05-13T10:02:00.000Z,227.14,GBP,email,
customer-0328,2026-05-13T10:09:00.000Z,228.15,UAH,pos,ext-008727
customer-0329,2026-05-13T10:16:00.000Z,229.16,USD,web,
customer-0330,2026-05-13T10:23:00.000Z,230.17,EUR,mobile,
customer-0331,2026-05-13T10:30:00.000Z,231.18,GBP,email,ext-008730
customer-0332,2026-05-13T10:37:00.000Z,232.19,UAH,pos,
customer-0333,2026-05-13T10:44:00.000Z,233.20,USD,web,
customer-0334,2026-05-13T10:51:00.000Z,234.21,EUR,mobile,ext-008733
customer-0335,2026-05-13T10:58:00.000Z,235.22,GBP,email,
customer-0336,2026-05-13T11:05:00.000Z,236.23,UAH,pos,
customer-0337,2026-05-13T11:12:00.000Z,237.24,USD,web,ext-008736
customer-0338,2026-05-13T11:19:00.000Z,238.25,EUR,mobile,
customer-0339,2026-05-13T11:26:00.000Z,239.26,GBP,email,
customer-0340,2026-05-13T11:33:00.000Z,240.27,UAH,pos,ext-008739
customer-0341,2026-05-13T11:40:00.000Z,241.28,USD,web,
customer-0342,2026-05-13T11:47:00.000Z,242.29,EUR,mobile,
customer-0343,2026-05-13T11:54:00.000Z,243.30,GBP,email,ext-008742
customer-0344,2026-05-13T12:01:00.000Z,244.31,UAH,pos,
customer-0345,2026-05-13T12:08:00.000Z,245.32,USD,web,
customer-0346,2026-05-13T12:15:00.000Z,246.33,EUR,mobile,ext-008745
customer-0347,2026-05-13T12:22:00.000Z,247.34,GBP,email,
customer-0348,2026-05-13T12:29:00.000Z,248.35,UAH,pos,
customer-0349,2026-05-13T12:36:00.000Z,249.36,USD,web,ext-008748
customer-0350,2026-05-13T12:43:00.000Z,250.37,EUR,mobile,
customer-0351,2026-05-13T12:50:00.000Z,251.38,GBP,email,
customer-0352,2026-05-13T12:57:00.000Z,252.39,UAH,pos,ext-008751
customer-0353,2026-05-13T13:04:00.000Z,253.40,USD,web,
customer-0354,2026-05-13T13:11:00.000Z,254.41,EUR,mobile,
customer-0355,2026-05-13T13:18:00.000Z,255.42,GBP,email,ext-008754
customer-0356,2026-05-13T13:25:00.000Z,256.43,UAH,pos,
customer-0357,2026-05-13T13:32:00.000Z,257.44,USD,web,
customer-0358,2026-05-13T13:39:00.000Z,258.45,EUR,mobile,ext-008757
customer-0359,2026-05-13T13:46:00.000Z,259.46,GBP,email,
customer-0360,2026-05-13T13:53:00.000Z,260.47,UAH,pos,
customer-0361,2026-05-13T14:00:00.000Z,261.48,USD,web,ext-008760
customer-0362,2026-05-13T14:07:00.000Z,262.49,EUR,mobile,
customer-0363,2026-05-13T14:14:00.000Z,263.50,GBP,email,
customer-0364,2026-05-13T14:21:00.000Z,264.51,UAH,pos,ext-008763
customer-0365,2026-05-13T14:28:00.000Z,265.52,USD,web,
customer-0366,2026-05-13T14:35:00.000Z,266.53,EUR,mobile,
customer-0367,2026-05-13T14:42:00.000Z,267.54,GBP,email,ext-008766
customer-0368,2026-05-13T14:49:00.000Z,268.55,UAH,pos,
customer-0369,2026-05-13T14:56:00.000Z,269.56,USD,web,
customer-0370,2026-05-13T15:03:00.000Z,270.57,EUR,mobile,ext-008769
customer-0371,2026-05-13T15:10:00.000Z,271.58,GBP,email,
customer-0372,2026-05-13T15:17:00.000Z,272.59,UAH,pos,
customer-0373,2026-05-13T15:24:00.000Z,273.60,USD,web,ext-008772
customer-0374,2026-05-13T15:31:00.000Z,274.61,EUR,mobile,
customer-0375,2026-05-13T15:38:00.000Z,275.62,GBP,email,
customer-0376,2026-05-13T15:45:00.000Z,276.63,UAH,pos,ext-008775
customer-0377,2026-05-13T15:52:00.000Z,277.64,USD,web,
customer-0378,2026-05-13T15:59:00.000Z,278.65,EUR,mobile,
customer-0379,2026-05-13T16:06:00.000Z,279.66,GBP,email,ext-008778
customer-0380,2026-05-13T16:13:00.000Z,280.67,UAH,pos,
customer-0381,2026-05-13T16:20:00.000Z,281.68,USD,web,
customer-0382,2026-05-13T16:27:00.000Z,282.69,EUR,mobile,ext-008781
customer-0383,2026-05-13T16:34:00.000Z,283.70,GBP,email,
customer-0384,2026-05-13T16:41:00.000Z,284.71,UAH,pos,
customer-0385,2026-05-13T16:48:00.000Z,285.72,USD,web,ext-008784
customer-0386,2026-05-13T16:55:00.000Z,286.73,EUR,mobile,
customer-0387,2026-05-13T17:02:00.000Z,287.74,GBP,email,
customer-0388,2026-05-13T17:09:00.000Z,288.75,UAH,pos,ext-008787
customer-0389,2026-05-13T17:16:00.000Z,289.76,USD,web,
customer-0390,2026-05-13T17:23:00.000Z,290.77,EUR,mobile,
customer-0391,2026-05-13T17:30:00.000Z,291.78,GBP,email,ext-008790
customer-0392,2026-05-13T17:37:00.000Z,292.79,UAH,pos,
customer-0393,2026-05-13T17:44:00.000Z,293.80,USD,web,
customer-0394,2026-05-13T17:51:00.000Z,294.81,EUR,mobile,ext-008793
customer-0395,2026-05-13T17:58:00.000Z,295.82,GBP,email,
customer-0396,2026-05-13T18:05:00.000Z,296.83,UAH,pos,
customer-0397,2026-05-13T18:12:00.000Z,297.84,USD,web,ext-008796
customer-0398,2026-05-13T18:19:00.000Z,298.85,EUR,mobile,
customer-0399,2026-05-13T18:26:00.000Z,299.86,GBP,email,
customer-0400,2026-05-13T18:33:00.000Z,300.87,UAH,pos,ext-008799
customer-0401,2026-05-13T18:40:00.000Z,301.88,USD,web,
customer-0402,2026-05-13T18:47:00.000Z,302.89,EUR,mobile,
customer-0403,2026-05-13T18:54:00.000Z,303.90,GBP,email,ext-008802
customer-0404,2026-05-13T19:01:00.000Z,304.91,UAH,pos,
customer-0405,2026-05-13T19:08:00.000Z,305.92,USD,web,
customer-0406,2026-05-13T19:15:00.000Z,306.93,EUR,mobile,ext-008805
customer-0407,2026-05-13T19:22:00.000Z,307.94,GBP,email,
customer-0408,2026-05-13T19:29:00.000Z,308.95,UAH,pos,
customer-0409,2026-05-13T19:36:00.000Z,309.96,USD,web,ext-008808
customer-0410,2026-05-13T19:43:00.000Z,310.97,EUR,mobile,
customer-0411,2026-05-13T19:50:00.000Z,311.98,GBP,email,
customer-0412,2026-05-13T19:57:00.000Z,312.00,UAH,pos,ext-008811
customer-0413,2026-05-13T20:04:00.000Z,313.01,USD,web,
customer-0414,2026-05-13T20:11:00.000Z,314.02,EUR,mobile,
customer-0415,2026-05-13T20:18:00.000Z,315.03,GBP,email,ext-008814
customer-0416,2026-05-13T20:25:00.000Z,316.04,UAH,pos,
customer-0417,2026-05-13T20:32:00.000Z,317.05,USD,web,
customer-0418,2026-05-13T20:39:00.000Z,318.06,EUR,mobile,ext-008817
customer-0419,2026-05-13T20:46:00.000Z,319.07,GBP,email,
customer-0420,2026-05-13T20:53:00.000Z,320.08,UAH,pos,
customer-0421,2026-05-13T21:00:00.000Z,321.09,USD,web,ext-008820
customer-0422,2026-05-13T21:07:00.000Z,322.10,EUR,mobile,
customer-0423,2026-05-13T21:14:00.000Z,323.11,GBP,email,
customer-0424,2026-05-13T21:21:00.000Z,324.12,UAH,pos,ext-008823
customer-0425,2026-05-13T21:28:00.000Z,325.13,USD,web,
customer-0426,2026-05-13T21:35:00.000Z,326.14,EUR,mobile,
customer-0427,2026-05-13T21:42:00.000Z,327.15,GBP,email,ext-008826
customer-0428,2026-05-13T21:49:00.000Z,328.16,UAH,pos,
customer-0429,2026-05-13T21:56:00.000Z,329.17,USD,web,
customer-0430,2026-05-13T22:03:00.000Z,330.18,EUR,mobile,ext-008829
customer-0431,2026-05-13T22:10:00.000Z,331.19,GBP,email,
customer-0432,2026-05-13T22:17:00.000Z,332.20,UAH,pos,
customer-0433,2026-05-13T22:24:00.000Z,333.21,USD,web,ext-008832
customer-0434,2026-05-13T22:31:00.000Z,334.22,EUR,mobile,
customer-0435,2026-05-13T22:38:00.000Z,335.23,GBP,email,
customer-0436,2026-05-13T22:45:00.000Z,336.24,UAH,pos,ext-008835
customer-0437,2026-05-13T22:52:00.000Z,337.25,USD,web,
customer-0438,2026-05-13T22:59:00.000Z,338.26,EUR,mobile,
customer-0439,2026-05-13T23:06:00.000Z,339.27,GBP,email,ext-008838
customer-0440,2026-05-13T23:13:00.000Z,340.28,UAH,pos,
customer-0441,2026-05-13T23:20:00.000Z,341.29,USD,web,
customer-0442,2026-05-13T23:27:00.000Z,342.30,EUR,mobile,ext-008841
customer-0443,2026-05-13T23:34:00.000Z,343.31,GBP,email,
customer-0444,2026-05-13T23:41:00.000Z,344.32,UAH,pos,
customer-0445,2026-05-13T23:48:00.000Z,345.33,USD,web,ext-008844
customer-0446,2026-05-13T23:55:00.000Z,346.34,EUR,mobile,
customer-0447,2026-05-14T00:02:00.000Z,347.35,GBP,email,
customer-0448,2026-05-14T00:09:00.000Z,348.36,UAH,pos,ext-008847
customer-0449,2026-05-14T00:16:00.000Z,349.37,USD,web,
customer-0450,2026-05-14T00:23:00.000Z,350.38,EUR,mobile,
customer-0451,2026-05-14T00:30:00.000Z,351.39,GBP,email,ext-008850
customer-0452,2026-05-14T00:37:00.000Z,352.40,UAH,pos,
customer-0453,2026-05-14T00:44:00.000Z,353.41,USD,web,
customer-0454,2026-05-14T00:51:00.000Z,354.42,EUR,mobile,ext-008853
customer-0455,2026-05-14T00:58:00.000Z,355.43,GBP,email,
customer-0456,2026-05-14T01:05:00.000Z,356.44,UAH,pos,
customer-0457,2026-05-14T01:12:00.000Z,357.45,USD,web,ext-008856
customer-0458,2026-05-14T01:19:00.000Z,358.46,EUR,mobile,
customer-0459,2026-05-14T01:26:00.000Z,359.47,GBP,email,
customer-0460,2026-05-14T01:33:00.000Z,360.48,UAH,pos,ext-008859
customer-0461,2026-05-14T01:40:00.000Z,361.49,USD,web,
customer-0462,2026-05-14T01:47:00.000Z,362.50,EUR,mobile,
customer-0463,2026-05-14T01:54:00.000Z,363.51,GBP,email,ext-008862
customer-0464,2026-05-14T02:01:00.000Z,364.52,UAH,pos,
customer-0465,2026-05-14T02:08:00.000Z,365.53,USD,web,
customer-0466,2026-05-14T02:15:00.000Z,366.54,EUR,mobile,ext-008865
customer-0467,2026-05-14T02:22:00.000Z,367.55,GBP,email,
customer-0468,2026-05-14T02:29:00.000Z,368.56,UAH,pos,
customer-0469,2026-05-14T02:36:00.000Z,369.57,USD,web,ext-008868
customer-0470,2026-05-14T02:43:00.000Z,370.58,EUR,mobile,
customer-0471,2026-05-14T02:50:00.000Z,371.59,GBP,email,
customer-0472,2026-05-14T02:57:00.000Z,372.60,UAH,pos,ext-008871
customer-0473,2026-05-14T03:04:00.000Z,373.61,USD,web,
customer-0474,2026-05-14T03:11:00.000Z,374.62,EUR,mobile,
customer-0475,2026-05-14T03:18:00.000Z,375.63,GBP,email,ext-008874
customer-0476,2026-05-14T03:25:00.000Z,376.64,UAH,pos,
customer-0477,2026-05-14T03:32:00.000Z,377.65,USD,web,
customer-0478,2026-05-14T03:39:00.000Z,378.66,EUR,mobile,ext-008877
customer-0479,2026-05-14T03:46:00.000Z,379.67,GBP,email,
customer-0480,2026-05-14T03:53:00.000Z,380.68,UAH,pos,
customer-0481,2026-05-14T04:00:00.000Z,381.69,USD,web,ext-008880
customer-0482,2026-05-14T04:07:00.000Z,382.70,EUR,mobile,
customer-0483,2026-05-14T04:14:00.000Z,383.71,GBP,email,
customer-0484,2026-05-14T04:21:00.000Z,384.72,UAH,pos,ext-008883
customer-0485,2026-05-14T04:28:00.000Z,385.73,USD,web,
customer-0486,2026-05-14T04:35:00.000Z,386.74,EUR,mobile,
customer-0487,2026-05-14T04:42:00.000Z,387.75,GBP,email,ext-008886
customer-0488,2026-05-14T04:49:00.000Z,388.76,UAH,pos,
customer-0489,2026-05-14T04:56:00.000Z,389.77,USD,web,
customer-0490,2026-05-14T05:03:00.000Z,390.78,EUR,mobile,ext-008889
customer-0491,2026-05-14T05:10:00.000Z,391.79,GBP,email,
customer-0492,2026-05-14T05:17:00.000Z,392.80,UAH,pos,
customer-0493,2026-05-14T05:24:00.000Z,393.81,USD,web,ext-008892
customer-0494,2026-05-14T05:31:00.000Z,394.82,EUR,mobile,
customer-0495,2026-05-14T05:38:00.000Z,395.83,GBP,email,
customer-0496,2026-05-14T05:45:00.000Z,396.84,UAH,pos,ext-008895
customer-0497,2026-05-14T05:52:00.000Z,397.85,USD,web,
customer-0498,2026-05-14T05:59:00.000Z,398.86,EUR,mobile,
customer-0499,2026-05-14T06:06:00.000Z,399.87,GBP,email,ext-008898
customer-0500,2026-05-14T06:13:00.000Z,400.88,UAH,pos,
customer-0501,2026-05-14T06:20:00.000Z,401.89,USD,web,
customer-0502,2026-05-14T06:27:00.000Z,402.90,EUR,mobile,ext-008901
customer-0503,2026-05-14T06:34:00.000Z,403.91,GBP,email,
customer-0504,2026-05-14T06:41:00.000Z,404.92,UAH,pos,
customer-0505,2026-05-14T06:48:00.000Z,405.93,USD,web,ext-008904
customer-0506,2026-05-14T06:55:00.000Z,406.94,EUR,mobile,
customer-0507,2026-05-14T07:02:00.000Z,407.95,GBP,email,
customer-0508,2026-05-14T07:09:00.000Z,408.96,UAH,pos,ext-008907
customer-0509,2026-05-14T07:16:00.000Z,409.97,USD,web,
customer-0510,2026-05-14T07:23:00.000Z,410.98,EUR,mobile,
customer-0511,2026-05-14T07:30:00.000Z,411.00,GBP,email,ext-008910
customer-0512,2026-05-14T07:37:00.000Z,412.01,UAH,pos,
customer-0513,2026-05-14T07:44:00.000Z,413.02,USD,web,
customer-0514,2026-05-14T07:51:00.000Z,414.03,EUR,mobile,ext-008913
customer-0515,2026-05-14T07:58:00.000Z,415.04,GBP,email,
customer-0516,2026-05-14T08:05:00.000Z,416.05,UAH,pos,
customer-0517,2026-05-14T08:12:00.000Z,417.06,USD,web,ext-008916
customer-0518,2026-05-14T08:19:00.000Z,418.07,EUR,mobile,
customer-0519,2026-05-14T08:26:00.000Z,419.08,GBP,email,
customer-0520,2026-05-14T08:33:00.000Z,420.09,UAH,pos,ext-008919
customer-0521,2026-05-14T08:40:00.000Z,421.10,USD,web,
customer-0522,2026-05-14T08:47:00.000Z,422.11,EUR,mobile,
customer-0523,2026-05-14T08:54:00.000Z,423.12,GBP,email,ext-008922
customer-0524,2026-05-14T09:01:00.000Z,424.13,UAH,pos,
customer-0525,2026-05-14T09:08:00.000Z,425.14,USD,web,
customer-0526,2026-05-14T09:15:00.000Z,426.15,EUR,mobile,ext-008925
customer-0527,2026-05-14T09:22:00.000Z,427.16,GBP,email,
customer-0528,2026-05-14T09:29:00.000Z,428.17,UAH,pos,
customer-0529,2026-05-14T09:36:00.000Z,429.18,USD,web,ext-008928
customer-0530,2026-05-14T09:43:00.000Z,430.19,EUR,mobile,
customer-0531,2026-05-14T09:50:00.000Z,431.20,GBP,email,
customer-0532,2026-05-14T09:57:00.000Z,432.21,UAH,pos,ext-008931
customer-0533,2026-05-14T10:04:00.000Z,433.22,USD,web,
customer-0534,2026-05-14T10:11:00.000Z,434.23,EUR,mobile,
customer-0535,2026-05-14T10:18:00.000Z,435.24,GBP,email,ext-008934
customer-0536,2026-05-14T10:25:00.000Z,436.25,UAH,pos,
customer-0537,2026-05-14T10:32:00.000Z,437.26,USD,web,
customer-0538,2026-05-14T10:39:00.000Z,438.27,EUR,mobile,ext-008937
customer-0539,2026-05-14T10:46:00.000Z,439.28,GBP,email,
customer-0540,2026-05-14T10:53:00.000Z,440.29,UAH,pos,
customer-0541,2026-05-14T11:00:00.000Z,441.30,USD,web,ext-008940
customer-0542,2026-05-14T11:07:00.000Z,442.31,EUR,mobile,
customer-0543,2026-05-14T11:14:00.000Z,443.32,GBP,email,
customer-0544,2026-05-14T11:21:00.000Z,444.33,UAH,pos,ext-008943
customer-0545,2026-05-14T11:28:00.000Z,445.34,USD,web,
customer-0546,2026-05-14T11:35:00.000Z,446.35,EUR,mobile,
customer-0547,2026-05-14T11:42:00.000Z,447.36,GBP,email,ext-008946
customer-0548,2026-05-14T11:49:00.000Z,448.37,UAH,pos,
customer-0549,2026-05-14T11:56:00.000Z,449.38,USD,web,
customer-0550,2026-05-14T12:03:00.000Z,450.39,EUR,mobile,ext-008949
customer-0551,2026-05-14T12:10:00.000Z,451.40,GBP,email,
customer-0552,2026-05-14T12:17:00.000Z,452.41,UAH,pos,
customer-0553,2026-05-14T12:24:00.000Z,453.42,USD,web,ext-008952
customer-0554,2026-05-14T12:31:00.000Z,454.43,EUR,mobile,
customer-0555,2026-05-14T12:38:00.000Z,455.44,GBP,email,
customer-0556,2026-05-14T12:45:00.000Z,456.45,UAH,pos,ext-008955
customer-0557,2026-05-14T12:52:00.000Z,457.46,USD,web,
customer-0558,2026-05-14T12:59:00.000Z,458.47,EUR,mobile,
customer-0559,2026-05-14T13:06:00.000Z,459.48,GBP,email,ext-008958
customer-0560,2026-05-14T13:13:00.000Z,460.49,UAH,pos,
customer-0561,2026-05-14T13:20:00.000Z,461.50,USD,web,
customer-0562,2026-05-14T13:27:00.000Z,462.51,EUR,mobile,ext-008961
customer-0563,2026-05-14T13:34:00.000Z,463.52,GBP,email,
customer-0564,2026-05-14T13:41:00.000Z,464.53,UAH,pos,
customer-0565,2026-05-14T13:48:00.000Z,465.54,USD,web,ext-008964
customer-0566,2026-05-14T13:55:00.000Z,466.55,EUR,mobile,
customer-0567,2026-05-14T14:02:00.000Z,467.56,GBP,email,
customer-0568,2026-05-14T14:09:00.000Z,468.57,UAH,pos,ext-008967
customer-0569,2026-05-14T14:16:00.000Z,469.58,USD,web,
customer-0570,2026-05-14T14:23:00.000Z,470.59,EUR,mobile,
customer-0571,2026-05-14T14:30:00.000Z,471.60,GBP,email,ext-008970
customer-0572,2026-05-14T14:37:00.000Z,472.61,UAH,pos,
customer-0573,2026-05-14T14:44:00.000Z,473.62,USD,web,
customer-0574,2026-05-14T14:51:00.000Z,474.63,EUR,mobile,ext-008973
customer-0575,2026-05-14T14:58:00.000Z,475.64,GBP,email,
customer-0576,2026-05-14T15:05:00.000Z,476.65,UAH,pos,
customer-0577,2026-05-14T15:12:00.000Z,477.66,USD,web,ext-008976
customer-0578,2026-05-14T15:19:00.000Z,478.67,EUR,mobile,
customer-0579,2026-05-14T15:26:00.000Z,479.68,GBP,email,
customer-0580,2026-05-14T15:33:00.000Z,480.69,UAH,pos,ext-008979
customer-0581,2026-05-14T15:40:00.000Z,481.70,USD,web,
customer-0582,2026-05-14T15:47:00.000Z,482.71,EUR,mobile,
customer-0583,2026-05-14T15:54:00.000Z,483.72,GBP,email,ext-008982
customer-0584,2026-05-14T16:01:00.000Z,484.73,UAH,pos,
customer-0585,2026-05-14T16:08:00.000Z,485.74,USD,web,
customer-0586,2026-05-14T16:15:00.000Z,486.75,EUR,mobile,ext-008985
customer-0587,2026-05-14T16:22:00.000Z,487.76,GBP,email,
customer-0588,2026-05-14T16:29:00.000Z,488.77,UAH,pos,
customer-0589,2026-05-14T16:36:00.000Z,489.78,USD,web,ext-008988
customer-0590,2026-05-14T16:43:00.000Z,490.79,EUR,mobile,
customer-0591,2026-05-14T16:50:00.000Z,491.80,GBP,email,
customer-0592,2026-05-14T16:57:00.000Z,492.81,UAH,pos,ext-008991
customer-0593,2026-05-14T17:04:00.000Z,493.82,USD,web,
customer-0594,2026-05-14T17:11:00.000Z,494.83,EUR,mobile,
customer-0595,2026-05-14T17:18:00.000Z,495.84,GBP,email,ext-008994
customer-0596,2026-05-14T17:25:00.000Z,496.85,UAH,pos,
customer-0597,2026-05-14T17:32:00.000Z,497.86,USD,web,
customer-0598,2026-05-14T17:39:00.000Z,498.87,EUR,mobile,ext-008997
customer-0599,2026-05-14T17:46:00.000Z,499.88,GBP,email,
customer-0600,2026-05-14T17:53:00.000Z,500.89,UAH,pos,
customer-0601,2026-05-14T18:00:00.000Z,1.90,USD,web,ext-009000
customer-0602,2026-05-14T18:07:00.000Z,2.91,EUR,mobile,
customer-0603,2026-05-14T18:14:00.000Z,3.92,GBP,email,
customer-0604,2026-05-14T18:21:00.000Z,4.93,UAH,pos,ext-009003
customer-0605,2026-05-14T18:28:00.000Z,5.94,USD,web,
customer-0606,2026-05-14T18:35:00.000Z,6.95,EUR,mobile,
customer-0607,2026-05-14T18:42:00.000Z,7.96,GBP,email,ext-009006
customer-0608,2026-05-14T18:49:00.000Z,8.97,UAH,pos,
customer-0609,2026-05-14T18:56:00.000Z,9.98,USD,web,
customer-0610,2026-05-14T19:03:00.000Z,10.00,EUR,mobile,ext-009009
customer-0611,2026-05-14T19:10:00.000Z,11.01,GBP,email,
customer-0612,2026-05-14T19:17:00.000Z,12.02,UAH,pos,
customer-0613,2026-05-14T19:24:00.000Z,13.03,USD,web,ext-009012
customer-0614,2026-05-14T19:31:00.000Z,14.04,EUR,mobile,
customer-0615,2026-05-14T19:38:00.000Z,15.05,GBP,email,
customer-0616,2026-05-14T19:45:00.000Z,16.06,UAH,pos,ext-009015
customer-0617,2026-05-14T19:52:00.000Z,17.07,USD,web,
customer-0618,2026-05-14T19:59:00.000Z,18.08,EUR,mobile,
customer-0619,2026-05-14T20:06:00.000Z,19.09,GBP,email,ext-009018
customer-0620,2026-05-14T20:13:00.000Z,20.10,UAH,pos,
customer-0621,2026-05-14T20:20:00.000Z,21.11,USD,web,
customer-0622,2026-05-14T20:27:00.000Z,22.12,EUR,mobile,ext-009021
customer-0623,2026-05-14T20:34:00.000Z,23.13,GBP,email,
customer-0624,2026-05-14T20:41:00.000Z,24.14,UAH,pos,
customer-0625,2026-05-14T20:48:00.000Z,25.15,USD,web,ext-009024
customer-0626,2026-05-14T20:55:00.000Z,26.16,EUR,mobile,
customer-0627,2026-05-14T21:02:00.000Z,27.17,GBP,email,
customer-0628,2026-05-14T21:09:00.000Z,28.18,UAH,pos,ext-009027
customer-0629,2026-05-14T21:16:00.000Z,29.19,USD,web,
customer-0630,2026-05-14T21:23:00.000Z,30.20,EUR,mobile,
customer-0631,2026-05-14T21:30:00.000Z,31.21,GBP,email,ext-009030
customer-0632,2026-05-14T21:37:00.000Z,32.22,UAH,pos,
customer-0633,2026-05-14T21:44:00.000Z,33.23,USD,web,
customer-0634,2026-05-14T21:51:00.000Z,34.24,EUR,mobile,ext-009033
customer-0635,2026-05-14T21:58:00.000Z,35.25,GBP,email,
customer-0636,2026-05-14T22:05:00.000Z,36.26,UAH,pos,
customer-0637,2026-05-14T22:12:00.000Z,37.27,USD,web,ext-009036
customer-0638,2026-05-14T22:19:00.000Z,38.28,EUR,mobile,
customer-0639,2026-05-14T22:26:00.000Z,39.29,GBP,email,
customer-0640,2026-05-14T22:33:00.000Z,40.30,UAH,pos,ext-009039
customer-0641,2026-05-14T22:40:00.000Z,41.31,USD,web,
customer-0642,2026-05-14T22:47:00.000Z,42.32,EUR,mobile,
customer-0643,2026-05-14T22:54:00.000Z,43.33,GBP,email,ext-009042
customer-0644,2026-05-14T23:01:00.000Z,44.34,UAH,pos,
customer-0645,2026-05-14T23:08:00.000Z,45.35,USD,web,
customer-0646,2026-05-14T23:15:00.000Z,46.36,EUR,mobile,ext-009045
customer-0647,2026-05-14T23:22:00.000Z,47.37,GBP,email,
customer-0648,2026-05-14T23:29:00.000Z,48.38,UAH,pos,
customer-0649,2026-05-14T23:36:00.000Z,49.39,USD,web,ext-009048
customer-0650,2026-05-14T23:43:00.000Z,50.40,EUR,mobile,
customer-0651,2026-05-14T23:50:00.000Z,51.41,GBP,email,
customer-0652,2026-05-14T23:57:00.000Z,52.42,UAH,pos,ext-009051
customer-0653,2026-05-15T00:04:00.000Z,53.43,USD,web,
customer-0654,2026-05-15T00:11:00.000Z,54.44,EUR,mobile,
customer-0655,2026-05-15T00:18:00.000Z,55.45,GBP,email,ext-009054
customer-0656,2026-05-15T00:25:00.000Z,56.46,UAH,pos,
customer-0657,2026-05-15T00:32:00.000Z,57.47,USD,web,
customer-0658,2026-05-15T00:39:00.000Z,58.48,EUR,mobile,ext-009057
customer-0659,2026-05-15T00:46:00.000Z,59.49,GBP,email,
customer-0660,2026-05-15T00:53:00.000Z,60.50,UAH,pos,
customer-0661,2026-05-15T01:00:00.000Z,61.51,USD,web,ext-009060
customer-0662,2026-05-15T01:07:00.000Z,62.52,EUR,mobile,
customer-0663,2026-05-15T01:14:00.000Z,63.53,GBP,email,
customer-0664,2026-05-15T01:21:00.000Z,64.54,UAH,pos,ext-009063
customer-0665,2026-05-15T01:28:00.000Z,65.55,USD,web,
customer-0666,2026-05-15T01:35:00.000Z,66.56,EUR,mobile,
customer-0667,2026-05-15T01:42:00.000Z,67.57,GBP,email,ext-009066
customer-0668,2026-05-15T01:49:00.000Z,68.58,UAH,pos,
customer-0669,2026-05-15T01:56:00.000Z,69.59,USD,web,
customer-0670,2026-05-15T02:03:00.000Z,70.60,EUR,mobile,ext-009069
customer-0671,2026-05-15T02:10:00.000Z,71.61,GBP,email,
customer-0672,2026-05-15T02:17:00.000Z,72.62,UAH,pos,
customer-0673,2026-05-15T02:24:00.000Z,73.63,USD,web,ext-009072
customer-0674,2026-05-15T02:31:00.000Z,74.64,EUR,mobile,
customer-0675,2026-05-15T02:38:00.000Z,75.65,GBP,email,
customer-0676,2026-05-15T02:45:00.000Z,76.66,UAH,pos,ext-009075
customer-0677,2026-05-15T02:52:00.000Z,77.67,USD,web,
customer-0678,2026-05-15T02:59:00.000Z,78.68,EUR,mobile,
customer-0679,2026-05-15T03:06:00.000Z,79.69,GBP,email,ext-009078
customer-0680,2026-05-15T03:13:00.000Z,80.70,UAH,pos,
customer-0681,2026-05-15T03:20:00.000Z,81.71,USD,web,
customer-0682,2026-05-15T03:27:00.000Z,82.72,EUR,mobile,ext-009081
customer-0683,2026-05-15T03:34:00.000Z,83.73,GBP,email,
customer-0684,2026-05-15T03:41:00.000Z,84.74,UAH,pos,
customer-0685,2026-05-15T03:48:00.000Z,85.75,USD,web,ext-009084
customer-0686,2026-05-15T03:55:00.000Z,86.76,EUR,mobile,
customer-0687,2026-05-15T04:02:00.000Z,87.77,GBP,email,
customer-0688,2026-05-15T04:09:00.000Z,88.78,UAH,pos,ext-009087
customer-0689,2026-05-15T04:16:00.000Z,89.79,USD,web,
customer-0690,2026-05-15T04:23:00.000Z,90.80,EUR,mobile,
customer-0691,2026-05-15T04:30:00.000Z,91.81,GBP,email,ext-009090
customer-0692,2026-05-15T04:37:00.000Z,92.82,UAH,pos,
customer-0693,2026-05-15T04:44:00.000Z,93.83,USD,web,
customer-0694,2026-05-15T04:51:00.000Z,94.84,EUR,mobile,ext-009093
customer-0695,2026-05-15T04:58:00.000Z,95.85,GBP,email,
customer-0696,2026-05-15T05:05:00.000Z,96.86,UAH,pos,
customer-0697,2026-05-15T05:12:00.000Z,97.87,USD,web,ext-009096
customer-0698,2026-05-15T05:19:00.000Z,98.88,EUR,mobile,
customer-0699,2026-05-15T05:26:00.000Z,99.89,GBP,email,
customer-0700,2026-05-15T05:33:00.000Z,100.90,UAH,pos,ext-009099
customer-0701,2026-05-15T05:40:00.000Z,101.91,USD,web,
customer-0702,2026-05-15T05:47:00.000Z,102.92,EUR,mobile,
customer-0703,2026-05-15T05:54:00.000Z,103.93,GBP,email,ext-009102
customer-0704,2026-05-15T06:01:00.000Z,104.94,UAH,pos,
customer-0705,2026-05-15T06:08:00.000Z,105.95,USD,web,
customer-0706,2026-05-15T06:15:00.000Z,106.96,EUR,mobile,ext-009105
customer-0707,2026-05-15T06:22:00.000Z,107.97,GBP,email,
customer-0708,2026-05-15T06:29:00.000Z,108.98,UAH,pos,
customer-0709,2026-05-15T06:36:00.000Z,109.00,USD,web,ext-009108
customer-0710,2026-05-15T06:43:00.000Z,110.01,EUR,mobile,
customer-0711,2026-05-15T06:50:00.000Z,111.02,GBP,email,
customer-0712,2026-05-15T06:57:00.000Z,112.03,UAH,pos,ext-009111
customer-0713,2026-05-15T07:04:00.000Z,113.04,USD,web,
customer-0714,2026-05-15T07:11:00.000Z,114.05,EUR,mobile,
customer-0715,2026-05-15T07:18:00.000Z,115.06,GBP,email,ext-009114
customer-0716,2026-05-15T07:25:00.000Z,116.07,UAH,pos,
customer-0717,2026-05-15T07:32:00.000Z,117.08,USD,web,
customer-0718,2026-05-15T07:39:00.000Z,118.09,EUR,mobile,ext-009117
customer-0719,2026-05-15T07:46:00.000Z,119.10,GBP,email,
customer-0720,2026-05-15T07:53:00.000Z,120.11,UAH,pos,
customer-0721,2026-05-15T08:00:00.000Z,121.12,USD,web,ext-009120
customer-0722,2026-05-15T08:07:00.000Z,122.13,EUR,mobile,
customer-0723,2026-05-15T08:14:00.000Z,123.14,GBP,email,
customer-0724,2026-05-15T08:21:00.000Z,124.15,UAH,pos,ext-009123
customer-0725,2026-05-15T08:28:00.000Z,125.16,USD,web,
customer-0726,2026-05-15T08:35:00.000Z,126.17,EUR,mobile,
customer-0727,2026-05-15T08:42:00.000Z,127.18,GBP,email,ext-009126
customer-0728,2026-05-15T08:49:00.000Z,128.19,UAH,pos,
customer-0729,2026-05-15T08:56:00.000Z,129.20,USD,web,
customer-0730,2026-05-15T09:03:00.000Z,130.21,EUR,mobile,ext-009129
customer-0731,2026-05-15T09:10:00.000Z,131.22,GBP,email,
customer-0732,2026-05-15T09:17:00.000Z,132.23,UAH,pos,
customer-0733,2026-05-15T09:24:00.000Z,133.24,USD,web,ext-009132
customer-0734,2026-05-15T09:31:00.000Z,134.25,EUR,mobile,
customer-0735,2026-05-15T09:38:00.000Z,135.26,GBP,email,
customer-0736,2026-05-15T09:45:00.000Z,136.27,UAH,pos,ext-009135
customer-0737,2026-05-15T09:52:00.000Z,137.28,USD,web,
customer-0738,2026-05-15T09:59:00.000Z,138.29,EUR,mobile,
customer-0739,2026-05-15T10:06:00.000Z,139.30,GBP,email,ext-009138
customer-0740,2026-05-15T10:13:00.000Z,140.31,UAH,pos,
customer-0741,2026-05-15T10:20:00.000Z,141.32,USD,web,
customer-0742,2026-05-15T10:27:00.000Z,142.33,EUR,mobile,ext-009141
customer-0743,2026-05-15T10:34:00.000Z,143.34,GBP,email,
customer-0744,2026-05-15T10:41:00.000Z,144.35,UAH,pos,
customer-0745,2026-05-15T10:48:00.000Z,145.36,USD,web,ext-009144
customer-0746,2026-05-15T10:55:00.000Z,146.37,EUR,mobile,
customer-0747,2026-05-15T11:02:00.000Z,147.38,GBP,email,
customer-0748,2026-05-15T11:09:00.000Z,148.39,UAH,pos,ext-009147
customer-0749,2026-05-15T11:16:00.000Z,149.40,USD,web,
customer-0750,2026-05-15T11:23:00.000Z,150.41,EUR,mobile,
customer-0751,2026-05-15T11:30:00.000Z,151.42,GBP,email,ext-009150
customer-0752,2026-05-15T11:37:00.000Z,152.43,UAH,pos,
customer-0753,2026-05-15T11:44:00.000Z,153.44,USD,web,
customer-0754,2026-05-15T11:51:00.000Z,154.45,EUR,mobile,ext-009153
customer-0755,2026-05-15T11:58:00.000Z,155.46,GBP,email,
customer-0756,2026-05-15T12:05:00.000Z,156.47,UAH,pos,
customer-0757,2026-05-15T12:12:00.000Z,157.48,USD,web,ext-009156
customer-0758,2026-05-15T12:19:00.000Z,158.49,EUR,mobile,
customer-0759,2026-05-15T12:26:00.000Z,159.50,GBP,email,
customer-0760,2026-05-15T12:33:00.000Z,160.51,UAH,pos,ext-009159
customer-0761,2026-05-15T12:40:00.000Z,161.52,USD,web,
customer-0762,2026-05-15T12:47:00.000Z,162.53,EUR,mobile,
customer-0763,2026-05-15T12:54:00.000Z,163.54,GBP,email,ext-009162
customer-0764,2026-05-15T13:01:00.000Z,164.55,UAH,pos,
customer-0765,2026-05-15T13:08:00.000Z,165.56,USD,web,
customer-0766,2026-05-15T13:15:00.000Z,166.57,EUR,mobile,ext-009165
customer-0767,2026-05-15T13:22:00.000Z,167.58,GBP,email,
customer-0768,2026-05-15T13:29:00.000Z,168.59,UAH,pos,
customer-0769,2026-05-15T13:36:00.000Z,169.60,USD,web,ext-009168
customer-0770,2026-05-15T13:43:00.000Z,170.61,EUR,mobile,
customer-0771,2026-05-15T13:50:00.000Z,171.62,GBP,email,
customer-0772,2026-05-15T13:57:00.000Z,172.63,UAH,pos,ext-009171
customer-0773,2026-05-15T14:04:00.000Z,173.64,USD,web,
customer-0774,2026-05-15T14:11:00.000Z,174.65,EUR,mobile,
customer-0775,2026-05-15T14:18:00.000Z,175.66,GBP,email,ext-009174
customer-0776,2026-05-15T14:25:00.000Z,176.67,UAH,pos,
customer-0777,2026-05-15T14:32:00.000Z,177.68,USD,web,
customer-0778,2026-05-15T14:39:00.000Z,178.69,EUR,mobile,ext-009177
customer-0779,2026-05-15T14:46:00.000Z,179.70,GBP,email,
customer-0780,2026-05-15T14:53:00.000Z,180.71,UAH,pos,
customer-0781,2026-05-15T15:00:00.000Z,181.72,USD,web,ext-009180
customer-0782,2026-05-15T15:07:00.000Z,182.73,EUR,mobile,
customer-0783,2026-05-15T15:14:00.000Z,183.74,GBP,email,
customer-0784,2026-05-15T15:21:00.000Z,184.75,UAH,pos,ext-009183
customer-0785,2026-05-15T15:28:00.000Z,185.76,USD,web,
customer-0786,2026-05-15T15:35:00.000Z,186.77,EUR,mobile,
customer-0787,2026-05-15T15:42:00.000Z,187.78,GBP,email,ext-009186
customer-0788,2026-05-15T15:49:00.000Z,188.79,UAH,pos,
customer-0789,2026-05-15T15:56:00.000Z,189.80,USD,web,
customer-0790,2026-05-15T16:03:00.000Z,190.81,EUR,mobile,ext-009189
customer-0791,2026-05-15T16:10:00.000Z,191.82,GBP,email,
customer-0792,2026-05-15T16:17:00.000Z,192.83,UAH,pos,
customer-0793,2026-05-15T16:24:00.000Z,193.84,USD,web,ext-009192
customer-0794,2026-05-15T16:31:00.000Z,194.85,EUR,mobile,
customer-0795,2026-05-15T16:38:00.000Z,195.86,GBP,email,
customer-0796,2026-05-15T16:45:00.000Z,196.87,UAH,pos,ext-009195
customer-0797,2026-05-15T16:52:00.000Z,197.88,USD,web,
customer-0798,2026-05-15T16:59:00.000Z,198.89,EUR,mobile,
customer-0799,2026-05-15T17:06:00.000Z,199.90,GBP,email,ext-009198
customer-0800,2026-05-15T17:13:00.000Z,200.91,UAH,pos,
customer-0801,2026-05-15T17:20:00.000Z,201.92,USD,web,
customer-0802,2026-05-15T17:27:00.000Z,202.93,EUR,mobile,ext-009201
customer-0803,2026-05-15T17:34:00.000Z,203.94,GBP,email,
customer-0804,2026-05-15T17:41:00.000Z,204.95,UAH,pos,
customer-0805,2026-05-15T17:48:00.000Z,205.96,USD,web,ext-009204
customer-0806,2026-05-15T17:55:00.000Z,206.97,EUR,mobile,
customer-0807,2026-05-15T18:02:00.000Z,207.98,GBP,email,
customer-0808,2026-05-15T18:09:00.000Z,208.00,UAH,pos,ext-009207
customer-0809,2026-05-15T18:16:00.000Z,209.01,USD,web,
customer-0810,2026-05-15T18:23:00.000Z,210.02,EUR,mobile,
customer-0811,2026-05-15T18:30:00.000Z,211.03,GBP,email,ext-009210
customer-0812,2026-05-15T18:37:00.000Z,212.04,UAH,pos,
customer-0813,2026-05-15T18:44:00.000Z,213.05,USD,web,
customer-0814,2026-05-15T18:51:00.000Z,214.06,EUR,mobile,ext-009213
customer-0815,2026-05-15T18:58:00.000Z,215.07,GBP,email,
customer-0816,2026-05-15T19:05:00.000Z,216.08,UAH,pos,
customer-0817,2026-05-15T19:12:00.000Z,217.09,USD,web,ext-009216
customer-0818,2026-05-15T19:19:00.000Z,218.10,EUR,mobile,
customer-0819,2026-05-15T19:26:00.000Z,219.11,GBP,email,
customer-0820,2026-05-15T19:33:00.000Z,220.12,UAH,pos,ext-009219
customer-0821,2026-05-15T19:40:00.000Z,221.13,USD,web,
customer-0822,2026-05-15T19:47:00.000Z,222.14,EUR,mobile,
customer-0823,2026-05-15T19:54:00.000Z,223.15,GBP,email,ext-009222
customer-0824,2026-05-15T20:01:00.000Z,224.16,UAH,pos,
customer-0825,2026-05-15T20:08:00.000Z,225.17,USD,web,
customer-0826,2026-05-15T20:15:00.000Z,226.18,EUR,mobile,ext-009225
customer-0827,2026-05-15T20:22:00.000Z,227.19,GBP,email,
customer-0828,2026-05-15T20:29:00.000Z,228.20,UAH,pos,
customer-0829,2026-05-15T20:36:00.000Z,229.21,USD,web,ext-009228
customer-0830,2026-05-15T20:43:00.000Z,230.22,EUR,mobile,
customer-0831,2026-05-15T20:50:00.000Z,231.23,GBP,email,
customer-0832,2026-05-15T20:57:00.000Z,232.24,UAH,pos,ext-009231
customer-0833,2026-05-15T21:04:00.000Z,233.25,USD,web,
customer-0834,2026-05-15T21:11:00.000Z,234.26,EUR,mobile,
customer-0835,2026-05-15T21:18:00.000Z,235.27,GBP,email,ext-009234
customer-0836,2026-05-15T21:25:00.000Z,236.28,UAH,pos,
customer-0837,2026-05-15T21:32:00.000Z,237.29,USD,web,
customer-0838,2026-05-15T21:39:00.000Z,238.30,EUR,mobile,ext-009237
customer-0839,2026-05-15T21:46:00.000Z,239.31,GBP,email,
customer-0840,2026-05-15T21:53:00.000Z,240.32,UAH,pos,
customer-0841,2026-05-15T22:00:00.000Z,241.33,USD,web,ext-009240
customer-0842,2026-05-15T22:07:00.000Z,242.34,EUR,mobile,
customer-0843,2026-05-15T22:14:00.000Z,243.35,GBP,email,
customer-0844,2026-05-15T22:21:00.000Z,244.36,UAH,pos,ext-009243
customer-0845,2026-05-15T22:28:00.000Z,245.37,USD,web,
customer-0846,2026-05-15T22:35:00.000Z,246.38,EUR,mobile,
customer-0847,2026-05-15T22:42:00.000Z,247.39,GBP,email,ext-009246
customer-0848,2026-05-15T22:49:00.000Z,248.40,UAH,pos,
customer-0849,2026-05-15T22:56:00.000Z,249.41,USD,web,
customer-0850,2026-05-15T23:03:00.000Z,250.42,EUR,mobile,ext-009249
customer-0851,2026-05-15T23:10:00.000Z,251.43,GBP,email,
customer-0852,2026-05-15T23:17:00.000Z,252.44,UAH,pos,
customer-0853,2026-05-15T23:24:00.000Z,253.45,USD,web,ext-009252
customer-0854,2026-05-15T23:31:00.000Z,254.46,EUR,mobile,
customer-0855,2026-05-15T23:38:00.000Z,255.47,GBP,email,
customer-0856,2026-05-15T23:45:00.000Z,256.48,UAH,pos,ext-009255
customer-0857,2026-05-15T23:52:00.000Z,257.49,USD,web,
customer-0858,2026-05-15T23:59:00.000Z,258.50,EUR,mobile,
customer-0859,2026-05-16T00:06:00.000Z,259.51,GBP,email,ext-009258
customer-0860,2026-05-16T00:13:00.000Z,260.52,UAH,pos,
customer-0861,2026-05-16T00:20:00.000Z,261.53,USD,web,
customer-0862,2026-05-16T00:27:00.000Z,262.54,EUR,mobile,ext-009261
customer-0863,2026-05-16T00:34:00.000Z,263.55,GBP,email,
customer-0864,2026-05-16T00:41:00.000Z,264.56,UAH,pos,
customer-0865,2026-05-16T00:48:00.000Z,265.57,USD,web,ext-009264
customer-0866,2026-05-16T00:55:00.000Z,266.58,EUR,mobile,
customer-0867,2026-05-16T01:02:00.000Z,267.59,GBP,email,
customer-0868,2026-05-16T01:09:00.000Z,268.60,UAH,pos,ext-009267
customer-0869,2026-05-16T01:16:00.000Z,269.61,USD,web,
customer-0870,2026-05-16T01:23:00.000Z,270.62,EUR,mobile,
customer-0871,2026-05-16T01:30:00.000Z,271.63,GBP,email,ext-009270
customer-0872,2026-05-16T01:37:00.000Z,272.64,UAH,pos,
customer-0873,2026-05-16T01:44:00.000Z,273.65,USD,web,
customer-0874,2026-05-16T01:51:00.000Z,274.66,EUR,mobile,ext-009273
customer-0875,2026-05-16T01:58:00.000Z,275.67,GBP,email,
customer-0876,2026-05-16T02:05:00.000Z,276.68,UAH,pos,
customer-0877,2026-05-16T02:12:00.000Z,277.69,USD,web,ext-009276
customer-0878,2026-05-16T02:19:00.000Z,278.70,EUR,mobile,
customer-0879,2026-05-16T02:26:00.000Z,279.71,GBP,email,
customer-0880,2026-05-16T02:33:00.000Z,280.72,UAH,pos,ext-009279
customer-0881,2026-05-16T02:40:00.000Z,281.73,USD,web,
customer-0882,2026-05-16T02:47:00.000Z,282.74,EUR,mobile,
customer-0883,2026-05-16T02:54:00.000Z,283.75,GBP,email,ext-009282
customer-0884,2026-05-16T03:01:00.000Z,284.76,UAH,pos,
customer-0885,2026-05-16T03:08:00.000Z,285.77,USD,web,
customer-0886,2026-05-16T03:15:00.000Z,286.78,EUR,mobile,ext-009285
customer-0887,2026-05-16T03:22:00.000Z,287.79,GBP,email,
customer-0888,2026-05-16T03:29:00.000Z,288.80,UAH,pos,
customer-0889,2026-05-16T03:36:00.000Z,289.81,USD,web,ext-009288
customer-0890,2026-05-16T03:43:00.000Z,290.82,EUR,mobile,
customer-0891,2026-05-16T03:50:00.000Z,291.83,GBP,email,
customer-0892,2026-05-16T03:57:00.000Z,292.84,UAH,pos,ext-009291
customer-0893,2026-05-16T04:04:00.000Z,293.85,USD,web,
customer-0894,2026-05-16T04:11:00.000Z,294.86,EUR,mobile,
customer-0895,2026-05-16T04:18:00.000Z,295.87,GBP,email,ext-009294
customer-0896,2026-05-16T04:25:00.000Z,296.88,UAH,pos,
customer-0897,2026-05-16T04:32:00.000Z,297.89,USD,web,
customer-0898,2026-05-16T04:39:00.000Z,298.90,EUR,mobile,ext-009297
customer-0899,2026-05-16T04:46:00.000Z,299.91,GBP,email,
customer-0900,2026-05-16T04:53:00.000Z,300.92,UAH,pos,
customer-0901,2026-05-16T05:00:00.000Z,301.93,USD,web,ext-009300
customer-0902,2026-05-16T05:07:00.000Z,302.94,EUR,mobile,
customer-0903,2026-05-16T05:14:00.000Z,303.95,GBP,email,
customer-0904,2026-05-16T05:21:00.000Z,304.96,UAH,pos,ext-009303
customer-0905,2026-05-16T05:28:00.000Z,305.97,USD,web,
customer-0906,2026-05-16T05:35:00.000Z,306.98,EUR,mobile,
customer-0907,2026-05-16T05:42:00.000Z,307.00,GBP,email,ext-009306
customer-0908,2026-05-16T05:49:00.000Z,308.01,UAH,pos,
customer-0909,2026-05-16T05:56:00.000Z,309.02,USD,web,
customer-0910,2026-05-16T06:03:00.000Z,310.03,EUR,mobile,ext-009309
customer-0911,2026-05-16T06:10:00.000Z,311.04,GBP,email,
customer-0912,2026-05-16T06:17:00.000Z,312.05,UAH,pos,
customer-0913,2026-05-16T06:24:00.000Z,313.06,USD,web,ext-009312
customer-0914,2026-05-16T06:31:00.000Z,314.07,EUR,mobile,
customer-0915,2026-05-16T06:38:00.000Z,315.08,GBP,email,
customer-0916,2026-05-16T06:45:00.000Z,316.09,UAH,pos,ext-009315
customer-0917,2026-05-16T06:52:00.000Z,317.10,USD,web,
customer-0918,2026-05-16T06:59:00.000Z,318.11,EUR,mobile,
customer-0919,2026-05-16T07:06:00.000Z,319.12,GBP,email,ext-009318
customer-0920,2026-05-16T07:13:00.000Z,320.13,UAH,pos,
customer-0921,2026-05-16T07:20:00.000Z,321.14,USD,web,
customer-0922,2026-05-16T07:27:00.000Z,322.15,EUR,mobile,ext-009321
customer-0923,2026-05-16T07:34:00.000Z,323.16,GBP,email,
customer-0924,2026-05-16T07:41:00.000Z,324.17,UAH,pos,
customer-0925,2026-05-16T07:48:00.000Z,325.18,USD,web,ext-009324
customer-0926,2026-05-16T07:55:00.000Z,326.19,EUR,mobile,
customer-0927,2026-05-16T08:02:00.000Z,327.20,GBP,email,
customer-0928,2026-05-16T08:09:00.000Z,328.21,UAH,pos,ext-009327
customer-0929,2026-05-16T08:16:00.000Z,329.22,USD,web,
customer-0930,2026-05-16T08:23:00.000Z,330.23,EUR,mobile,
customer-0931,2026-05-16T08:30:00.000Z,331.24,GBP,email,ext-009330
customer-0932,2026-05-16T08:37:00.000Z,332.25,UAH,pos,
customer-0933,2026-05-16T08:44:00.000Z,333.26,USD,web,
customer-0934,2026-05-16T08:51:00.000Z,334.27,EUR,mobile,ext-009333
customer-0935,2026-05-16T08:58:00.000Z,335.28,GBP,email,
customer-0936,2026-05-16T09:05:00.000Z,336.29,UAH,pos,
customer-0937,2026-05-16T09:12:00.000Z,337.30,USD,web,ext-009336
customer-0938,2026-05-16T09:19:00.000Z,338.31,EUR,mobile,
customer-0939,2026-05-16T09:26:00.000Z,339.32,GBP,email,
customer-0940,2026-05-16T09:33:00.000Z,340.33,UAH,pos,ext-009339
customer-0941,2026-05-16T09:40:00.000Z,341.34,USD,web,
customer-0942,2026-05-16T09:47:00.000Z,342.35,EUR,mobile,
customer-0943,2026-05-16T09:54:00.000Z,343.36,GBP,email,ext-009342
customer-0944,2026-05-16T10:01:00.000Z,344.37,UAH,pos,
customer-0945,2026-05-16T10:08:00.000Z,345.38,USD,web,
customer-0946,2026-05-16T10:15:00.000Z,346.39,EUR,mobile,ext-009345
customer-0947,2026-05-16T10:22:00.000Z,347.40,GBP,email,
customer-0948,2026-05-16T10:29:00.000Z,348.41,UAH,pos,
customer-0949,2026-05-16T10:36:00.000Z,349.42,USD,web,ext-009348
customer-0950,2026-05-16T10:43:00.000Z,350.43,EUR,mobile,
customer-0951,2026-05-16T10:50:00.000Z,351.44,GBP,email,
customer-0952,2026-05-16T10:57:00.000Z,352.45,UAH,pos,ext-009351
customer-0953,2026-05-16T11:04:00.000Z,353.46,USD,web,
customer-0954,2026-05-16T11:11:00.000Z,354.47,EUR,mobile,
customer-0955,2026-05-16T11:18:00.000Z,355.48,GBP,email,ext-009354
customer-0956,2026-05-16T11:25:00.000Z,356.49,UAH,pos,
customer-0957,2026-05-16T11:32:00.000Z,357.50,USD,web,
customer-0958,2026-05-16T11:39:00.000Z,358.51,EUR,mobile,ext-009357
customer-0959,2026-05-16T11:46:00.000Z,359.52,GBP,email,
customer-0960,2026-05-16T11:53:00.000Z,360.53,UAH,pos,
customer-0961,2026-05-16T12:00:00.000Z,361.54,USD,web,ext-009360
customer-0962,2026-05-16T12:07:00.000Z,362.55,EUR,mobile,
customer-0963,2026-05-16T12:14:00.000Z,363.56,GBP,email,
customer-0964,2026-05-16T12:21:00.000Z,364.57,UAH,pos,ext-009363
customer-0965,2026-05-16T12:28:00.000Z,365.58,USD,web,
customer-0966,2026-05-16T12:35:00.000Z,366.59,EUR,mobile,
customer-0967,2026-05-16T12:42:00.000Z,367.60,GBP,email,ext-009366
customer-0968,2026-05-16T12:49:00.000Z,368.61,UAH,pos,
customer-0969,2026-05-16T12:56:00.000Z,369.62,USD,web,
customer-0970,2026-05-16T13:03:00.000Z,370.63,EUR,mobile,ext-009369
customer-0971,2026-05-16T13:10:00.000Z,371.64,GBP,email,
customer-0972,2026-05-16T13:17:00.000Z,372.65,UAH,pos,
customer-0973,2026-05-16T13:24:00.000Z,373.66,USD,web,ext-009372
customer-0974,2026-05-16T13:31:00.000Z,374.67,EUR,mobile,
customer-0975,2026-05-16T13:38:00.000Z,375.68,GBP,email,
customer-0976,2026-05-16T13:45:00.000Z,376.69,UAH,pos,ext-009375
customer-0977,2026-05-16T13:52:00.000Z,377.70,USD,web,
customer-0978,2026-05-16T13:59:00.000Z,378.71,EUR,mobile,
customer-0979,2026-05-16T14:06:00.000Z,379.72,GBP,email,ext-009378
customer-0980,2026-05-16T14:13:00.000Z,380.73,UAH,pos,
customer-0981,2026-05-16T14:20:00.000Z,381.74,USD,web,
customer-0982,2026-05-16T14:27:00.000Z,382.75,EUR,mobile,ext-009381
customer-0983,2026-05-16T14:34:00.000Z,383.76,GBP,email,
customer-0984,2026-05-16T14:41:00.000Z,384.77,UAH,pos,
customer-0985,2026-05-16T14:48:00.000Z,385.78,USD,web,ext-009384
customer-0986,2026-05-16T14:55:00.000Z,386.79,EUR,mobile,
customer-0987,2026-05-16T15:02:00.000Z,387.80,GBP,email,
customer-0988,2026-05-16T15:09:00.000Z,388.81,UAH,pos,ext-009387
customer-0989,2026-05-16T15:16:00.000Z,389.82,USD,web,
customer-0990,2026-05-16T15:23:00.000Z,390.83,EUR,mobile,
customer-0991,2026-05-16T15:30:00.000Z,391.84,GBP,email,ext-009390
customer-0992,2026-05-16T15:37:00.000Z,392.85,UAH,pos,
customer-0993,2026-05-16T15:44:00.000Z,393.86,USD,web,
customer-0994,2026-05-16T15:51:00.000Z,394.87,EUR,mobile,ext-009393
customer-0995,2026-05-16T15:58:00.000Z,395.88,GBP,email,
customer-0996,2026-05-16T16:05:00.000Z,396.89,UAH,pos,
customer-0997,2026-05-16T16:12:00.000Z,397.90,USD,web,ext-009396
customer-0998,2026-05-16T16:19:00.000Z,398.91,EUR,mobile,
customer-0999,2026-05-16T16:26:00.000Z,399.92,GBP,email,
customer-1000,2026-05-16T16:33:00.000Z,400.93,UAH,pos,ext-009399
customer-1001,2026-05-16T16:40:00.000Z,401.94,USD,web,
customer-1002,2026-05-16T16:47:00.000Z,402.95,EUR,mobile,
customer-1003,2026-05-16T16:54:00.000Z,403.96,GBP,email,ext-009402
customer-1004,2026-05-16T17:01:00.000Z,404.97,UAH,pos,
customer-1005,2026-05-16T17:08:00.000Z,405.98,USD,web,
customer-1006,2026-05-16T17:15:00.000Z,406.00,EUR,mobile,ext-009405
customer-1007,2026-05-16T17:22:00.000Z,407.01,GBP,email,
customer-1008,2026-05-16T17:29:00.000Z,408.02,UAH,pos,
customer-1009,2026-05-16T17:36:00.000Z,409.03,USD,web,ext-009408
customer-1010,2026-05-16T17:43:00.000Z,410.04,EUR,mobile,
customer-1011,2026-05-16T17:50:00.000Z,411.05,GBP,email,
customer-1012,2026-05-16T17:57:00.000Z,412.06,UAH,pos,ext-009411
customer-1013,2026-05-16T18:04:00.000Z,413.07,USD,web,
customer-1014,2026-05-16T18:11:00.000Z,414.08,EUR,mobile,
customer-1015,2026-05-16T18:18:00.000Z,415.09,GBP,email,ext-009414
customer-1016,2026-05-16T18:25:00.000Z,416.10,UAH,pos,
customer-1017,2026-05-16T18:32:00.000Z,417.11,USD,web,
customer-1018,2026-05-16T18:39:00.000Z,418.12,EUR,mobile,ext-009417
customer-1019,2026-05-16T18:46:00.000Z,419.13,GBP,email,
customer-1020,2026-05-16T18:53:00.000Z,420.14,UAH,pos,
customer-1021,2026-05-16T19:00:00.000Z,421.15,USD,web,ext-009420
customer-1022,2026-05-16T19:07:00.000Z,422.16,EUR,mobile,
customer-1023,2026-05-16T19:14:00.000Z,423.17,GBP,email,
customer-1024,2026-05-16T19:21:00.000Z,424.18,UAH,pos,ext-009423
customer-1025,2026-05-16T19:28:00.000Z,425.19,USD,web,
customer-1026,2026-05-16T19:35:00.000Z,426.20,EUR,mobile,
customer-1027,2026-05-16T19:42:00.000Z,427.21,GBP,email,ext-009426
customer-1028,2026-05-16T19:49:00.000Z,428.22,UAH,pos,
customer-1029,2026-05-16T19:56:00.000Z,429.23,USD,web,
customer-1030,2026-05-16T20:03:00.000Z,430.24,EUR,mobile,ext-009429
customer-1031,2026-05-16T20:10:00.000Z,431.25,GBP,email,
customer-1032,2026-05-16T20:17:00.000Z,432.26,UAH,pos,
customer-1033,2026-05-16T20:24:00.000Z,433.27,USD,web,ext-009432
customer-1034,2026-05-16T20:31:00.000Z,434.28,EUR,mobile,
customer-1035,2026-05-16T20:38:00.000Z,435.29,GBP,email,
customer-1036,2026-05-16T20:45:00.000Z,436.30,UAH,pos,ext-009435
customer-1037,2026-05-16T20:52:00.000Z,437.31,USD,web,
customer-1038,2026-05-16T20:59:00.000Z,438.32,EUR,mobile,
customer-1039,2026-05-16T21:06:00.000Z,439.33,GBP,email,ext-009438
customer-1040,2026-05-16T21:13:00.000Z,440.34,UAH,pos,
customer-1041,2026-05-16T21:20:00.000Z,441.35,USD,web,
customer-1042,2026-05-16T21:27:00.000Z,442.36,EUR,mobile,ext-009441
customer-1043,2026-05-16T21:34:00.000Z,443.37,GBP,email,
customer-1044,2026-05-16T21:41:00.000Z,444.38,UAH,pos,
customer-1045,2026-05-16T21:48:00.000Z,445.39,USD,web,ext-009444
customer-1046,2026-05-16T21:55:00.000Z,446.40,EUR,mobile,
customer-1047,2026-05-16T22:02:00.000Z,447.41,GBP,email,
customer-1048,2026-05-16T22:09:00.000Z,448.42,UAH,pos,ext-009447
customer-1049,2026-05-16T22:16:00.000Z,449.43,USD,web,
customer-1050,2026-05-16T22:23:00.000Z,450.44,EUR,mobile,
customer-1051,2026-05-16T22:30:00.000Z,451.45,GBP,email,ext-009450
customer-1052,2026-05-16T22:37:00.000Z,452.46,UAH,pos,
customer-1053,2026-05-16T22:44:00.000Z,453.47,USD,web,
customer-1054,2026-05-16T22:51:00.000Z,454.48,EUR,mobile,ext-009453
customer-1055,2026-05-16T22:58:00.000Z,455.49,GBP,email,
customer-1056,2026-05-16T23:05:00.000Z,456.50,UAH,pos,
customer-1057,2026-05-16T23:12:00.000Z,457.51,USD,web,ext-009456
customer-1058,2026-05-16T23:19:00.000Z,458.52,EUR,mobile,
customer-1059,2026-05-16T23:26:00.000Z,459.53,GBP,email,
customer-1060,2026-05-16T23:33:00.000Z,460.54,UAH,pos,ext-009459
customer-1061,2026-05-16T23:40:00.000Z,461.55,USD,web,
customer-1062,2026-05-16T23:47:00.000Z,462.56,EUR,mobile,
customer-1063,2026-05-16T23:54:00.000Z,463.57,GBP,email,ext-009462
customer-1064,2026-05-17T00:01:00.000Z,464.58,UAH,pos,
customer-1065,2026-05-17T00:08:00.000Z,465.59,USD,web,
customer-1066,2026-05-17T00:15:00.000Z,466.60,EUR,mobile,ext-009465
customer-1067,2026-05-17T00:22:00.000Z,467.61,GBP,email,
customer-1068,2026-05-17T00:29:00.000Z,468.62,UAH,pos,
customer-1069,2026-05-17T00:36:00.000Z,469.63,USD,web,ext-009468
customer-1070,2026-05-17T00:43:00.000Z,470.64,EUR,mobile,
customer-1071,2026-05-17T00:50:00.000Z,471.65,GBP,email,
customer-1072,2026-05-17T00:57:00.000Z,472.66,UAH,pos,ext-009471
customer-1073,2026-05-17T01:04:00.000Z,473.67,USD,web,
customer-1074,2026-05-17T01:11:00.000Z,474.68,EUR,mobile,
customer-1075,2026-05-17T01:18:00.000Z,475.69,GBP,email,ext-009474
customer-1076,2026-05-17T01:25:00.000Z,476.70,UAH,pos,
customer-1077,2026-05-17T01:32:00.000Z,477.71,USD,web,
customer-1078,2026-05-17T01:39:00.000Z,478.72,EUR,mobile,ext-009477
customer-1079,2026-05-17T01:46:00.000Z,479.73,GBP,email,
customer-1080,2026-05-17T01:53:00.000Z,480.74,UAH,pos,
customer-1081,2026-05-17T02:00:00.000Z,481.75,USD,web,ext-009480
customer-1082,2026-05-17T02:07:00.000Z,482.76,EUR,mobile,
customer-1083,2026-05-17T02:14:00.000Z,483.77,GBP,email,
customer-1084,2026-05-17T02:21:00.000Z,484.78,UAH,pos,ext-009483
customer-1085,2026-05-17T02:28:00.000Z,485.79,USD,web,
customer-1086,2026-05-17T02:35:00.000Z,486.80,EUR,mobile,
customer-1087,2026-05-17T02:42:00.000Z,487.81,GBP,email,ext-009486
customer-1088,2026-05-17T02:49:00.000Z,488.82,UAH,pos,
customer-1089,2026-05-17T02:56:00.000Z,489.83,USD,web,
customer-1090,2026-05-17T03:03:00.000Z,490.84,EUR,mobile,ext-009489
customer-1091,2026-05-17T03:10:00.000Z,491.85,GBP,email,
customer-1092,2026-05-17T03:17:00.000Z,492.86,UAH,pos,
customer-1093,2026-05-17T03:24:00.000Z,493.87,USD,web,ext-009492
customer-1094,2026-05-17T03:31:00.000Z,494.88,EUR,mobile,
customer-1095,2026-05-17T03:38:00.000Z,495.89,GBP,email,
customer-1096,2026-05-17T03:45:00.000Z,496.90,UAH,pos,ext-009495
customer-1097,2026-05-17T03:52:00.000Z,497.91,USD,web,
customer-1098,2026-05-17T03:59:00.000Z,498.92,EUR,mobile,
customer-1099,2026-05-17T04:06:00.000Z,499.93,GBP,email,ext-009498
customer-1100,2026-05-17T04:13:00.000Z,500.94,UAH,pos,
customer-1101,2026-05-17T04:20:00.000Z,1.95,USD,web,
customer-0002,2026-04-01T00:07:00.000Z,2.01,EUR,mobile,
customer-0031,2026-04-01T03:30:00.000Z,31.30,GBP,email,ext-000030
customer-0060,2026-04-01T06:53:00.000Z,60.59,UAH,pos,
customer-0089,2026-04-01T10:16:00.000Z,89.88,USD,web,
customer-0118,2026-04-01T13:39:00.000Z,118.18,EUR,mobile,ext-000117
customer-0147,2026-04-01T17:02:00.000Z,147.47,GBP,email,
customer-0176,2026-04-01T20:25:00.000Z,176.76,UAH,pos,
customer-0205,2026-04-01T23:48:00.000Z,205.06,USD,web,ext-000204
customer-0234,2026-04-02T03:11:00.000Z,234.35,EUR,mobile,
customer-0263,2026-04-02T06:34:00.000Z,263.64,GBP,email,
customer-0292,2026-04-02T09:57:00.000Z,292.93,UAH,pos,ext-000291
customer-0321,2026-04-02T13:20:00.000Z,321.23,USD,web,
customer-0350,2026-04-02T16:43:00.000Z,350.52,EUR,mobile,
customer-0379,2026-04-02T20:06:00.000Z,379.81,GBP,email,ext-000378
customer-0408,2026-04-02T23:29:00.000Z,408.11,UAH,pos,
customer-0437,2026-04-03T02:52:00.000Z,437.40,USD,web,
customer-0466,2026-04-03T06:15:00.000Z,466.69,EUR,mobile,ext-000465
customer-0495,2026-04-03T09:38:00.000Z,495.98,GBP,email,
customer-0524,2026-04-03T13:01:00.000Z,24.28,UAH,pos,
customer-0553,2026-04-03T16:24:00.000Z,53.57,USD,web,ext-000552
customer-0582,2026-04-03T19:47:00.000Z,82.86,EUR,mobile,
customer-0611,2026-04-03T23:10:00.000Z,111.16,GBP,email,
customer-0640,2026-04-04T02:33:00.000Z,140.45,UAH,pos,ext-000639
customer-0669,2026-04-04T05:56:00.000Z,169.74,USD,web,
customer-0698,2026-04-04T09:19:00.000Z,198.04,EUR,mobile,
customer-0727,2026-04-04T12:42:00.000Z,227.33,GBP,email,ext-000726
customer-0756,2026-04-04T16:05:00.000Z,256.62,UAH,pos,
customer-0785,2026-04-04T19:28:00.000Z,285.91,USD,web,
customer-0814,2026-04-04T22:51:00.000Z,314.21,EUR,mobile,ext-000813
customer-0843,2026-04-05T02:14:00.000Z,343.50,GBP,email,
customer-0872,2026-04-05T05:37:00.000Z,372.79,UAH,pos,
customer-0901,2026-04-05T09:00:00.000Z,401.09,USD,web,ext-000900
customer-0930,2026-04-05T12:23:00.000Z,430.38,EUR,mobile,
customer-0959,2026-04-05T15:46:00.000Z,459.67,GBP,email,
customer-0988,2026-04-05T19:09:00.000Z,488.96,UAH,pos,ext-000987
customer-1017,2026-04-05T22:32:00.000Z,17.26,USD,web,
customer-1046,2026-04-06T01:55:00.000Z,46.55,EUR,mobile,
customer-1075,2026-04-06T05:18:00.000Z,75.84,GBP,email,ext-001074
customer-1104,2026-04-06T08:41:00.000Z,104.14,UAH,pos,
customer-1133,2026-04-06T12:04:00.000Z,133.43,USD,web,
customer-1162,2026-04-06T15:27:00.000Z,162.72,EUR,mobile,ext-001161
customer-1191,2026-04-06T18:50:00.000Z,191.02,GBP,email,
customer-0020,2026-04-06T22:13:00.000Z,220.31,UAH,pos,
customer-0049,2026-04-07T01:36:00.000Z,249.60,USD,web,ext-001248
customer-0078,2026-04-07T04:59:00.000Z,278.89,EUR,mobile,
customer-0107,2026-04-07T08:22:00.000Z,307.19,GBP,email,
customer-0136,2026-04-07T11:45:00.000Z,336.48,UAH,pos,ext-001335
customer-0165,2026-04-07T15:08:00.000Z,365.77,USD,web,
customer-0194,2026-04-07T18:31:00.000Z,394.07,EUR,mobile,
customer-0223,2026-04-07T21:54:00.000Z,423.36,GBP,email,ext-001422
customer-0252,2026-04-08T01:17:00.000Z,452.65,UAH,pos,
customer-0281,2026-04-08T04:40:00.000Z,481.94,USD,web,
customer-0310,2026-04-08T08:03:00.000Z,10.24,EUR,mobile,ext-001509
customer-0339,2026-04-08T11:26:00.000Z,39.53,GBP,email,
customer-0368,2026-04-08T14:49:00.000Z,68.82,UAH,pos,
customer-0397,2026-04-08T18:12:00.000Z,97.12,USD,web,ext-001596
customer-0426,2026-04-08T21:35:00.000Z,126.41,EUR,mobile,
customer-0455,2026-04-09T00:58:00.000Z,155.70,GBP,email,
customer-0484,2026-04-09T04:21:00.000Z,184.00,UAH,pos,ext-001683
customer-0513,2026-04-09T07:44:00.000Z,213.29,USD,web,
customer-0542,2026-04-09T11:07:00.000Z,242.58,EUR,mobile,
customer-0571,2026-04-09T14:30:00.000Z,271.87,GBP,email,ext-001770
customer-0600,2026-04-09T17:53:00.000Z,300.17,UAH,pos,
customer-0629,2026-04-09T21:16:00.000Z,329.46,USD,web,
customer-0658,2026-04-10T00:39:00.000Z,358.75,EUR,mobile,ext-001857
customer-0687,2026-04-10T04:02:00.000Z,387.05,GBP,email,
customer-0716,2026-04-10T07:25:00.000Z,416.34,UAH,pos,
customer-0745,2026-04-10T10:48:00.000Z,445.63,USD,web,ext-001944
customer-0774,2026-04-10T14:11:00.000Z,474.92,EUR,mobile,
customer-0803,2026-04-10T17:34:00.000Z,3.22,GBP,email,
customer-0832,2026-04-10T20:57:00.000Z,32.51,UAH,pos,ext-002031
customer-0861,2026-04-11T00:20:00.000Z,61.80,USD,web,
customer-0890,2026-04-11T03:43:00.000Z,90.10,EUR,mobile,
customer-0919,2026-04-11T07:06:00.000Z,119.39,GBP,email,ext-002118
customer-0948,2026-04-11T10:29:00.000Z,148.68,UAH,pos,
customer-0977,2026-04-11T13:52:00.000Z,177.97,USD,web,
customer-1006,2026-04-11T17:15:00.000Z,206.27,EUR,mobile,ext-002205
customer-1035,2026-04-11T20:38:00.000Z,235.56,GBP,email,
customer-1064,2026-04-12T00:01:00.000Z,264.85,UAH,pos,
customer-1093,2026-04-12T03:24:00.000Z,293.15,USD,web,ext-002292
customer-1122,2026-04-12T06:47:00.000Z,322.44,EUR,mobile,
customer-1151,2026-04-12T10:10:00.000Z,351.73,GBP,email,
customer-1180,2026-04-12T13:33:00.000Z,380.03,UAH,pos,ext-002379
customer-0009,2026-04-12T16:56:00.000Z,409.32,USD,web,
customer-0038,2026-04-12T20:19:00.000Z,438.61,EUR,mobile,
customer-0067,2026-04-12T23:42:00.000Z,467.90,GBP,email,ext-002466
customer-0096,2026-04-13T03:05:00.000Z,496.20,UAH,pos,
customer-0125,2026-04-13T06:28:00.000Z,25.49,USD,web,
customer-0154,2026-04-13T09:51:00.000Z,54.78,EUR,mobile,ext-002553
customer-0183,2026-04-13T13:14:00.000Z,83.08,GBP,email,
customer-0212,2026-04-13T16:37:00.000Z,112.37,UAH,pos,
customer-0241,2026-04-13T20:00:00.000Z,141.66,USD,web,ext-002640
customer-0270,2026-04-13T23:23:00.000Z,170.95,EUR,mobile,
customer-0299,2026-04-14T02:46:00.000Z,199.25,GBP,email,
customer-0328,2026-04-14T06:09:00.000Z,228.54,UAH,pos,ext-002727
customer-0357,2026-04-14T09:32:00.000Z,257.83,USD,web,
customer-0386,2026-04-14T12:55:00.000Z,286.13,EUR,mobile,
customer-0415,2026-04-14T16:18:00.000Z,315.42,GBP,email,ext-002814
customer-0444,2026-04-14T19:41:00.000Z,344.71,UAH,pos,
customer-0473,2026-04-14T23:04:00.000Z,373.01,USD,web,
customer-0502,2026-04-15T02:27:00.000Z,402.30,EUR,mobile,ext-002901
customer-0531,2026-04-15T05:50:00.000Z,431.59,GBP,email,
customer-0560,2026-04-15T09:13:00.000Z,460.88,UAH,pos,
customer-0589,2026-04-15T12:36:00.000Z,489.18,USD,web,ext-002988
customer-0618,2026-04-15T15:59:00.000Z,18.47,EUR,mobile,
customer-0647,2026-04-15T19:22:00.000Z,47.76,GBP,email,
customer-0676,2026-04-15T22:45:00.000Z,76.06,UAH,pos,ext-003075
customer-0705,2026-04-16T02:08:00.000Z,105.35,USD,web,
customer-0734,2026-04-16T05:31:00.000Z,134.64,EUR,mobile,
customer-0763,2026-04-16T08:54:00.000Z,163.93,GBP,email,ext-003162
customer-0792,2026-04-16T12:17:00.000Z,192.23,UAH,pos,
customer-0821,2026-04-16T15:40:00.000Z,221.52,USD,web,
customer-0850,2026-04-16T19:03:00.000Z,250.81,EUR,mobile,ext-003249
customer-0879,2026-04-16T22:26:00.000Z,279.11,GBP,email,
customer-0908,2026-04-17T01:49:00.000Z,308.40,UAH,pos,
customer-0937,2026-04-17T05:12:00.000Z,337.69,USD,web,ext-003336
customer-0966,2026-04-17T08:35:00.000Z,366.98,EUR,mobile,
customer-0995,2026-04-17T11:58:00.000Z,395.28,GBP,email,
customer-1024,2026-04-17T15:21:00.000Z,424.57,UAH,pos,ext-003423
customer-1053,2026-04-17T18:44:00.000Z,453.86,USD,web,
customer-1082,2026-04-17T22:07:00.000Z,482.16,EUR,mobile,
customer-1111,2026-04-18T01:30:00.000Z,11.45,GBP,email,ext-003510
customer-1140,2026-04-18T04:53:00.000Z,40.74,UAH,pos,
customer-1169,2026-04-18T08:16:00.000Z,69.04,USD,web,
customer-1198,2026-04-18T11:39:00.000Z,98.33,EUR,mobile,ext-003597
customer-0027,2026-04-18T15:02:00.000Z,127.62,GBP,email,
customer-0056,2026-04-18T18:25:00.000Z,156.91,UAH,pos,
customer-0085,2026-04-18T21:48:00.000Z,185.21,USD,web,ext-003684
customer-0114,2026-04-19T01:11:00.000Z,214.50,EUR,mobile,
customer-0143,2026-04-19T04:34:00.000Z,243.79,GBP,email,
customer-0172,2026-04-19T07:57:00.000Z,272.09,UAH,pos,ext-003771
customer-0201,2026-04-19T11:20:00.000Z,301.38,USD,web,
customer-0230,2026-04-19T14:43:00.000Z,330.67,EUR,mobile,
customer-0259,2026-04-19T18:06:00.000Z,359.96,GBP,email,ext-003858
customer-0288,2026-04-19T21:29:00.000Z,388.26,UAH,pos,
customer-0317,2026-04-20T00:52:00.000Z,417.55,USD,web,
customer-0346,2026-04-20T04:15:00.000Z,446.84,EUR,mobile,ext-003945
customer-0375,2026-04-20T07:38:00.000Z,475.14,GBP,email,
customer-0404,2026-04-20T11:01:00.000Z,4.43,UAH,pos,
customer-0433,2026-04-20T14:24:00.000Z,33.72,USD,web,ext-004032
customer-0462,2026-04-20T17:47:00.000Z,62.02,EUR,mobile,
customer-0491,2026-04-20T21:10:00.000Z,91.31,GBP,email,
customer-0520,2026-04-21T00:33:00.000Z,120.60,UAH,pos,ext-004119
customer-0549,2026-04-21T03:56:00.000Z,149.89,USD,web,
customer-0578,2026-04-21T07:19:00.000Z,178.19,EUR,mobile,
customer-0607,2026-04-21T10:42:00.000Z,207.48,GBP,email,ext-004206
customer-0636,2026-04-21T14:05:00.000Z,236.77,UAH,pos,
customer-0665,2026-04-21T17:28:00.000Z,265.07,USD,web,
customer-0694,2026-04-21T20:51:00.000Z,294.36,EUR,mobile,ext-004293
customer-0723,2026-04-22T00:14:00.000Z,323.65,GBP,email,
customer-0752,2026-04-22T03:37:00.000Z,352.94,UAH,pos,
customer-0781,2026-04-22T07:00:00.000Z,381.24,USD,web,ext-004380
customer-0810,2026-04-22T10:23:00.000Z,410.53,EUR,mobile,
customer-0839,2026-04-22T13:46:00.000Z,439.82,GBP,email,
customer-0868,2026-04-22T17:09:00.000Z,468.12,UAH,pos,ext-004467
customer-0897,2026-04-22T20:32:00.000Z,497.41,USD,web,
customer-0926,2026-04-22T23:55:00.000Z,26.70,EUR,mobile,
customer-0955,2026-04-23T03:18:00.000Z,55.00,GBP,email,ext-004554
customer-0984,2026-04-23T06:41:00.000Z,84.29,UAH,pos,
customer-1013,2026-04-23T10:04:00.000Z,113.58,USD,web,
customer-1042,2026-04-23T13:27:00.000Z,142.87,EUR,mobile,ext-004641
customer-1071,2026-04-23T16:50:00.000Z,171.17,GBP,email,
customer-1100,2026-04-23T20:13:00.000Z,200.46,UAH,pos,
customer-1129,2026-04-23T23:36:00.000Z,229.75,USD,web,ext-004728
customer-1158,2026-04-24T02:59:00.000Z,258.05,EUR,mobile,
customer-1187,2026-04-24T06:22:00.000Z,287.34,GBP,email,
customer-0016,2026-04-24T09:45:00.000Z,316.63,UAH,pos,ext-004815
customer-0045,2026-04-24T13:08:00.000Z,345.92,USD,web,
customer-0074,2026-04-24T16:31:00.000Z,374.22,EUR,mobile,
customer-0103,2026-04-24T19:54:00.000Z,403.51,GBP,email,ext-004902
customer-0132,2026-04-24T23:17:00.000Z,432.80,UAH,pos,
customer-0161,2026-04-25T02:40:00.000Z,461.10,USD,web,
customer-0190,2026-04-25T06:03:00.000Z,490.39,EUR,mobile,ext-004989
customer-0219,2026-04-25T09:26:00.000Z,19.68,GBP,email,
customer-0248,2026-04-25T12:49:00.000Z,48.97,UAH,pos,
customer-0277,2026-04-25T16:12:00.000Z,77.27,USD,web,ext-005076
customer-0306,2026-04-25T19:35:00.000Z,106.56,EUR,mobile,
customer-0335,2026-04-25T22:58:00.000Z,135.85,GBP,email,
customer-0364,2026-04-26T02:21:00.000Z,164.15,UAH,pos,ext-005163
customer-0393,2026-04-26T05:44:00.000Z,193.44,USD,web,
customer-0422,2026-04-26T09:07:00.000Z,222.73,EUR,mobile,
customer-0451,2026-04-26T12:30:00.000Z,251.03,GBP,email,ext-005250
customer-0480,2026-04-26T15:53:00.000Z,280.32,UAH,pos,
customer-0509,2026-04-26T19:16:00.000Z,309.61,USD,web,
customer-0538,2026-04-26T22:39:00.000Z,338.90,EUR,mobile,ext-005337
customer-0567,2026-04-27T02:02:00.000Z,367.20,GBP,email,
customer-0596,2026-04-27T05:25:00.000Z,396.49,UAH,pos,
customer-0625,2026-04-27T08:48:00.000Z,425.78,USD,web,ext-005424
customer-0654,2026-04-27T12:11:00.000Z,454.08,EUR,mobile,
customer-0683,2026-04-27T15:34:00.000Z,483.37,GBP,email,
customer-0712,2026-04-27T18:57:00.000Z,12.66,UAH,pos,ext-005511
customer-0741,2026-04-27T22:20:00.000Z,41.95,USD,web,
customer-0770,2026-04-28T01:43:00.000Z,70.25,EUR,mobile,
customer-0799,2026-04-28T05:06:00.000Z,99.54,GBP,email,ext-005598
customer-0828,2026-04-28T08:29:00.000Z,128.83,UAH,pos,
customer-0857,2026-04-28T11:52:00.000Z,157.13,USD,web,
customer-0886,2026-04-28T15:15:00.000Z,186.42,EUR,mobile,ext-005685
customer-0915,2026-04-28T18:38:00.000Z,215.71,GBP,email,
customer-0944,2026-04-28T22:01:00.000Z,244.01,UAH,pos,
customer-0973,2026-04-29T01:24:00.000Z,273.30,USD,web,ext-005772
customer-1002,2026-04-29T04:47:00.000Z,302.59,EUR,mobile,
customer-1031,2026-04-29T08:10:00.000Z,331.88,GBP,email,
customer-1060,2026-04-29T11:33:00.000Z,360.18,UAH,pos,ext-005859
customer-1089,2026-04-29T14:56:00.000Z,389.47,USD,web,
customer-1118,2026-04-29T18:19:00.000Z,418.76,EUR,mobile,
customer-1147,2026-04-29T21:42:00.000Z,447.06,GBP,email,ext-005946
customer-1176,2026-04-30T01:05:00.000Z,476.35,UAH,pos,
customer-0005,2026-04-30T04:28:00.000Z,5.64,USD,web,
customer-0034,2026-04-30T07:51:00.000Z,34.93,EUR,mobile,ext-006033
customer-0063,2026-04-30T11:14:00.000Z,63.23,GBP,email,
customer-0092,2026-04-30T14:37:00.000Z,92.52,UAH,pos,
customer-0121,2026-04-30T18:00:00.000Z,121.81,USD,web,ext-006120
customer-0150,2026-04-30T21:23:00.000Z,150.11,EUR,mobile,
customer-0179,2026-05-01T00:46:00.000Z,179.40,GBP,email,
customer-0208,2026-05-01T04:09:00.000Z,208.69,UAH,pos,ext-006207
customer-0237,2026-05-01T07:32:00.000Z,237.98,USD,web,
customer-0266,2026-05-01T10:55:00.000Z,266.28,EUR,mobile,
customer-0295,2026-05-01T14:18:00.000Z,295.57,GBP,email,ext-006294
customer-0324,2026-05-01T17:41:00.000Z,324.86,UAH,pos,
customer-0353,2026-05-01T21:04:00.000Z,353.16,USD,web,
customer-0382,2026-05-02T00:27:00.000Z,382.45,EUR,mobile,ext-006381
customer-0411,2026-05-02T03:50:00.000Z,411.74,GBP,email,
customer-0440,2026-05-02T07:13:00.000Z,440.04,UAH,pos,
customer-0469,2026-05-02T10:36:00.000Z,469.33,USD,web,ext-006468
customer-0498,2026-05-02T13:59:00.000Z,498.62,EUR,mobile,
customer-0527,2026-05-02T17:22:00.000Z,27.91,GBP,email,
customer-0556,2026-05-02T20:45:00.000Z,56.21,UAH,pos,ext-006555
customer-0585,2026-05-03T00:08:00.000Z,85.50,USD,web,
customer-0614,2026-05-03T03:31:00.000Z,114.79,EUR,mobile,
customer-0643,2026-05-03T06:54:00.000Z,143.09,GBP,email,ext-006642
customer-0672,2026-05-03T10:17:00.000Z,172.38,UAH,pos,
customer-0701,2026-05-03T13:40:00.000Z,201.67,USD,web,
customer-0730,2026-05-03T17:03:00.000Z,230.96,EUR,mobile,ext-006729
customer-0759,2026-05-03T20:26:00.000Z,259.26,GBP,email,
customer-0788,2026-05-03T23:49:00.000Z,288.55,UAH,pos,
customer-0817,2026-05-04T03:12:00.000Z,317.84,USD,web,ext-006816
customer-0846,2026-05-04T06:35:00.000Z,346.14,EUR,mobile,
customer-0875,2026-05-04T09:58:00.000Z,375.43,GBP,email,
customer-0904,2026-05-04T13:21:00.000Z,404.72,UAH,pos,ext-006903
customer-0933,2026-05-04T16:44:00.000Z,433.02,USD,web,
customer-0962,2026-05-04T20:07:00.000Z,462.31,EUR,mobile,
customer-0991,2026-05-04T23:30:00.000Z,491.60,GBP,email,ext-006990
customer-1020,2026-05-05T02:53:00.000Z,20.89,UAH,pos,
customer-1049,2026-05-05T06:16:00.000Z,49.19,USD,web,
customer-1078,2026-05-05T09:39:00.000Z,78.48,EUR,mobile,ext-007077
customer-1107,2026-05-05T13:02:00.000Z,107.77,GBP,email,
customer-1136,2026-05-05T16:25:00.000Z,136.07,UAH,pos,
customer-1165,2026-05-05T19:48:00.000Z,165.36,USD,web,ext-007164
customer-1194,2026-05-05T23:11:00.000Z,194.65,EUR,mobile,
customer-0023,2026-05-06T02:34:00.000Z,223.94,GBP,email,
customer-0052,2026-05-06T05:57:00.000Z,252.24,UAH,pos,ext-007251
customer-0081,2026-05-06T09:20:00.000Z,281.53,USD,web,
customer-0110,2026-05-06T12:43:00.000Z,310.82,EUR,mobile,
customer-0139,2026-05-06T16:06:00.000Z,339.12,GBP,email,ext-007338
customer-0168,2026-05-06T19:29:00.000Z,368.41,UAH,pos,
customer-0197,2026-05-06T22:52:00.000Z,397.70,USD,web,
customer-0226,2026-05-07T02:15:00.000Z,426.00,EUR,mobile,ext-007425
customer-0255,2026-05-07T05:38:00.000Z,455.29,GBP,email,
customer-0284,2026-05-07T09:01:00.000Z,484.58,UAH,pos,
customer-0313,2026-05-07T12:24:00.000Z,13.87,USD,web,ext-007512
customer-0342,2026-05-07T15:47:00.000Z,42.17,EUR,mobile,
customer-0371,2026-05-07T19:10:00.000Z,71.46,GBP,email,
customer-0400,2026-05-07T22:33:00.000Z,100.75,UAH,pos,ext-007599
customer-0429,2026-05-08T01:56:00.000Z,129.05,USD,web,
customer-0458,2026-05-08T05:19:00.000Z,158.34,EUR,mobile,
customer-0487,2026-05-08T08:42:00.000Z,187.63,GBP,email,ext-007686
customer-0516,2026-05-08T12:05:00.000Z,216.92,UAH,pos,
customer-0545,2026-05-08T15:28:00.000Z,245.22,USD,web,
customer-0574,2026-05-08T18:51:00.000Z,274.51,EUR,mobile,ext-007773
customer-0603,2026-05-08T22:14:00.000Z,303.80,GBP,email,
customer-0632,2026-05-09T01:37:00.000Z,332.10,UAH,pos,
customer-0661,2026-05-09T05:00:00.000Z,361.39,USD,web,ext-007860
customer-0690,2026-05-09T08:23:00.000Z,390.68,EUR,mobile,
customer-0719,2026-05-09T11:46:00.000Z,419.97,GBP,email,
customer-0748,2026-05-09T15:09:00.000Z,448.27,UAH,pos,ext-007947
customer-0777,2026-05-09T18:32:00.000Z,477.56,USD,web,
customer-0806,2026-05-09T21:55:00.000Z,6.85,EUR,mobile,
customer-0835,2026-05-10T01:18:00.000Z,35.15,GBP,email,ext-008034
customer-0864,2026-05-10T04:41:00.000Z,64.44,UAH,pos,
customer-0893,2026-05-10T08:04:00.000Z,93.73,USD,web,
customer-0922,2026-05-10T11:27:00.000Z,122.03,EUR,mobile,ext-008121
customer-0951,2026-05-10T14:50:00.000Z,151.32,GBP,email,
customer-0980,2026-05-10T18:13:00.000Z,180.61,UAH,pos,
customer-1009,2026-05-10T21:36:00.000Z,209.90,USD,web,ext-008208
customer-1038,2026-05-11T00:59:00.000Z,238.20,EUR,mobile,
customer-1067,2026-05-11T04:22:00.000Z,267.49,GBP,email,
customer-1096,2026-05-11T07:45:00.000Z,296.78,UAH,pos,ext-008295
customer-1125,2026-05-11T11:08:00.000Z,325.08,USD,web,
customer-1154,2026-05-11T14:31:00.000Z,354.37,EUR,mobile,
customer-1183,2026-05-11T17:54:00.000Z,383.66,GBP,email,ext-008382
customer-0012,2026-05-11T21:17:00.000Z,412.95,UAH,pos,
customer-0041,2026-05-12T00:40:00.000Z,441.25,USD,web,
customer-0070,2026-05-12T04:03:00.000Z,470.54,EUR,mobile,ext-008469
customer-0099,2026-05-12T07:26:00.000Z,499.83,GBP,email,
customer-0128,2026-05-12T10:49:00.000Z,28.13,UAH,pos,
customer-0157,2026-05-12T14:12:00.000Z,57.42,USD,web,ext-008556
customer-0186,2026-05-12T17:35:00.000Z,86.71,EUR,mobile,
customer-0215,2026-05-12T20:58:00.000Z,115.01,GBP,email,
customer-0244,2026-05-13T00:21:00.000Z,144.30,UAH,pos,ext-008643
customer-0273,2026-05-13T03:44:00.000Z,173.59,USD,web,
customer-1102,not-a-date,2.96,EUR,mobile,ext-009501
customer-1103,2026-05-17T04:34:00.000Z,-12.50,GBP,email,
customer-1104,2026-05-17T04:41:00.000Z,4.98,US1,pos,
customer-1105,2026-05-17T04:48:00.000Z,5.00,USD,,ext-009504
customer-1106,2027-01-01T00:00:00Z,6.01,EUR,mobile,
,2026-05-17T05:02:00.000Z,7.02,GBP,email,
customer-1108,not-a-date,8.03,UAH,pos,ext-009507
customer-1109,2026-05-17T05:16:00.000Z,-12.50,USD,web,
customer-1110,2026-05-17T05:23:00.000Z,10.05,US1,mobile,
customer-1111,2026-05-17T05:30:00.000Z,11.06,GBP,,ext-009510
customer-1112,2027-01-01T00:00:00Z,12.07,UAH,pos,
,2026-05-17T05:44:00.000Z,13.08,USD,web,
customer-1114,not-a-date,14.09,EUR,mobile,ext-009513
customer-1115,2026-05-17T05:58:00.000Z,-12.50,GBP,email,
customer-1116,2026-05-17T06:05:00.000Z,16.11,US1,pos,
customer-1117,2026-05-17T06:12:00.000Z,17.12,USD,,ext-009516
customer-1118,2027-01-01T00:00:00Z,18.13,EUR,mobile,
,2026-05-17T06:26:00.000Z,19.14,GBP,email,
customer-1120,not-a-date,20.15,UAH,pos,ext-009519
customer-1121,2026-05-17T06:40:00.000Z,-12.50,USD,web,
customer-1122,2026-05-17T06:47:00.000Z,22.17,US1,mobile,
customer-1123,2026-05-17T06:54:00.000Z,23.18,GBP,,ext-009522
customer-1124,2027-01-01T00:00:00Z,24.19,UAH,pos,
,2026-05-17T07:08:00.000Z,25.20,USD,web,
customer-1126,not-a-date,26.21,EUR,mobile,ext-009525
customer-1127,2026-05-17T07:22:00.000Z,-12.50,GBP,email,
customer-1128,2026-05-17T07:29:00.000Z,28.23,US1,pos,
customer-1129,2026-05-17T07:36:00.000Z,29.24,USD,,ext-009528
customer-1130,2027-01-01T00:00:00Z,30.25,EUR,mobile,
,2026-05-17T07:50:00.000Z,31.26,GBP,email,
customer-1132,not-a-date,32.27,UAH,pos,ext-009531
customer-1133,2026-05-17T08:04:00.000Z,-12.50,USD,web,
customer-1134,2026-05-17T08:11:00.000Z,34.29,US1,mobile,
customer-1135,2026-05-17T08:18:00.000Z,35.30,GBP,,ext-009534
customer-1136,2027-01-01T00:00:00Z,36.31,UAH,pos,
,2026-05-17T08:32:00.000Z,37.32,USD,web,
customer-1138,not-a-date,38.33,EUR,mobile,ext-009537
customer-1139,2026-05-17T08:46:00.000Z,-12.50,GBP,email,
customer-1140,2026-05-17T08:53:00.000Z,40.35,US1,pos,
customer-1141,2026-05-17T09:00:00.000Z,41.36,USD,,ext-009540
customer-1142,2027-01-01T00:00:00Z,42.37,EUR,mobile,
,2026-05-17T09:14:00.000Z,43.38,GBP,email,
customer-1144,not-a-date,44.39,UAH,pos,ext-009543
customer-1145,2026-05-17T09:28:00.000Z,-12.50,USD,web,
customer-1146,2026-05-17T09:35:00.000Z,46.41,US1,mobile,
customer-1147,2026-05-17T09:42:00.000Z,47.42,GBP,,ext-009546
customer-1148,2027-01-01T00:00:00Z,48.43,UAH,pos,
,2026-05-17T09:56:00.000Z,49.44,USD,web,
customer-1150,not-a-date,50.45,EUR,mobile,ext-009549
customer-1151,2026-05-17T10:10:00.000Z,-12.50,GBP,email,
customer-1152,2026-05-17T10:17:00.000Z,52.47,US1,pos,
customer-1153,2026-05-17T10:24:00.000Z,53.48,USD,,ext-009552
customer-1154,2027-01-01T00:00:00Z,54.49,EUR,mobile,
,2026-05-17T10:38:00.000Z,55.50,GBP,email,
customer-1156,not-a-date,56.51,UAH,pos,ext-009555
customer-1157,2026-05-17T10:52:00.000Z,-12.50,USD,web,
customer-1158,2026-05-17T10:59:00.000Z,58.53,US1,mobile,
customer-1159,2026-05-17T11:06:00.000Z,59.54,GBP,,ext-009558
customer-1160,2027-01-01T00:00:00Z,60.55,UAH,pos,
,2026-05-17T11:20:00.000Z,61.56,USD,web,
customer-1162,not-a-date,62.57,EUR,mobile,ext-009561
customer-1163,2026-05-17T11:34:00.000Z,-12.50,GBP,email,
customer-1164,2026-05-17T11:41:00.000Z,64.59,US1,pos,
customer-1165,2026-05-17T11:48:00.000Z,65.60,USD,,ext-009564
customer-1166,2027-01-01T00:00:00Z,66.61,EUR,mobile,
,2026-05-17T12:02:00.000Z,67.62,GBP,email,
customer-1168,not-a-date,68.63,UAH,pos,ext-009567
customer-1169,2026-05-17T12:16:00.000Z,-12.50,USD,web,
customer-1170,2026-05-17T12:23:00.000Z,70.65,US1,mobile,
customer-1171,2026-05-17T12:30:00.000Z,71.66,GBP,,ext-009570
customer-1172,2027-01-01T00:00:00Z,72.67,UAH,pos,
,2026-05-17T12:44:00.000Z,73.68,USD,web,
customer-1174,not-a-date,74.69,EUR,mobile,ext-009573
customer-1175,2026-05-17T12:58:00.000Z,-12.50,GBP,email,
customer-1176,2026-05-17T13:05:00.000Z,76.71,US1,pos,
customer-1177,2026-05-17T13:12:00.000Z,77.72,USD,,ext-009576
customer-1178,2027-01-01T00:00:00Z,78.73,EUR,mobile,
,2026-05-17T13:26:00.000Z,79.74,GBP,email,
customer-1180,not-a-date,80.75,UAH,pos,ext-009579
customer-1181,2026-05-17T13:40:00.000Z,-12.50,USD,web,
customer-1182,2026-05-17T13:47:00.000Z,82.77,US1,mobile,
customer-1183,2026-05-17T13:54:00.000Z,83.78,GBP,,ext-009582
customer-1184,2027-01-01T00:00:00Z,84.79,UAH,pos,
,2026-05-17T14:08:00.000Z,85.80,USD,web,
customer-1186,not-a-date,86.81,EUR,mobile,ext-009585
customer-1187,2026-05-17T14:22:00.000Z,-12.50,GBP,email,
customer-1188,2026-05-17T14:29:00.000Z,88.83,US1,pos,
customer-1189,2026-05-17T14:36:00.000Z,89.84,USD,,ext-009588
customer-1190,2027-01-01T00:00:00Z,90.85,EUR,mobile,
,2026-05-17T14:50:00.000Z,91.86,GBP,email,
customer-1192,not-a-date,92.87,UAH,pos,ext-009591
customer-1193,2026-05-17T15:04:00.000Z,-12.50,USD,web,
customer-1194,2026-05-17T15:11:00.000Z,94.89,US1,mobile,
customer-1195,2026-05-17T15:18:00.000Z,95.90,GBP,,ext-009594
customer-1196,2027-01-01T00:00:00Z,96.91,UAH,pos,
,2026-05-17T15:32:00.000Z,97.92,USD,web,
customer-1198,not-a-date,98.93,EUR,mobile,ext-009597
customer-1199,2026-05-17T15:46:00.000Z,-12.50,GBP,email,
customer-1200,2026-05-17T15:53:00.000Z,100.95,US1,pos,
customer-0001,2026-05-17T16:00:00.000Z,101.96,USD,,ext-009600
customer-0002,2027-01-01T00:00:00Z,102.97,EUR,mobile,
,2026-05-17T16:14:00.000Z,103.98,GBP,email,
customer-0004,not-a-date,104.00,UAH,pos,ext-009603
customer-0005,2026-05-17T16:28:00.000Z,-12.50,USD,web,
customer-0006,2026-05-17T16:35:00.000Z,106.02,US1,mobile,
customer-0007,2026-05-17T16:42:00.000Z,107.03,GBP,,ext-009606
customer-0008,2027-01-01T00:00:00Z,108.04,UAH,pos,
,2026-05-17T16:56:00.000Z,109.05,USD,web,
customer-0010,not-a-date,110.06,EUR,mobile,ext-009609
customer-0011,2026-05-17T17:10:00.000Z,-12.50,GBP,email,
customer-0012,2026-05-17T17:17:00.000Z,112.08,US1,pos,
customer-0013,2026-05-17T17:24:00.000Z,113.09,USD,,ext-009612
customer-0014,2027-01-01T00:00:00Z,114.10,EUR,mobile,
,2026-05-17T17:38:00.000Z,115.11,GBP,email,
customer-0016,not-a-date,116.12,UAH,pos,ext-009615
customer-0017,2026-05-17T17:52:00.000Z,-12.50,USD,web,
customer-0018,2026-05-17T17:59:00.000Z,118.14,US1,mobile,
customer-0019,2026-05-17T18:06:00.000Z,119.15,GBP,,ext-009618
customer-0020,2027-01-01T00:00:00Z,120.16,UAH,pos,
,2026-05-17T18:20:00.000Z,121.17,USD,web,
customer-0022,not-a-date,122.18,EUR,mobile,ext-009621
customer-0023,2026-05-17T18:34:00.000Z,-12.50,GBP,email,
customer-0024,2026-05-17T18:41:00.000Z,124.20,US1,pos,
customer-0025,2026-05-17T18:48:00.000Z,125.21,USD,,ext-009624
customer-0026,2027-01-01T00:00:00Z,126.22,EUR,mobile,
,2026-05-17T19:02:00.000Z,127.23,GBP,email,
customer-0028,not-a-date,128.24,UAH,pos,ext-009627
customer-0029,2026-05-17T19:16:00.000Z,-12.50,USD,web,
customer-0030,2026-05-17T19:23:00.000Z,130.26,US1,mobile,
customer-0031,2026-05-17T19:30:00.000Z,131.27,GBP,,ext-009630
customer-0032,2027-01-01T00:00:00Z,132.28,UAH,pos,
,2026-05-17T19:44:00.000Z,133.29,USD,web,
customer-0034,not-a-date,134.30,EUR,mobile,ext-009633
customer-0035,2026-05-17T19:58:00.000Z,-12.50,GBP,email,
customer-0036,2026-05-17T20:05:00.000Z,136.32,US1,pos,
customer-0037,2026-05-17T20:12:00.000Z,137.33,USD,,ext-009636
customer-0038,2027-01-01T00:00:00Z,138.34,EUR,mobile,
,2026-05-17T20:26:00.000Z,139.35,GBP,email,
customer-0040,not-a-date,140.36,UAH,pos,ext-009639
customer-0041,2026-05-17T20:40:00.000Z,-12.50,USD,web,
customer-0042,2026-05-17T20:47:00.000Z,142.38,US1,mobile,
customer-0043,2026-05-17T20:54:00.000Z,143.39,GBP,,ext-009642
customer-0044,2027-01-01T00:00:00Z,144.40,UAH,pos,
,2026-05-17T21:08:00.000Z,145.41,USD,web,
customer-0046,not-a-date,146.42,EUR,mobile,ext-009645
customer-0047,2026-05-17T21:22:00.000Z,-12.50,GBP,email,
customer-0048,2026-05-17T21:29:00.000Z,148.44,US1,pos,
customer-0049,2026-05-17T21:36:00.000Z,149.45,USD,,ext-009648
customer-0050,2027-01-01T00:00:00Z,150.46,EUR,mobile,
,2026-05-17T21:50:00.000Z,151.47,GBP,email,
customer-0052,not-a-date,152.48,UAH,pos,ext-009651
customer-0053,2026-05-17T22:04:00.000Z,-12.50,USD,web,
customer-0054,2026-05-17T22:11:00.000Z,154.50,US1,mobile,
customer-0055,2026-05-17T22:18:00.000Z,155.51,GBP,,ext-009654
customer-0056,2027-01-01T00:00:00Z,156.52,UAH,pos,
,2026-05-17T22:32:00.000Z,157.53,USD,web,
customer-0058,not-a-date,158.54,EUR,mobile,ext-009657
customer-0059,2026-05-17T22:46:00.000Z,-12.50,GBP,email,
customer-0060,2026-05-17T22:53:00.000Z,160.56,US1,pos,
customer-0061,2026-05-17T23:00:00.000Z,161.57,USD,,ext-009660
customer-0062,2027-01-01T00:00:00Z,162.58,EUR,mobile,
,2026-05-17T23:14:00.000Z,163.59,GBP,email,
customer-0064,not-a-date,164.60,UAH,pos,ext-009663
customer-0065,2026-05-17T23:28:00.000Z,-12.50,USD,web,
customer-0066,2026-05-17T23:35:00.000Z,166.62,US1,mobile,
customer-0067,2026-05-17T23:42:00.000Z,167.63,GBP,,ext-009666
customer-0068,2027-01-01T00:00:00Z,168.64,UAH,pos,
,2026-05-17T23:56:00.000Z,169.65,USD,web,
customer-0070,not-a-date,170.66,EUR,mobile,ext-009669
customer-0071,2026-05-18T00:10:00.000Z,-12.50,GBP,email,
customer-0072,2026-05-18T00:17:00.000Z,172.68,US1,pos,
customer-0073,2026-05-18T00:24:00.000Z,173.69,USD,,ext-009672
customer-0074,2027-01-01T00:00:00Z,174.70,EUR,mobile,
,2026-05-18T00:38:00.000Z,175.71,GBP,email,
customer-0076,not-a-date,176.72,UAH,pos,ext-009675
customer-0077,2026-05-18T00:52:00.000Z,-12.50,USD,web,
customer-0078,2026-05-18T00:59:00.000Z,178.74,US1,mobile,
customer-0079,2026-05-18T01:06:00.000Z,179.75,GBP,,ext-009678
customer-0080,2027-01-01T00:00:00Z,180.76,UAH,pos,
,2026-05-18T01:20:00.000Z,181.77,USD,web,
customer-0082,not-a-date,182.78,EUR,mobile,ext-009681
customer-0083,2026-05-18T01:34:00.000Z,-12.50,GBP,email,
customer-0084,2026-05-18T01:41:00.000Z,184.80,US1,pos,
customer-0085,2026-05-18T01:48:00.000Z,185.81,USD,,ext-009684
customer-0086,2027-01-01T00:00:00Z,186.82,EUR,mobile,
,2026-05-18T02:02:00.000Z,187.83,GBP,email,
customer-0088,not-a-date,188.84,UAH,pos,ext-009687
customer-0089,2026-05-18T02:16:00.000Z,-12.50,USD,web,
customer-0090,2026-05-18T02:23:00.000Z,190.86,US1,mobile,
customer-0091,2026-05-18T02:30:00.000Z,191.87,GBP,,ext-009690
customer-0092,2027-01-01T00:00:00Z,192.88,UAH,pos,
,2026-05-18T02:44:00.000Z,193.89,USD,web,
customer-0094,not-a-date,194.90,EUR,mobile,ext-009693
customer-0095,2026-05-18T02:58:00.000Z,-12.50,GBP,email,
customer-0096,2026-05-18T03:05:00.000Z,196.92,US1,pos,
customer-0097,2026-05-18T03:12:00.000Z,197.93,USD,,ext-009696
customer-0098,2027-01-01T00:00:00Z,198.94,EUR,mobile,
,2026-05-18T03:26:00.000Z,199.95,GBP,email,
customer-0100,not-a-date,200.96,UAH,pos,ext-009699
customer-0101,2026-05-18T03:40:00.000Z,-12.50,USD,web,
